Country,Latitude,Longitude,UTC_Offset_h,Winter_Jan1_Hour_00_W,Winter_Jan1_Hour_01_W,Winter_Jan1_Hour_02_W,Winter_Jan1_Hour_03_W,Winter_Jan1_Hour_04_W,Winter_Jan1_Hour_05_W,Winter_Jan1_Hour_06_W,Winter_Jan1_Hour_07_W,Winter_Jan1_Hour_08_W,Winter_Jan1_Hour_09_W,Winter_Jan1_Hour_10_W,Winter_Jan1_Hour_11_W,Winter_Jan1_Hour_12_W,Winter_Jan1_Hour_13_W,Winter_Jan1_Hour_14_W,Winter_Jan1_Hour_15_W,Winter_Jan1_Hour_16_W,Winter_Jan1_Hour_17_W,Winter_Jan1_Hour_18_W,Winter_Jan1_Hour_19_W,Winter_Jan1_Hour_20_W,Winter_Jan1_Hour_21_W,Winter_Jan1_Hour_22_W,Winter_Jan1_Hour_23_W,Winter_Jan1_Daily_Wh,Winter_Jan1_Peak_W,Winter_Jan1_Peak_Hour_Local,Spring_Apr1_Hour_00_W,Spring_Apr1_Hour_01_W,Spring_Apr1_Hour_02_W,Spring_Apr1_Hour_03_W,Spring_Apr1_Hour_04_W,Spring_Apr1_Hour_05_W,Spring_Apr1_Hour_06_W,Spring_Apr1_Hour_07_W,Spring_Apr1_Hour_08_W,Spring_Apr1_Hour_09_W,Spring_Apr1_Hour_10_W,Spring_Apr1_Hour_11_W,Spring_Apr1_Hour_12_W,Spring_Apr1_Hour_13_W,Spring_Apr1_Hour_14_W,Spring_Apr1_Hour_15_W,Spring_Apr1_Hour_16_W,Spring_Apr1_Hour_17_W,Spring_Apr1_Hour_18_W,Spring_Apr1_Hour_19_W,Spring_Apr1_Hour_20_W,Spring_Apr1_Hour_21_W,Spring_Apr1_Hour_22_W,Spring_Apr1_Hour_23_W,Spring_Apr1_Daily_Wh,Spring_Apr1_Peak_W,Spring_Apr1_Peak_Hour_Local,Summer_Jul1_Hour_00_W,Summer_Jul1_Hour_01_W,Summer_Jul1_Hour_02_W,Summer_Jul1_Hour_03_W,Summer_Jul1_Hour_04_W,Summer_Jul1_Hour_05_W,Summer_Jul1_Hour_06_W,Summer_Jul1_Hour_07_W,Summer_Jul1_Hour_08_W,Summer_Jul1_Hour_09_W,Summer_Jul1_Hour_10_W,Summer_Jul1_Hour_11_W,Summer_Jul1_Hour_12_W,Summer_Jul1_Hour_13_W,Summer_Jul1_Hour_14_W,Summer_Jul1_Hour_15_W,Summer_Jul1_Hour_16_W,Summer_Jul1_Hour_17_W,Summer_Jul1_Hour_18_W,Summer_Jul1_Hour_19_W,Summer_Jul1_Hour_20_W,Summer_Jul1_Hour_21_W,Summer_Jul1_Hour_22_W,Summer_Jul1_Hour_23_W,Summer_Jul1_Daily_Wh,Summer_Jul1_Peak_W,Summer_Jul1_Peak_Hour_Local,Autumn_Oct1_Hour_00_W,Autumn_Oct1_Hour_01_W,Autumn_Oct1_Hour_02_W,Autumn_Oct1_Hour_03_W,Autumn_Oct1_Hour_04_W,Autumn_Oct1_Hour_05_W,Autumn_Oct1_Hour_06_W,Autumn_Oct1_Hour_07_W,Autumn_Oct1_Hour_08_W,Autumn_Oct1_Hour_09_W,Autumn_Oct1_Hour_10_W,Autumn_Oct1_Hour_11_W,Autumn_Oct1_Hour_12_W,Autumn_Oct1_Hour_13_W,Autumn_Oct1_Hour_14_W,Autumn_Oct1_Hour_15_W,Autumn_Oct1_Hour_16_W,Autumn_Oct1_Hour_17_W,Autumn_Oct1_Hour_18_W,Autumn_Oct1_Hour_19_W,Autumn_Oct1_Hour_20_W,Autumn_Oct1_Hour_21_W,Autumn_Oct1_Hour_22_W,Autumn_Oct1_Hour_23_W,Autumn_Oct1_Daily_Wh,Autumn_Oct1_Peak_W,Autumn_Oct1_Peak_Hour_Local,Jan1_Hour_00_W,Jan1_Hour_01_W,Jan1_Hour_02_W,Jan1_Hour_03_W,Jan1_Hour_04_W,Jan1_Hour_05_W,Jan1_Hour_06_W,Jan1_Hour_07_W,Jan1_Hour_08_W,Jan1_Hour_09_W,Jan1_Hour_10_W,Jan1_Hour_11_W,Jan1_Hour_12_W,Jan1_Hour_13_W,Jan1_Hour_14_W,Jan1_Hour_15_W,Jan1_Hour_16_W,Jan1_Hour_17_W,Jan1_Hour_18_W,Jan1_Hour_19_W,Jan1_Hour_20_W,Jan1_Hour_21_W,Jan1_Hour_22_W,Jan1_Hour_23_W,Jan1_Daily_Wh,Jan1_Peak_W,Jan1_Peak_Hour_Local,Feb1_Hour_00_W,Feb1_Hour_01_W,Feb1_Hour_02_W,Feb1_Hour_03_W,Feb1_Hour_04_W,Feb1_Hour_05_W,Feb1_Hour_06_W,Feb1_Hour_07_W,Feb1_Hour_08_W,Feb1_Hour_09_W,Feb1_Hour_10_W,Feb1_Hour_11_W,Feb1_Hour_12_W,Feb1_Hour_13_W,Feb1_Hour_14_W,Feb1_Hour_15_W,Feb1_Hour_16_W,Feb1_Hour_17_W,Feb1_Hour_18_W,Feb1_Hour_19_W,Feb1_Hour_20_W,Feb1_Hour_21_W,Feb1_Hour_22_W,Feb1_Hour_23_W,Feb1_Daily_Wh,Feb1_Peak_W,Feb1_Peak_Hour_Local,Mar1_Hour_00_W,Mar1_Hour_01_W,Mar1_Hour_02_W,Mar1_Hour_03_W,Mar1_Hour_04_W,Mar1_Hour_05_W,Mar1_Hour_06_W,Mar1_Hour_07_W,Mar1_Hour_08_W,Mar1_Hour_09_W,Mar1_Hour_10_W,Mar1_Hour_11_W,Mar1_Hour_12_W,Mar1_Hour_13_W,Mar1_Hour_14_W,Mar1_Hour_15_W,Mar1_Hour_16_W,Mar1_Hour_17_W,Mar1_Hour_18_W,Mar1_Hour_19_W,Mar1_Hour_20_W,Mar1_Hour_21_W,Mar1_Hour_22_W,Mar1_Hour_23_W,Mar1_Daily_Wh,Mar1_Peak_W,Mar1_Peak_Hour_Local,Apr1_Hour_00_W,Apr1_Hour_01_W,Apr1_Hour_02_W,Apr1_Hour_03_W,Apr1_Hour_04_W,Apr1_Hour_05_W,Apr1_Hour_06_W,Apr1_Hour_07_W,Apr1_Hour_08_W,Apr1_Hour_09_W,Apr1_Hour_10_W,Apr1_Hour_11_W,Apr1_Hour_12_W,Apr1_Hour_13_W,Apr1_Hour_14_W,Apr1_Hour_15_W,Apr1_Hour_16_W,Apr1_Hour_17_W,Apr1_Hour_18_W,Apr1_Hour_19_W,Apr1_Hour_20_W,Apr1_Hour_21_W,Apr1_Hour_22_W,Apr1_Hour_23_W,Apr1_Daily_Wh,Apr1_Peak_W,Apr1_Peak_Hour_Local,May1_Hour_00_W,May1_Hour_01_W,May1_Hour_02_W,May1_Hour_03_W,May1_Hour_04_W,May1_Hour_05_W,May1_Hour_06_W,May1_Hour_07_W,May1_Hour_08_W,May1_Hour_09_W,May1_Hour_10_W,May1_Hour_11_W,May1_Hour_12_W,May1_Hour_13_W,May1_Hour_14_W,May1_Hour_15_W,May1_Hour_16_W,May1_Hour_17_W,May1_Hour_18_W,May1_Hour_19_W,May1_Hour_20_W,May1_Hour_21_W,May1_Hour_22_W,May1_Hour_23_W,May1_Daily_Wh,May1_Peak_W,May1_Peak_Hour_Local,Jun1_Hour_00_W,Jun1_Hour_01_W,Jun1_Hour_02_W,Jun1_Hour_03_W,Jun1_Hour_04_W,Jun1_Hour_05_W,Jun1_Hour_06_W,Jun1_Hour_07_W,Jun1_Hour_08_W,Jun1_Hour_09_W,Jun1_Hour_10_W,Jun1_Hour_11_W,Jun1_Hour_12_W,Jun1_Hour_13_W,Jun1_Hour_14_W,Jun1_Hour_15_W,Jun1_Hour_16_W,Jun1_Hour_17_W,Jun1_Hour_18_W,Jun1_Hour_19_W,Jun1_Hour_20_W,Jun1_Hour_21_W,Jun1_Hour_22_W,Jun1_Hour_23_W,Jun1_Daily_Wh,Jun1_Peak_W,Jun1_Peak_Hour_Local,Jul1_Hour_00_W,Jul1_Hour_01_W,Jul1_Hour_02_W,Jul1_Hour_03_W,Jul1_Hour_04_W,Jul1_Hour_05_W,Jul1_Hour_06_W,Jul1_Hour_07_W,Jul1_Hour_08_W,Jul1_Hour_09_W,Jul1_Hour_10_W,Jul1_Hour_11_W,Jul1_Hour_12_W,Jul1_Hour_13_W,Jul1_Hour_14_W,Jul1_Hour_15_W,Jul1_Hour_16_W,Jul1_Hour_17_W,Jul1_Hour_18_W,Jul1_Hour_19_W,Jul1_Hour_20_W,Jul1_Hour_21_W,Jul1_Hour_22_W,Jul1_Hour_23_W,Jul1_Daily_Wh,Jul1_Peak_W,Jul1_Peak_Hour_Local,Aug1_Hour_00_W,Aug1_Hour_01_W,Aug1_Hour_02_W,Aug1_Hour_03_W,Aug1_Hour_04_W,Aug1_Hour_05_W,Aug1_Hour_06_W,Aug1_Hour_07_W,Aug1_Hour_08_W,Aug1_Hour_09_W,Aug1_Hour_10_W,Aug1_Hour_11_W,Aug1_Hour_12_W,Aug1_Hour_13_W,Aug1_Hour_14_W,Aug1_Hour_15_W,Aug1_Hour_16_W,Aug1_Hour_17_W,Aug1_Hour_18_W,Aug1_Hour_19_W,Aug1_Hour_20_W,Aug1_Hour_21_W,Aug1_Hour_22_W,Aug1_Hour_23_W,Aug1_Daily_Wh,Aug1_Peak_W,Aug1_Peak_Hour_Local,Sep1_Hour_00_W,Sep1_Hour_01_W,Sep1_Hour_02_W,Sep1_Hour_03_W,Sep1_Hour_04_W,Sep1_Hour_05_W,Sep1_Hour_06_W,Sep1_Hour_07_W,Sep1_Hour_08_W,Sep1_Hour_09_W,Sep1_Hour_10_W,Sep1_Hour_11_W,Sep1_Hour_12_W,Sep1_Hour_13_W,Sep1_Hour_14_W,Sep1_Hour_15_W,Sep1_Hour_16_W,Sep1_Hour_17_W,Sep1_Hour_18_W,Sep1_Hour_19_W,Sep1_Hour_20_W,Sep1_Hour_21_W,Sep1_Hour_22_W,Sep1_Hour_23_W,Sep1_Daily_Wh,Sep1_Peak_W,Sep1_Peak_Hour_Local,Oct1_Hour_00_W,Oct1_Hour_01_W,Oct1_Hour_02_W,Oct1_Hour_03_W,Oct1_Hour_04_W,Oct1_Hour_05_W,Oct1_Hour_06_W,Oct1_Hour_07_W,Oct1_Hour_08_W,Oct1_Hour_09_W,Oct1_Hour_10_W,Oct1_Hour_11_W,Oct1_Hour_12_W,Oct1_Hour_13_W,Oct1_Hour_14_W,Oct1_Hour_15_W,Oct1_Hour_16_W,Oct1_Hour_17_W,Oct1_Hour_18_W,Oct1_Hour_19_W,Oct1_Hour_20_W,Oct1_Hour_21_W,Oct1_Hour_22_W,Oct1_Hour_23_W,Oct1_Daily_Wh,Oct1_Peak_W,Oct1_Peak_Hour_Local,Nov1_Hour_00_W,Nov1_Hour_01_W,Nov1_Hour_02_W,Nov1_Hour_03_W,Nov1_Hour_04_W,Nov1_Hour_05_W,Nov1_Hour_06_W,Nov1_Hour_07_W,Nov1_Hour_08_W,Nov1_Hour_09_W,Nov1_Hour_10_W,Nov1_Hour_11_W,Nov1_Hour_12_W,Nov1_Hour_13_W,Nov1_Hour_14_W,Nov1_Hour_15_W,Nov1_Hour_16_W,Nov1_Hour_17_W,Nov1_Hour_18_W,Nov1_Hour_19_W,Nov1_Hour_20_W,Nov1_Hour_21_W,Nov1_Hour_22_W,Nov1_Hour_23_W,Nov1_Daily_Wh,Nov1_Peak_W,Nov1_Peak_Hour_Local,Dec1_Hour_00_W,Dec1_Hour_01_W,Dec1_Hour_02_W,Dec1_Hour_03_W,Dec1_Hour_04_W,Dec1_Hour_05_W,Dec1_Hour_06_W,Dec1_Hour_07_W,Dec1_Hour_08_W,Dec1_Hour_09_W,Dec1_Hour_10_W,Dec1_Hour_11_W,Dec1_Hour_12_W,Dec1_Hour_13_W,Dec1_Hour_14_W,Dec1_Hour_15_W,Dec1_Hour_16_W,Dec1_Hour_17_W,Dec1_Hour_18_W,Dec1_Hour_19_W,Dec1_Hour_20_W,Dec1_Hour_21_W,Dec1_Hour_22_W,Dec1_Hour_23_W,Dec1_Daily_Wh,Dec1_Peak_W,Dec1_Peak_Hour_Local
Afghanistan,33.0,55.0,4,0.0,0.0,0.0,0.0,0.0,0.0,0.0,0.0,594.31,1477.03,2113.2,2536.67,2738.03,2712.44,2461.15,1988.77,1304.44,349.31,0.0,0.0,0.0,0.0,0.0,0.0,18275.4,2738.0,12,0.0,0.0,0.0,0.0,0.0,0.0,0.0,293.03,1017.91,1732.11,2323.76,2737.61,2940.39,2916.6,2668.07,2214.02,1591.76,863.19,170.56,0.0,0.0,0.0,0.0,0.0,21469.0,2940.4,12,0.0,0.0,0.0,0.0,0.0,0.0,81.86,428.48,1025.62,1620.28,2121.64,2476.06,2650.94,2631.17,2418.43,2031.2,1505.86,901.44,321.6,47.84,0.0,0.0,0.0,0.0,20262.4,2650.9,12,0.0,0.0,0.0,0.0,0.0,0.0,0.0,297.32,1058.85,1767.61,2330.33,2701.11,2852.47,2773.5,2469.83,1963.6,1294.09,529.75,0.94,0.0,0.0,0.0,0.0,0.0,20039.4,2852.5,12,0.0,0.0,0.0,0.0,0.0,0.0,0.0,0.0,594.31,1477.03,2113.2,2536.67,2738.03,2712.44,2461.15,1988.77,1304.44,349.31,0.0,0.0,0.0,0.0,0.0,0.0,18275.4,2738.0,12,0.0,0.0,0.0,0.0,0.0,0.0,0.0,0.0,602.73,1463.13,2128.52,2594.84,2841.63,2855.51,2635.7,2194.23,1551.49,716.51,0.0,0.0,0.0,0.0,0.0,0.0,19584.3,2855.5,13,0.0,0.0,0.0,0.0,0.0,0.0,0.0,39.22,811.54,1601.21,2248.71,2709.33,2952.29,2961.34,2735.88,2291.05,1656.67,876.56,77.57,0.0,0.0,0.0,0.0,0.0,20961.4,2961.3,13,0.0,0.0,0.0,0.0,0.0,0.0,0.0,293.03,1017.91,1732.11,2323.76,2737.61,2940.39,2916.6,2668.07,2214.02,1591.76,863.19,170.56,0.0,0.0,0.0,0.0,0.0,21469.0,2940.4,12,0.0,0.0,0.0,0.0,0.0,0.0,41.61,456.85,1122.92,1768.52,2300.06,2664.56,2830.51,2784.35,2529.86,2088.31,1499.74,830.23,212.77,0.08,0.0,0.0,0.0,0.0,21130.4,2830.5,12,0.0,0.0,0.0,0.0,0.0,0.0,89.71,485.43,1105.04,1706.72,2204.81,2548.31,2706.53,2666.12,2430.48,2019.87,1472.56,850.48,266.14,26.46,0.0,0.0,0.0,0.0,20578.7,2706.5,12,0.0,0.0,0.0,0.0,0.0,0.0,81.86,428.48,1025.62,1620.28,2121.64,2476.06,2650.94,2631.17,2418.43,2031.2,1505.86,901.44,321.6,47.84,0.0,0.0,0.0,0.0,20262.4,2650.9,12,0.0,0.0,0.0,0.0,0.0,0.0,33.82,370.43,984.88,1608.24,2137.33,2514.48,2705.0,2692.52,2478.06,2080.06,1535.53,905.81,304.03,14.84,0.0,0.0,0.0,0.0,20365.0,2705.0,12,0.0,0.0,0.0,0.0,0.0,0.0,0.66,342.25,1019.48,1690.19,2246.2,2631.42,2812.82,2775.7,2523.0,2075.33,1472.45,781.82,155.48,0.0,0.0,0.0,0.0,0.0,20526.8,2812.8,12,0.0,0.0,0.0,0.0,0.0,0.0,0.0,297.32,1058.85,1767.61,2330.33,2701.11,2852.47,2773.5,2469.83,1963.6,1294.09,529.75,0.94,0.0,0.0,0.0,0.0,0.0,20039.4,2852.5,12,0.0,0.0,0.0,0.0,0.0,0.0,0.0,115.12,955.08,1697.43,2260.67,2617.55,2748.06,2644.49,2312.96,1772.14,1048.54,197.82,0.0,0.0,0.0,0.0,0.0,0.0,18369.9,2748.1,12,0.0,0.0,0.0,0.0,0.0,0.0,0.0,0.0,772.85,1580.81,2169.77,2545.99,2696.97,2615.92,2306.58,1780.85,1043.16,95.38,0.0,0.0,0.0,0.0,0.0,0.0,17608.3,2697.0,12
Albania,41.0,20.0,1,0.0,0.0,0.0,0.0,0.0,0.0,0.0,0.0,633.79,1435.26,1977.61,2276.64,2331.24,2140.46,1706.69,1023.96,129.06,0.0,0.0,0.0,0.0,0.0,0.0,0.0,13654.7,2331.2,12,0.0,0.0,0.0,0.0,0.0,0.0,90.6,670.27,1364.32,1983.43,2450.23,2720.84,2772.31,2600.48,2219.69,1663.78,991.78,320.52,0.42,0.0,0.0,0.0,0.0,0.0,19848.7,2772.3,12,0.0,0.0,0.0,0.0,0.0,70.98,290.08,810.08,1381.61,1896.57,2289.42,2519.02,2563.42,2418.5,2097.82,1633.22,1077.75,515.91,144.23,3.88,0.0,0.0,0.0,0.0,19712.5,2563.4,12,0.0,0.0,0.0,0.0,0.0,0.0,51.06,690.86,1417.25,2029.37,2465.61,2691.1,2688.9,2459.12,2018.93,1403.39,674.56,42.58,0.0,0.0,0.0,0.0,0.0,0.0,18632.7,2691.1,11,0.0,0.0,0.0,0.0,0.0,0.0,0.0,0.0,633.79,1435.26,1977.61,2276.64,2331.24,2140.46,1706.69,1023.96,129.06,0.0,0.0,0.0,0.0,0.0,0.0,0.0,13654.7,2331.2,12,0.0,0.0,0.0,0.0,0.0,0.0,0.0,9.45,730.29,1496.63,2054.66,2387.84,2483.11,2336.24,1953.78,1350.09,545.7,0.0,0.0,0.0,0.0,0.0,0.0,0.0,15347.8,2483.1,12,0.0,0.0,0.0,0.0,0.0,0.0,0.0,290.34,1059.81,1752.22,2277.25,2594.84,2682.67,2534.71,2161.29,1589.09,864.78,127.0,0.0,0.0,0.0,0.0,0.0,0.0,17934.0,2682.7,12,0.0,0.0,0.0,0.0,0.0,0.0,90.6,670.27,1364.32,1983.43,2450.23,2720.84,2772.31,2600.48,2219.69,1663.78,991.78,320.52,0.42,0.0,0.0,0.0,0.0,0.0,19848.7,2772.3,12,0.0,0.0,0.0,0.0,0.0,15.68,271.21,842.39,1465.81,2016.78,2426.65,2654.16,2678.46,2497.4,2127.51,1605.03,990.94,391.34,51.89,0.0,0.0,0.0,0.0,0.0,20035.2,2678.5,12,0.0,0.0,0.0,0.0,0.0,79.22,329.66,881.02,1467.69,1985.54,2371.95,2587.97,2613.58,2446.47,2102.02,1613.98,1037.84,463.39,120.53,0.28,0.0,0.0,0.0,0.0,20101.2,2613.6,12,0.0,0.0,0.0,0.0,0.0,70.98,290.08,810.08,1381.61,1896.57,2289.42,2519.02,2563.42,2418.5,2097.82,1633.22,1077.75,515.91,144.23,3.88,0.0,0.0,0.0,0.0,19712.5,2563.4,12,0.0,0.0,0.0,0.0,0.0,16.85,226.69,760.31,1365.13,1913.49,2334.12,2583.43,2638.07,2493.04,2161.54,1675.67,1090.0,495.55,101.12,0.0,0.0,0.0,0.0,0.0,19855.0,2638.1,12,0.0,0.0,0.0,0.0,0.0,0.0,169.96,772.99,1446.5,2039.39,2481.2,2730.64,2766.45,2585.6,2203.22,1653.51,995.1,340.09,4.51,0.0,0.0,0.0,0.0,0.0,20189.2,2766.5,12,0.0,0.0,0.0,0.0,0.0,0.0,51.06,690.86,1417.25,2029.37,2465.61,2691.1,2688.9,2459.12,2018.93,1403.39,674.56,42.58,0.0,0.0,0.0,0.0,0.0,0.0,18632.7,2691.1,11,0.0,0.0,0.0,0.0,0.0,0.0,0.0,411.13,1219.98,1862.3,2299.25,2510.21,2484.14,2222.4,1738.31,1053.82,231.0,0.0,0.0,0.0,0.0,0.0,0.0,0.0,16032.5,2510.2,11,0.0,0.0,0.0,0.0,0.0,0.0,0.0,40.43,862.65,1582.36,2060.93,2300.53,2296.84,2049.93,1564.05,836.43,29.09,0.0,0.0,0.0,0.0,0.0,0.0,0.0,13623.3,2300.5,11
Algeria,28.0,3.0,0,0.0,0.0,0.0,0.0,0.0,0.0,0.0,71.33,867.66,1583.33,2105.31,2414.59,2496.93,2348.18,1975.73,1395.87,629.54,0.81,0.0,0.0,0.0,0.0,0.0,0.0,15889.3,2496.9,12,0.0,0.0,0.0,0.0,0.0,0.0,37.47,613.95,1339.58,1989.77,2487.87,2790.05,2872.17,2727.89,2368.49,1823.31,1142.93,422.12,0.88,0.0,0.0,0.0,0.0,0.0,20616.5,2872.2,12,0.0,0.0,0.0,0.0,0.0,0.24,178.05,707.91,1316.78,1870.0,2298.51,2560.35,2632.36,2508.41,2199.1,1732.26,1155.75,549.87,102.69,0.0,0.0,0.0,0.0,0.0,19812.3,2632.4,12,0.0,0.0,0.0,0.0,0.0,0.0,32.17,662.48,1402.25,2034.59,2496.39,2751.04,2779.56,2579.83,2166.6,1571.77,849.31,137.48,0.0,0.0,0.0,0.0,0.0,0.0,19463.5,2779.6,12,0.0,0.0,0.0,0.0,0.0,0.0,0.0,71.33,867.66,1583.33,2105.31,2414.59,2496.93,2348.18,1975.73,1395.87,629.54,0.81,0.0,0.0,0.0,0.0,0.0,0.0,15889.3,2496.9,12,0.0,0.0,0.0,0.0,0.0,0.0,0.0,104.72,907.09,1640.57,2197.53,2547.68,2670.88,2559.8,2221.08,1674.27,949.32,138.65,0.0,0.0,0.0,0.0,0.0,0.0,17611.6,2670.9,12,0.0,0.0,0.0,0.0,0.0,0.0,0.0,328.76,1111.1,1817.42,2363.82,2708.46,2826.8,2710.54,2367.87,1823.26,1118.56,337.05,0.0,0.0,0.0,0.0,0.0,0.0,19513.6,2826.8,12,0.0,0.0,0.0,0.0,0.0,0.0,37.47,613.95,1339.58,1989.77,2487.87,2790.05,2872.17,2727.89,2368.49,1823.31,1142.93,422.12,0.88,0.0,0.0,0.0,0.0,0.0,20616.5,2872.2,12,0.0,0.0,0.0,0.0,0.0,0.0,172.46,762.26,1424.8,2013.46,2458.58,2718.72,2771.84,2613.61,2257.23,1734.09,1097.65,443.72,27.9,0.0,0.0,0.0,0.0,0.0,20496.3,2771.8,12,0.0,0.0,0.0,0.0,0.0,1.32,215.79,770.72,1387.1,1937.79,2356.52,2603.04,2655.81,2510.38,2179.2,1692.28,1100.43,490.4,78.26,0.0,0.0,0.0,0.0,0.0,19979.0,2655.8,12,0.0,0.0,0.0,0.0,0.0,0.24,178.05,707.91,1316.78,1870.0,2298.51,2560.35,2632.36,2508.41,2199.1,1732.26,1155.75,549.87,102.69,0.0,0.0,0.0,0.0,0.0,19812.3,2632.4,12,0.0,0.0,0.0,0.0,0.0,0.0,126.93,660.25,1298.18,1881.8,2336.41,2617.68,2700.99,2579.31,2262.87,1779.64,1178.34,542.79,73.28,0.0,0.0,0.0,0.0,0.0,20038.5,2701.0,12,0.0,0.0,0.0,0.0,0.0,0.0,83.81,665.62,1357.07,1974.52,2444.12,2723.13,2788.48,2634.9,2274.72,1738.47,1078.76,394.66,1.93,0.0,0.0,0.0,0.0,0.0,20160.2,2788.5,12,0.0,0.0,0.0,0.0,0.0,0.0,32.17,662.48,1402.25,2034.59,2496.39,2751.04,2779.56,2579.83,2166.6,1571.77,849.31,137.48,0.0,0.0,0.0,0.0,0.0,0.0,19463.5,2779.6,12,0.0,0.0,0.0,0.0,0.0,0.0,0.0,537.39,1317.32,1956.08,2407.39,2643.3,2649.0,2424.14,1982.8,1352.21,576.54,0.45,0.0,0.0,0.0,0.0,0.0,0.0,17846.6,2649.0,12,0.0,0.0,0.0,0.0,0.0,0.0,0.0,260.01,1074.75,1741.79,2213.48,2469.49,2496.98,2294.49,1872.38,1249.66,455.87,0.0,0.0,0.0,0.0,0.0,0.0,0.0,16128.9,2497.0,12
Andorra,42.5,1.5,0,0.0,0.0,0.0,0.0,0.0,0.0,0.0,0.0,327.53,1200.28,1812.53,2173.38,2286.72,2151.51,1768.92,1133.79,248.28,0.0,0.0,0.0,0.0,0.0,0.0,0.0,13102.9,2286.7,12,0.0,0.0,0.0,0.0,0.0,0.0,27.15,517.07,1209.42,1854.44,2361.36,2680.35,2783.92,2663.59,2329.35,1810.31,1158.5,470.01,16.67,0.0,0.0,0.0,0.0,0.0,19882.1,2783.9,12,0.0,0.0,0.0,0.0,0.0,49.01,179.24,708.93,1309.47,1862.36,2298.74,2574.69,2665.05,2561.85,2274.16,1828.34,1269.64,669.15,160.3,39.51,0.0,0.0,0.0,0.0,20450.4,2665.0,12,0.0,0.0,0.0,0.0,0.0,0.0,3.38,514.01,1251.81,1898.14,2379.5,2656.4,2707.9,2530.15,2136.3,1556.94,845.4,142.23,0.0,0.0,0.0,0.0,0.0,0.0,18622.2,2707.9,12,0.0,0.0,0.0,0.0,0.0,0.0,0.0,0.0,327.53,1200.28,1812.53,2173.38,2286.72,2151.51,1768.92,1133.79,248.28,0.0,0.0,0.0,0.0,0.0,0.0,0.0,13102.9,2286.7,12,0.0,0.0,0.0,0.0,0.0,0.0,0.0,0.0,451.08,1260.21,1873.03,2262.57,2415.04,2324.02,1993.49,1436.1,670.85,4.47,0.0,0.0,0.0,0.0,0.0,0.0,14690.9,2415.0,12,0.0,0.0,0.0,0.0,0.0,0.0,0.0,129.02,872.55,1597.03,2166.45,2535.5,2678.23,2584.83,2261.79,1731.83,1035.54,267.41,0.0,0.0,0.0,0.0,0.0,0.0,17860.2,2678.2,12,0.0,0.0,0.0,0.0,0.0,0.0,27.15,517.07,1209.42,1854.44,2361.36,2680.35,2783.92,2663.59,2329.35,1810.31,1158.5,470.01,16.67,0.0,0.0,0.0,0.0,0.0,19882.1,2783.9,12,0.0,0.0,0.0,0.0,0.0,2.82,174.2,723.56,1361.58,1943.84,2395.05,2669.64,2742.68,2607.82,2277.0,1781.02,1172.83,541.4,95.82,0.0,0.0,0.0,0.0,0.0,20489.3,2742.7,12,0.0,0.0,0.0,0.0,0.0,53.92,220.31,765.81,1370.99,1920.46,2346.93,2607.82,2679.4,2555.39,2246.78,1782.2,1209.96,606.61,147.34,19.31,0.0,0.0,0.0,0.0,20533.3,2679.4,12,0.0,0.0,0.0,0.0,0.0,49.01,179.24,708.93,1309.47,1862.36,2298.74,2574.69,2665.05,2561.85,2274.16,1828.34,1269.64,669.15,160.3,39.51,0.0,0.0,0.0,0.0,20450.4,2665.0,12,0.0,0.0,0.0,0.0,0.0,4.26,132.6,648.58,1270.22,1850.36,2311.84,2607.24,2709.45,2609.48,2316.05,1855.97,1276.38,654.07,135.23,4.27,0.0,0.0,0.0,0.0,20386.0,2709.5,12,0.0,0.0,0.0,0.0,0.0,0.0,80.18,618.06,1292.17,1910.35,2391.12,2687.6,2774.02,2643.13,2305.83,1791.78,1153.05,483.35,32.65,0.0,0.0,0.0,0.0,0.0,20163.3,2774.0,12,0.0,0.0,0.0,0.0,0.0,0.0,3.38,514.01,1251.81,1898.14,2379.5,2656.4,2707.9,2530.15,2136.3,1556.94,845.4,142.23,0.0,0.0,0.0,0.0,0.0,0.0,18622.2,2707.9,12,0.0,0.0,0.0,0.0,0.0,0.0,0.0,185.82,1004.26,1695.49,2184.91,2451.06,2480.73,2272.35,1836.34,1192.08,379.4,0.0,0.0,0.0,0.0,0.0,0.0,0.0,15682.4,2480.7,12,0.0,0.0,0.0,0.0,0.0,0.0,0.0,0.0,677.28,1479.76,2020.63,2318.55,2372.22,2180.67,1746.32,1062.29,147.35,0.0,0.0,0.0,0.0,0.0,0.0,0.0,14005.1,2372.2,12
Angola,-11.5,18.5,1,0.0,0.0,0.0,0.0,0.0,0.0,102.5,703.95,1393.35,2004.88,2470.2,2748.66,2817.94,2672.63,2324.11,1800.88,1151.42,462.73,9.27,0.0,0.0,0.0,0.0,0.0,20662.5,2817.9,12,0.0,0.0,0.0,0.0,0.0,0.0,8.16,625.59,1393.97,2060.3,2562.29,2861.85,2937.32,2783.32,2410.86,1847.12,1136.55,360.9,0.0,0.0,0.0,0.0,0.0,0.0,20988.2,2937.3,12,0.0,0.0,0.0,0.0,0.0,0.0,0.0,484.63,1209.48,1821.23,2277.78,2549.58,2618.79,2480.84,2144.82,1632.68,977.45,236.46,0.0,0.0,0.0,0.0,0.0,0.0,18433.7,2618.8,12,0.0,0.0,0.0,0.0,0.0,0.0,113.39,805.77,1538.71,2160.93,2612.85,2858.51,2879.46,2674.14,2257.96,1663.58,944.99,219.06,0.0,0.0,0.0,0.0,0.0,0.0,20729.4,2879.5,12,0.0,0.0,0.0,0.0,0.0,0.0,102.5,703.95,1393.35,2004.88,2470.2,2748.66,2817.94,2672.63,2324.11,1800.88,1151.42,462.73,9.27,0.0,0.0,0.0,0.0,0.0,20662.5,2817.9,12,0.0,0.0,0.0,0.0,0.0,0.0,25.57,577.0,1298.37,1954.62,2467.4,2791.57,2901.25,2787.97,2460.42,1944.69,1286.24,564.33,21.37,0.0,0.0,0.0,0.0,0.0,21080.8,2901.2,12,0.0,0.0,0.0,0.0,0.0,0.0,7.97,566.52,1324.05,2004.9,2532.84,2863.75,2972.23,2850.19,2506.69,1968.11,1279.77,521.29,2.39,0.0,0.0,0.0,0.0,0.0,21400.7,2972.2,12,0.0,0.0,0.0,0.0,0.0,0.0,8.16,625.59,1393.97,2060.3,2562.29,2861.85,2937.32,2783.32,2410.86,1847.12,1136.55,360.9,0.0,0.0,0.0,0.0,0.0,0.0,20988.2,2937.3,12,0.0,0.0,0.0,0.0,0.0,0.0,6.65,641.23,1386.28,2014.51,2476.75,2740.77,2788.49,2616.65,2237.03,1675.85,973.6,211.92,0.0,0.0,0.0,0.0,0.0,0.0,19769.7,2788.5,12,0.0,0.0,0.0,0.0,0.0,0.0,0.0,563.36,1285.01,1888.62,2332.23,2586.72,2635.31,2474.76,2115.74,1581.88,908.37,167.7,0.0,0.0,0.0,0.0,0.0,0.0,18539.7,2635.3,12,0.0,0.0,0.0,0.0,0.0,0.0,0.0,484.63,1209.48,1821.23,2277.78,2549.58,2618.79,2480.84,2144.82,1632.68,977.45,236.46,0.0,0.0,0.0,0.0,0.0,0.0,18433.7,2618.8,12,0.0,0.0,0.0,0.0,0.0,0.0,0.0,508.15,1252.03,1887.82,2366.65,2655.93,2736.1,2601.73,2261.87,1739.48,1070.41,314.78,0.0,0.0,0.0,0.0,0.0,0.0,19395.0,2736.1,12,0.0,0.0,0.0,0.0,0.0,0.0,10.77,633.13,1382.71,2025.82,2504.84,2784.12,2843.7,2679.37,2302.77,1741.16,1038.59,281.27,0.0,0.0,0.0,0.0,0.0,0.0,20228.3,2843.7,12,0.0,0.0,0.0,0.0,0.0,0.0,113.39,805.77,1538.71,2160.93,2612.85,2858.51,2879.46,2674.14,2257.96,1663.58,944.99,219.06,0.0,0.0,0.0,0.0,0.0,0.0,20729.4,2879.5,12,0.0,0.0,0.0,0.0,0.0,0.0,223.04,910.43,1611.61,2202.57,2624.94,2843.73,2841.93,2619.71,2194.43,1601.45,899.68,215.15,0.0,0.0,0.0,0.0,0.0,0.0,20788.7,2843.7,11,0.0,0.0,0.0,0.0,0.0,0.0,206.92,856.97,1537.6,2120.62,2545.72,2776.69,2795.17,2599.76,2205.93,1646.67,977.08,304.94,0.0,0.0,0.0,0.0,0.0,0.0,20574.1,2795.2,12
Argentina,-34.0,-64.0,-4,0.0,0.0,0.0,0.0,0.0,0.0,94.18,516.75,1191.33,1840.17,2376.52,2747.76,2921.75,2884.16,2638.02,2203.85,1620.42,949.66,301.04,44.96,0.0,0.0,0.0,0.0,22330.6,2921.8,12,0.0,0.0,0.0,0.0,0.0,0.0,0.0,165.2,929.48,1666.53,2262.71,2670.75,2861.3,2820.95,2552.51,2074.86,1422.84,653.21,11.46,0.0,0.0,0.0,0.0,0.0,20091.8,2861.3,12,0.0,0.0,0.0,0.0,0.0,0.0,0.0,0.0,341.37,1151.75,1753.9,2150.32,2333.52,2296.93,2042.0,1576.94,905.69,82.25,0.0,0.0,0.0,0.0,0.0,0.0,14634.7,2333.5,12,0.0,0.0,0.0,0.0,0.0,0.0,2.74,474.38,1213.88,1897.8,2439.55,2791.51,2925.95,2832.66,2518.78,2008.87,1346.58,607.58,28.59,0.0,0.0,0.0,0.0,0.0,21088.9,2925.9,12,0.0,0.0,0.0,0.0,0.0,0.0,94.18,516.75,1191.33,1840.17,2376.52,2747.76,2921.75,2884.16,2638.02,2203.85,1620.42,949.66,301.04,44.96,0.0,0.0,0.0,0.0,22330.6,2921.8,12,0.0,0.0,0.0,0.0,0.0,0.0,29.5,372.9,1057.93,1745.57,2328.26,2746.4,2963.51,2961.78,2741.3,2320.1,1734.88,1045.69,361.66,25.94,0.0,0.0,0.0,0.0,22435.4,2963.5,12,0.0,0.0,0.0,0.0,0.0,0.0,0.0,280.72,990.66,1709.15,2313.8,2744.42,2964.9,2957.82,2723.69,2280.96,1666.86,943.47,241.53,0.0,0.0,0.0,0.0,0.0,21818.0,2964.9,12,0.0,0.0,0.0,0.0,0.0,0.0,0.0,165.2,929.48,1666.53,2262.71,2670.75,2861.3,2820.95,2552.51,2074.86,1422.84,653.21,11.46,0.0,0.0,0.0,0.0,0.0,20091.8,2861.3,12,0.0,0.0,0.0,0.0,0.0,0.0,0.0,12.82,741.16,1490.76,2067.73,2447.13,2609.06,2544.34,2256.65,1761.73,1082.81,261.16,0.0,0.0,0.0,0.0,0.0,0.0,17275.3,2609.1,12,0.0,0.0,0.0,0.0,0.0,0.0,0.0,0.0,426.34,1205.81,1788.41,2166.08,2328.29,2268.57,1989.42,1500.56,809.75,38.41,0.0,0.0,0.0,0.0,0.0,0.0,14521.6,2328.3,12,0.0,0.0,0.0,0.0,0.0,0.0,0.0,0.0,341.37,1151.75,1753.9,2150.32,2333.52,2296.93,2042.0,1576.94,905.69,82.25,0.0,0.0,0.0,0.0,0.0,0.0,14634.7,2333.5,12,0.0,0.0,0.0,0.0,0.0,0.0,0.0,0.0,556.2,1339.45,1940.18,2345.92,2539.58,2511.26,2262.47,1805.62,1158.19,335.79,0.0,0.0,0.0,0.0,0.0,0.0,16794.7,2539.6,12,0.0,0.0,0.0,0.0,0.0,0.0,0.0,127.53,892.19,1618.13,2196.02,2584.72,2758.02,2704.25,2427.07,1945.18,1291.65,520.42,0.0,0.0,0.0,0.0,0.0,0.0,19065.2,2758.0,12,0.0,0.0,0.0,0.0,0.0,0.0,2.74,474.38,1213.88,1897.8,2439.55,2791.51,2925.95,2832.66,2518.78,2008.87,1346.58,607.58,28.59,0.0,0.0,0.0,0.0,0.0,21088.9,2925.9,12,0.0,0.0,0.0,0.0,0.0,0.0,88.44,681.28,1391.64,2039.52,2547.56,2869.36,2978.37,2865.91,2541.02,2030.63,1381.54,671.81,84.04,0.0,0.0,0.0,0.0,0.0,22171.1,2978.4,12,0.0,0.0,0.0,0.0,0.0,0.1,115.5,663.32,1345.23,1976.14,2479.3,2807.33,2932.38,2844.25,2550.15,2074.85,1462.02,781.63,168.69,7.82,0.0,0.0,0.0,0.0,22208.7,2932.4,12
Armenia,40.0,45.0,3,0.0,0.0,0.0,0.0,0.0,0.0,0.0,0.0,386.38,1263.5,1881.07,2257.11,2392.21,2283.81,1934.08,1343.79,493.5,0.0,0.0,0.0,0.0,0.0,0.0,0.0,14235.4,2392.2,12,0.0,0.0,0.0,0.0,0.0,0.0,11.88,592.46,1359.86,2052.0,2592.37,2938.81,3066.81,2967.08,2646.89,2129.29,1453.08,689.58,39.09,0.0,0.0,0.0,0.0,0.0,22539.2,3066.8,12,0.0,0.0,0.0,0.0,0.0,17.55,165.4,628.04,1208.52,1758.63,2202.49,2492.43,2600.76,2517.59,2250.47,1824.65,1284.9,702.39,200.01,34.37,0.0,0.0,0.0,0.0,19888.2,2600.8,12,0.0,0.0,0.0,0.0,0.0,0.0,0.27,438.3,1172.2,1829.48,2328.32,2626.44,2700.95,2546.26,2173.91,1612.95,914.5,200.73,0.0,0.0,0.0,0.0,0.0,0.0,18544.3,2701.0,12,0.0,0.0,0.0,0.0,0.0,0.0,0.0,0.0,386.38,1263.5,1881.07,2257.11,2392.21,2283.81,1934.08,1343.79,493.5,0.0,0.0,0.0,0.0,0.0,0.0,0.0,14235.4,2392.2,12,0.0,0.0,0.0,0.0,0.0,0.0,0.0,0.0,793.37,1635.09,2252.89,2654.95,2824.75,2760.34,2462.09,1940.28,1205.85,223.09,0.0,0.0,0.0,0.0,0.0,0.0,18752.7,2824.7,12,0.0,0.0,0.0,0.0,0.0,0.0,0.0,273.96,1141.64,1896.66,2483.55,2872.19,3037.23,2967.79,2668.48,2159.0,1469.45,637.49,0.0,0.0,0.0,0.0,0.0,0.0,21607.4,3037.2,12,0.0,0.0,0.0,0.0,0.0,0.0,11.88,592.46,1359.86,2052.0,2592.37,2938.81,3066.81,2967.08,2646.89,2129.29,1453.08,689.58,39.09,0.0,0.0,0.0,0.0,0.0,22539.2,3066.8,12,0.0,0.0,0.0,0.0,0.0,0.0,114.87,705.56,1385.38,2002.13,2483.26,2784.43,2880.4,2763.43,2443.06,1946.39,1319.96,640.42,88.44,0.0,0.0,0.0,0.0,0.0,21557.7,2880.4,12,0.0,0.0,0.0,0.0,0.0,26.07,168.34,702.87,1315.76,1879.73,2324.22,2604.91,2696.51,2591.1,2297.86,1843.37,1273.45,661.15,149.22,18.18,0.0,0.0,0.0,0.0,20552.7,2696.5,12,0.0,0.0,0.0,0.0,0.0,17.55,165.4,628.04,1208.52,1758.63,2202.49,2492.43,2600.76,2517.59,2250.47,1824.65,1284.9,702.39,200.01,34.37,0.0,0.0,0.0,0.0,19888.2,2600.8,12,0.0,0.0,0.0,0.0,0.0,0.0,118.52,565.88,1170.39,1750.61,2221.85,2532.97,2654.37,2575.09,2302.19,1861.13,1297.94,688.24,172.92,3.5,0.0,0.0,0.0,0.0,19915.6,2654.4,12,0.0,0.0,0.0,0.0,0.0,0.0,41.62,492.57,1133.28,1744.44,2232.07,2543.72,2650.39,2542.67,2229.95,1741.23,1128.98,487.56,39.02,0.0,0.0,0.0,0.0,0.0,19007.5,2650.4,12,0.0,0.0,0.0,0.0,0.0,0.0,0.27,438.3,1172.2,1829.48,2328.32,2626.44,2700.95,2546.26,2173.91,1612.95,914.5,200.73,0.0,0.0,0.0,0.0,0.0,0.0,18544.3,2701.0,12,0.0,0.0,0.0,0.0,0.0,0.0,0.0,427.86,1336.81,2036.47,2533.02,2814.02,2866.27,2686.77,2285.6,1674.39,864.23,0.0,0.0,0.0,0.0,0.0,0.0,0.0,19525.5,2866.3,12,0.0,0.0,0.0,0.0,0.0,0.0,0.0,0.0,661.45,1457.54,2009.46,2326.23,2403.2,2238.29,1835.49,1196.66,318.02,0.0,0.0,0.0,0.0,0.0,0.0,0.0,14446.3,2403.2,12
Australia,-25.0,134.0,9,0.0,0.0,0.0,0.0,0.0,0.0,94.3,598.91,1270.0,1898.19,2403.62,2736.26,2867.5,2786.55,2500.01,2032.12,1426.48,754.92,166.04,0.0,0.0,0.0,0.0,0.0,21534.9,2867.5,12,0.0,0.0,0.0,0.0,0.0,0.0,0.0,341.28,1119.76,1831.47,2391.06,2756.59,2901.64,2815.93,2505.51,1992.57,1315.71,539.76,0.31,0.0,0.0,0.0,0.0,0.0,20511.6,2901.6,12,0.0,0.0,0.0,0.0,0.0,0.0,0.0,28.96,803.23,1506.26,2035.8,2375.98,2510.49,2432.08,2145.01,1663.72,1005.66,192.36,0.0,0.0,0.0,0.0,0.0,0.0,16699.5,2510.5,12,0.0,0.0,0.0,0.0,0.0,0.0,23.48,624.59,1375.0,2041.24,2550.75,2862.35,2952.34,2814.08,2457.9,1911.21,1220.4,468.72,0.47,0.0,0.0,0.0,0.0,0.0,21302.5,2952.3,12,0.0,0.0,0.0,0.0,0.0,0.0,94.3,598.91,1270.0,1898.19,2403.62,2736.26,2867.5,2786.55,2500.01,2032.12,1426.48,754.92,166.04,0.0,0.0,0.0,0.0,0.0,21534.9,2867.5,12,0.0,0.0,0.0,0.0,0.0,0.0,25.66,458.48,1153.96,1828.62,2382.82,2763.14,2937.17,2890.82,2627.77,2169.53,1556.77,856.88,210.05,0.0,0.0,0.0,0.0,0.0,21861.7,2937.2,12,0.0,0.0,0.0,0.0,0.0,0.0,0.03,393.27,1132.33,1838.37,2414.56,2806.73,2983.26,2930.54,2652.55,2170.97,1526.18,785.77,116.84,0.0,0.0,0.0,0.0,0.0,21751.4,2983.3,12,0.0,0.0,0.0,0.0,0.0,0.0,0.0,341.28,1119.76,1831.47,2391.06,2756.59,2901.64,2815.93,2505.51,1992.57,1315.71,539.76,0.31,0.0,0.0,0.0,0.0,0.0,20511.6,2901.6,12,0.0,0.0,0.0,0.0,0.0,0.0,0.0,256.1,1063.86,1758.0,2286.0,2617.99,2733.54,2625.38,2300.33,1778.39,1089.64,282.31,0.0,0.0,0.0,0.0,0.0,0.0,18791.5,2733.5,12,0.0,0.0,0.0,0.0,0.0,0.0,0.0,97.28,908.46,1597.69,2112.83,2435.62,2549.64,2448.59,2138.06,1634.02,955.32,138.81,0.0,0.0,0.0,0.0,0.0,0.0,17016.3,2549.6,12,0.0,0.0,0.0,0.0,0.0,0.0,0.0,28.96,803.23,1506.26,2035.8,2375.98,2510.49,2432.08,2145.01,1663.72,1005.66,192.36,0.0,0.0,0.0,0.0,0.0,0.0,16699.5,2510.5,12,0.0,0.0,0.0,0.0,0.0,0.0,0.0,92.9,892.85,1601.4,2147.07,2503.55,2650.48,2579.02,2293.47,1810.6,1155.67,359.18,0.0,0.0,0.0,0.0,0.0,0.0,18086.2,2650.5,12,0.0,0.0,0.0,0.0,0.0,0.0,0.0,346.3,1129.62,1823.36,2362.94,2708.72,2836.95,2738.86,2421.18,1905.71,1228.84,450.38,0.0,0.0,0.0,0.0,0.0,0.0,19952.9,2836.9,12,0.0,0.0,0.0,0.0,0.0,0.0,23.48,624.59,1375.0,2041.24,2550.75,2862.35,2952.34,2814.08,2457.9,1911.21,1220.4,468.72,0.47,0.0,0.0,0.0,0.0,0.0,21302.5,2952.3,12,0.0,0.0,0.0,0.0,0.0,0.0,149.06,795.44,1511.06,2142.89,2620.06,2902.49,2967.69,2810.62,2443.61,1896.71,1220.41,503.75,26.16,0.0,0.0,0.0,0.0,0.0,21989.9,2967.7,12,0.0,0.0,0.0,0.0,0.0,0.0,153.09,761.18,1447.35,2062.64,2536.68,2826.84,2909.21,2777.26,2441.58,1930.27,1291.13,604.48,84.14,0.0,0.0,0.0,0.0,0.0,21825.8,2909.2,12
Austria,47.0,14.0,1,0.0,0.0,0.0,0.0,0.0,0.0,0.0,0.0,27.07,836.52,1544.0,1968.91,2130.75,2032.63,1673.03,1038.14,159.68,0.0,0.0,0.0,0.0,0.0,0.0,0.0,11410.7,2130.7,12,0.0,0.0,0.0,0.0,0.0,0.0,9.21,394.44,1059.47,1709.65,2237.82,2587.51,2727.05,2644.57,2347.15,1861.26,1236.04,559.96,52.51,0.0,0.0,0.0,0.0,0.0,19426.6,2727.0,12,0.0,0.0,0.0,0.0,0.0,50.88,181.94,603.07,1159.93,1696.72,2136.94,2430.94,2549.17,2480.36,2231.0,1825.67,1308.3,747.1,249.79,87.86,0.01,0.0,0.0,0.0,19739.7,2549.2,12,0.0,0.0,0.0,0.0,0.0,0.0,0.0,281.43,960.7,1607.16,2109.39,2417.74,2506.34,2368.06,2013.9,1473.99,805.31,154.87,0.0,0.0,0.0,0.0,0.0,0.0,16698.9,2506.3,12,0.0,0.0,0.0,0.0,0.0,0.0,0.0,0.0,27.07,836.52,1544.0,1968.91,2130.75,2032.63,1673.03,1038.14,159.68,0.0,0.0,0.0,0.0,0.0,0.0,0.0,11410.7,2130.7,12,0.0,0.0,0.0,0.0,0.0,0.0,0.0,0.0,168.6,999.18,1670.37,2109.08,2305.82,2254.44,1956.78,1421.35,661.05,4.12,0.0,0.0,0.0,0.0,0.0,0.0,13550.8,2305.8,12,0.0,0.0,0.0,0.0,0.0,0.0,0.0,23.8,656.57,1395.85,1995.12,2400.22,2582.03,2528.02,2242.0,1744.11,1072.61,315.56,0.0,0.0,0.0,0.0,0.0,0.0,16955.9,2582.0,12,0.0,0.0,0.0,0.0,0.0,0.0,9.21,394.44,1059.47,1709.65,2237.82,2587.51,2727.05,2644.57,2347.15,1861.26,1236.04,559.96,52.51,0.0,0.0,0.0,0.0,0.0,19426.6,2727.0,12,0.0,0.0,0.0,0.0,0.0,1.81,126.53,601.43,1207.27,1784.77,2249.05,2548.52,2653.92,2555.5,2262.46,1803.44,1229.22,623.0,136.82,3.49,0.0,0.0,0.0,0.0,19787.2,2653.9,12,0.0,0.0,0.0,0.0,0.0,53.76,187.38,650.88,1214.83,1750.47,2182.69,2463.15,2563.81,2475.07,2205.43,1781.76,1251.03,686.18,204.46,63.75,0.0,0.0,0.0,0.0,19734.6,2563.8,12,0.0,0.0,0.0,0.0,0.0,50.88,181.94,603.07,1159.93,1696.72,2136.94,2430.94,2549.17,2480.36,2231.0,1825.67,1308.3,747.1,249.79,87.86,0.01,0.0,0.0,0.0,19739.7,2549.2,12,0.0,0.0,0.0,0.0,0.0,3.85,130.15,536.67,1117.29,1685.4,2154.5,2470.88,2602.93,2538.16,2282.6,1861.01,1318.84,729.2,217.09,35.12,0.0,0.0,0.0,0.0,19683.7,2602.9,12,0.0,0.0,0.0,0.0,0.0,0.0,41.38,443.88,1055.33,1655.36,2143.16,2462.23,2581.13,2488.83,2193.75,1724.48,1133.69,514.32,64.39,0.0,0.0,0.0,0.0,0.0,18501.9,2581.1,12,0.0,0.0,0.0,0.0,0.0,0.0,0.0,281.43,960.7,1607.16,2109.39,2417.74,2506.34,2368.06,2013.9,1473.99,805.31,154.87,0.0,0.0,0.0,0.0,0.0,0.0,16698.9,2506.3,12,0.0,0.0,0.0,0.0,0.0,0.0,0.0,16.17,692.79,1425.08,1958.27,2266.94,2337.26,2165.85,1760.58,1138.61,347.95,0.0,0.0,0.0,0.0,0.0,0.0,0.0,14109.5,2337.3,12,0.0,0.0,0.0,0.0,0.0,0.0,0.0,0.0,195.09,1037.02,1654.61,2009.79,2108.45,1950.68,1535.84,855.29,52.35,0.0,0.0,0.0,0.0,0.0,0.0,0.0,11399.1,2108.4,12
Azerbaijan,40.5,47.5,3,0.0,0.0,0.0,0.0,0.0,0.0,0.0,0.0,448.44,1274.86,1855.5,2194.32,2289.62,2139.58,1746.86,1111.29,248.92,0.0,0.0,0.0,0.0,0.0,0.0,0.0,13309.4,2289.6,12,0.0,0.0,0.0,0.0,0.0,0.0,51.93,676.13,1422.51,2086.33,2595.59,2907.55,2998.06,2860.33,2504.82,1959.45,1271.58,524.55,11.35,0.0,0.0,0.0,0.0,0.0,21870.2,2998.1,12,0.0,0.0,0.0,0.0,0.0,40.36,219.84,711.91,1282.17,1810.9,2226.92,2485.41,2561.32,2447.56,2154.76,1711.71,1167.71,601.1,166.93,13.95,0.0,0.0,0.0,0.0,19602.5,2561.3,12,0.0,0.0,0.0,0.0,0.0,0.0,6.83,505.7,1218.68,1846.23,2310.51,2570.96,2606.99,2415.78,2012.15,1429.62,729.25,87.61,0.0,0.0,0.0,0.0,0.0,0.0,17740.3,2607.0,12,0.0,0.0,0.0,0.0,0.0,0.0,0.0,0.0,448.44,1274.86,1855.5,2194.32,2289.62,2139.58,1746.86,1111.29,248.92,0.0,0.0,0.0,0.0,0.0,0.0,0.0,13309.4,2289.6,12,0.0,0.0,0.0,0.0,0.0,0.0,0.0,0.0,939.16,1743.72,2327.79,2692.72,2823.91,2720.36,2382.75,1824.1,1048.75,66.71,0.0,0.0,0.0,0.0,0.0,0.0,18570.0,2823.9,12,0.0,0.0,0.0,0.0,0.0,0.0,0.0,387.24,1242.69,1975.76,2536.12,2888.51,3014.7,2906.34,2570.63,2025.49,1304.62,457.2,0.0,0.0,0.0,0.0,0.0,0.0,21309.3,3014.7,12,0.0,0.0,0.0,0.0,0.0,0.0,51.93,676.13,1422.51,2086.33,2595.59,2907.55,2998.06,2860.33,2504.82,1959.45,1271.58,524.55,11.35,0.0,0.0,0.0,0.0,0.0,21870.2,2998.1,12,0.0,0.0,0.0,0.0,0.0,4.0,197.67,794.36,1454.77,2043.96,2492.57,2758.32,2818.36,2667.73,2319.15,1803.58,1173.35,517.18,76.76,0.0,0.0,0.0,0.0,0.0,21121.8,2818.4,12,0.0,0.0,0.0,0.0,0.0,50.53,249.99,788.6,1384.78,1923.45,2337.57,2585.16,2643.39,2507.08,2188.51,1717.99,1146.41,555.51,139.94,4.21,0.0,0.0,0.0,0.0,20223.1,2643.4,12,0.0,0.0,0.0,0.0,0.0,40.36,219.84,711.91,1282.17,1810.9,2226.92,2485.41,2561.32,2447.56,2154.76,1711.71,1167.71,601.1,166.93,13.95,0.0,0.0,0.0,0.0,19602.5,2561.3,12,0.0,0.0,0.0,0.0,0.0,2.24,159.94,650.9,1248.27,1807.84,2250.98,2529.72,2617.28,2505.59,2204.88,1744.24,1174.57,579.89,127.11,0.1,0.0,0.0,0.0,0.0,19603.5,2617.3,12,0.0,0.0,0.0,0.0,0.0,0.0,82.16,573.08,1206.34,1794.75,2251.93,2528.87,2599.48,2457.38,2115.36,1606.53,989.71,373.61,13.42,0.0,0.0,0.0,0.0,0.0,18592.6,2599.5,12,0.0,0.0,0.0,0.0,0.0,0.0,6.83,505.7,1218.68,1846.23,2310.51,2570.96,2606.99,2415.78,2012.15,1429.62,729.25,87.61,0.0,0.0,0.0,0.0,0.0,0.0,17740.3,2607.0,12,0.0,0.0,0.0,0.0,0.0,0.0,0.0,407.01,1269.74,1945.35,2417.01,2665.96,2679.66,2457.36,2010.29,1356.81,511.1,0.0,0.0,0.0,0.0,0.0,0.0,0.0,17720.3,2679.7,12,0.0,0.0,0.0,0.0,0.0,0.0,0.0,3.03,659.19,1405.2,1920.82,2200.02,2236.89,2030.37,1585.44,907.15,95.18,0.0,0.0,0.0,0.0,0.0,0.0,0.0,13043.3,2236.9,12
Bahrain,26.0,50.5,3,0.0,0.0,0.0,0.0,0.0,0.0,0.0,214.7,1021.09,1695.65,2178.82,2448.94,2492.22,2306.34,1901.06,1295.6,519.49,0.0,0.0,0.0,0.0,0.0,0.0,0.0,16073.9,2492.2,12,0.0,0.0,0.0,0.0,0.0,0.0,62.62,627.92,1316.88,1929.88,2389.51,2652.44,2696.36,2517.69,2131.39,1572.06,900.57,243.8,0.0,0.0,0.0,0.0,0.0,0.0,19041.1,2696.4,12,0.0,0.0,0.0,0.0,0.0,0.61,217.39,719.35,1288.25,1801.98,2191.95,2416.8,2455.01,2303.08,1975.17,1504.31,946.62,397.47,42.63,0.0,0.0,0.0,0.0,0.0,18260.6,2455.0,12,0.0,0.0,0.0,0.0,0.0,0.0,71.8,704.47,1412.47,2010.75,2435.71,2651.81,2642.21,2407.61,1966.28,1355.44,642.31,41.35,0.0,0.0,0.0,0.0,0.0,0.0,18342.2,2651.8,11,0.0,0.0,0.0,0.0,0.0,0.0,0.0,214.7,1021.09,1695.65,2178.82,2448.94,2492.22,2306.34,1901.06,1295.6,519.49,0.0,0.0,0.0,0.0,0.0,0.0,0.0,16073.9,2492.2,12,0.0,0.0,0.0,0.0,0.0,0.0,0.0,219.18,1012.04,1709.55,2230.16,2541.92,2625.77,2476.52,2103.38,1529.13,790.64,52.65,0.0,0.0,0.0,0.0,0.0,0.0,17290.9,2625.8,12,0.0,0.0,0.0,0.0,0.0,0.0,0.0,411.07,1170.13,1845.61,2357.15,2663.76,2742.85,2588.73,2212.59,1642.66,927.97,189.33,0.0,0.0,0.0,0.0,0.0,0.0,18751.9,2742.8,12,0.0,0.0,0.0,0.0,0.0,0.0,62.62,627.92,1316.88,1929.88,2389.51,2652.44,2696.36,2517.69,2131.39,1572.06,900.57,243.8,0.0,0.0,0.0,0.0,0.0,0.0,19041.1,2696.4,12,0.0,0.0,0.0,0.0,0.0,0.0,199.16,756.6,1376.9,1924.59,2329.59,2550.93,2568.33,2380.3,2003.97,1476.64,862.3,279.74,0.67,0.0,0.0,0.0,0.0,0.0,18709.7,2568.3,12,0.0,0.0,0.0,0.0,0.0,2.33,254.77,781.11,1358.98,1871.19,2251.88,2461.62,2480.68,2307.34,1957.78,1467.33,895.61,345.86,20.72,0.0,0.0,0.0,0.0,0.0,18457.2,2480.7,12,0.0,0.0,0.0,0.0,0.0,0.61,217.39,719.35,1288.25,1801.98,2191.95,2416.8,2455.01,2303.08,1975.17,1504.31,946.62,397.47,42.63,0.0,0.0,0.0,0.0,0.0,18260.6,2455.0,12,0.0,0.0,0.0,0.0,0.0,0.0,153.07,658.42,1252.87,1794.45,2208.56,2451.1,2498.99,2347.84,2011.56,1523.62,941.87,368.2,16.68,0.0,0.0,0.0,0.0,0.0,18227.2,2499.0,12,0.0,0.0,0.0,0.0,0.0,0.0,106.5,660.93,1310.73,1887.91,2317.6,2557.27,2585.6,2400.1,2016.98,1472.61,830.94,222.21,0.0,0.0,0.0,0.0,0.0,0.0,18369.4,2585.6,12,0.0,0.0,0.0,0.0,0.0,0.0,71.8,704.47,1412.47,2010.75,2435.71,2651.81,2642.21,2407.61,1966.28,1355.44,642.31,41.35,0.0,0.0,0.0,0.0,0.0,0.0,18342.2,2651.8,11,0.0,0.0,0.0,0.0,0.0,0.0,11.31,646.47,1393.84,1998.49,2413.2,2610.52,2577.57,2316.5,1844.34,1192.7,422.54,0.0,0.0,0.0,0.0,0.0,0.0,0.0,17427.5,2610.5,11,0.0,0.0,0.0,0.0,0.0,0.0,0.0,425.49,1210.14,1838.45,2271.98,2489.03,2477.83,2239.0,1785.43,1139.54,346.15,0.0,0.0,0.0,0.0,0.0,0.0,0.0,16223.0,2489.0,11
Bangladesh,24.0,90.0,6,0.0,0.0,0.0,0.0,0.0,0.0,0.0,43.51,805.83,1535.05,2085.98,2433.63,2559.99,2458.07,2133.52,1603.34,891.83,97.4,0.0,0.0,0.0,0.0,0.0,0.0,16648.2,2560.0,12,0.0,0.0,0.0,0.0,0.0,0.0,1.4,432.12,1144.03,1811.62,2341.6,2684.2,2811.16,2712.48,2395.97,1887.61,1234.08,519.88,12.45,0.0,0.0,0.0,0.0,0.0,19988.6,2811.2,12,0.0,0.0,0.0,0.0,0.0,0.0,82.57,509.06,1078.65,1627.39,2071.79,2362.32,2470.82,2387.4,2119.61,1693.09,1154.16,580.37,118.71,0.0,0.0,0.0,0.0,0.0,18255.9,2470.8,12,0.0,0.0,0.0,0.0,0.0,0.0,1.23,466.16,1192.15,1843.15,2338.15,2634.35,2708.6,2555.25,2185.96,1630.17,939.63,230.82,0.0,0.0,0.0,0.0,0.0,0.0,18725.6,2708.6,12,0.0,0.0,0.0,0.0,0.0,0.0,0.0,43.51,805.83,1535.05,2085.98,2433.63,2559.99,2458.07,2133.52,1603.34,891.83,97.4,0.0,0.0,0.0,0.0,0.0,0.0,16648.2,2560.0,12,0.0,0.0,0.0,0.0,0.0,0.0,0.0,52.28,817.31,1568.19,2156.19,2546.07,2714.23,2650.25,2358.11,1855.74,1173.05,363.47,0.0,0.0,0.0,0.0,0.0,0.0,18254.9,2714.2,12,0.0,0.0,0.0,0.0,0.0,0.0,0.0,200.5,962.18,1688.48,2268.33,2654.55,2818.96,2749.89,2452.24,1947.45,1274.12,501.5,0.15,0.0,0.0,0.0,0.0,0.0,19518.4,2819.0,12,0.0,0.0,0.0,0.0,0.0,0.0,1.4,432.12,1144.03,1811.62,2341.6,2684.2,2811.16,2712.48,2395.97,1887.61,1234.08,519.88,12.45,0.0,0.0,0.0,0.0,0.0,19988.6,2811.2,12,0.0,0.0,0.0,0.0,0.0,0.0,67.92,573.38,1222.01,1824.28,2297.78,2595.11,2689.99,2574.44,2258.29,1769.79,1158.9,513.5,43.82,0.0,0.0,0.0,0.0,0.0,19589.2,2690.0,12,0.0,0.0,0.0,0.0,0.0,0.0,107.75,579.44,1171.36,1727.1,2167.77,2446.64,2537.66,2432.77,2141.31,1690.73,1129.51,539.81,88.41,0.0,0.0,0.0,0.0,0.0,18760.3,2537.7,12,0.0,0.0,0.0,0.0,0.0,0.0,82.57,509.06,1078.65,1627.39,2071.79,2362.32,2470.82,2387.4,2119.61,1693.09,1154.16,580.37,118.71,0.0,0.0,0.0,0.0,0.0,18255.9,2470.8,12,0.0,0.0,0.0,0.0,0.0,0.0,37.46,448.71,1042.39,1620.77,2091.97,2403.28,2524.8,2445.54,2172.57,1731.53,1169.58,567.5,90.02,0.0,0.0,0.0,0.0,0.0,18346.1,2524.8,12,0.0,0.0,0.0,0.0,0.0,0.0,10.98,447.36,1106.41,1729.71,2224.27,2539.51,2647.43,2538.9,2223.04,1727.78,1103.7,444.03,10.04,0.0,0.0,0.0,0.0,0.0,18753.2,2647.4,12,0.0,0.0,0.0,0.0,0.0,0.0,1.23,466.16,1192.15,1843.15,2338.15,2634.35,2708.6,2555.25,2185.96,1630.17,939.63,230.82,0.0,0.0,0.0,0.0,0.0,0.0,18725.6,2708.6,12,0.0,0.0,0.0,0.0,0.0,0.0,0.0,398.88,1171.91,1833.88,2320.75,2599.37,2651.31,2473.14,2076.62,1488.11,751.46,45.95,0.0,0.0,0.0,0.0,0.0,0.0,17811.4,2651.3,12,0.0,0.0,0.0,0.0,0.0,0.0,0.0,193.55,988.96,1674.26,2178.17,2474.63,2547.18,2391.65,2016.93,1443.28,700.95,12.66,0.0,0.0,0.0,0.0,0.0,0.0,16622.2,2547.2,12
Belarus,53.0,28.0,2,0.0,0.0,0.0,0.0,0.0,0.0,0.0,0.0,0.0,323.92,1124.81,1623.27,1821.24,1732.22,1350.58,652.52,0.0,0.0,0.0,0.0,0.0,0.0,0.0,0.0,8628.5,1821.2,12,0.0,0.0,0.0,0.0,0.0,0.0,10.83,407.6,1096.91,1765.88,2311.06,2677.22,2832.59,2764.43,2478.38,1998.66,1370.36,671.69,89.54,0.0,0.0,0.0,0.0,0.0,20475.1,2832.6,12,0.0,0.0,0.0,0.0,1.51,82.32,168.83,594.72,1174.26,1727.32,2181.96,2489.85,2621.42,2564.59,2324.52,1923.71,1402.71,823.02,277.23,119.61,22.57,0.0,0.0,0.0,20500.2,2621.4,12,0.0,0.0,0.0,0.0,0.0,0.0,0.0,270.27,978.0,1646.94,2168.04,2493.74,2598.38,2473.97,2129.84,1593.04,913.3,212.96,0.0,0.0,0.0,0.0,0.0,0.0,17478.5,2598.4,12,0.0,0.0,0.0,0.0,0.0,0.0,0.0,0.0,0.0,323.92,1124.81,1623.27,1821.24,1732.22,1350.58,652.52,0.0,0.0,0.0,0.0,0.0,0.0,0.0,0.0,8628.5,1821.2,12,0.0,0.0,0.0,0.0,0.0,0.0,0.0,0.0,23.84,827.0,1574.5,2053.72,2275.47,2239.46,1946.11,1394.68,573.92,0.0,0.0,0.0,0.0,0.0,0.0,0.0,12908.7,2275.5,12,0.0,0.0,0.0,0.0,0.0,0.0,0.0,10.34,670.89,1452.8,2077.28,2502.25,2701.66,2663.1,2389.08,1896.82,1216.98,408.05,0.0,0.0,0.0,0.0,0.0,0.0,17989.3,2701.7,12,0.0,0.0,0.0,0.0,0.0,0.0,10.83,407.6,1096.91,1765.88,2311.06,2677.22,2832.59,2764.43,2478.38,1998.66,1370.36,671.69,89.54,0.0,0.0,0.0,0.0,0.0,20475.1,2832.6,12,0.0,0.0,0.0,0.0,0.0,16.27,107.31,621.55,1267.48,1872.78,2359.08,2677.16,2798.21,2711.74,2425.31,1964.66,1375.32,729.36,153.84,32.99,0.0,0.0,0.0,0.0,21113.1,2798.2,12,0.0,0.0,0.0,0.0,1.49,80.5,160.64,654.98,1255.83,1817.38,2270.22,2568.13,2683.4,2605.77,2342.16,1916.85,1372.23,772.4,215.85,98.94,9.5,0.0,0.0,0.0,20826.2,2683.4,12,0.0,0.0,0.0,0.0,1.51,82.32,168.83,594.72,1174.26,1727.32,2181.96,2489.85,2621.42,2564.59,2324.52,1923.71,1402.71,823.02,277.23,119.61,22.57,0.0,0.0,0.0,20500.2,2621.4,12,0.0,0.0,0.0,0.0,0.0,23.07,130.96,522.59,1107.78,1680.79,2157.57,2484.38,2628.84,2577.37,2334.72,1924.06,1388.34,795.31,254.79,74.3,0.0,0.0,0.0,0.0,20084.9,2628.8,12,0.0,0.0,0.0,0.0,0.0,0.0,45.06,436.61,1050.52,1657.05,2154.75,2486.24,2619.0,2540.79,2258.67,1799.53,1213.3,586.27,96.27,0.0,0.0,0.0,0.0,0.0,18944.1,2619.0,12,0.0,0.0,0.0,0.0,0.0,0.0,0.0,270.27,978.0,1646.94,2168.04,2493.74,2598.38,2473.97,2129.84,1593.04,913.3,212.96,0.0,0.0,0.0,0.0,0.0,0.0,17478.5,2598.4,12,0.0,0.0,0.0,0.0,0.0,0.0,0.0,0.0,652.12,1469.19,2041.53,2374.76,2463.14,2304.02,1901.56,1259.29,375.89,0.0,0.0,0.0,0.0,0.0,0.0,0.0,14841.5,2463.1,12,0.0,0.0,0.0,0.0,0.0,0.0,0.0,0.0,0.0,754.24,1482.03,1891.14,2015.98,1863.78,1425.2,663.24,0.0,0.0,0.0,0.0,0.0,0.0,0.0,0.0,10095.6,2016.0,12
Belgium,50.5,4.5,0,0.0,0.0,0.0,0.0,0.0,0.0,0.0,0.0,34.24,717.1,1339.69,1684.21,1754.14,1550.83,1070.45,337.29,0.0,0.0,0.0,0.0,0.0,0.0,0.0,0.0,8487.9,1754.1,12,0.0,0.0,0.0,0.0,0.0,0.0,73.4,563.31,1204.73,1798.12,2254.33,2523.93,2581.36,2421.49,2059.11,1530.44,900.29,293.97,3.78,0.0,0.0,0.0,0.0,0.0,18208.3,2581.4,12,0.0,0.0,0.0,0.0,8.0,120.84,300.44,809.44,1364.31,1867.54,2254.93,2484.79,2534.38,2398.91,2091.49,1643.49,1106.38,557.88,179.29,61.83,0.0,0.0,0.0,0.0,19783.9,2534.4,12,0.0,0.0,0.0,0.0,0.0,0.0,12.3,499.09,1185.73,1786.48,2221.58,2451.15,2456.36,2236.69,1809.96,1214.66,527.18,17.64,0.0,0.0,0.0,0.0,0.0,0.0,16418.8,2456.4,12,0.0,0.0,0.0,0.0,0.0,0.0,0.0,0.0,34.24,717.1,1339.69,1684.21,1754.14,1550.83,1070.45,337.29,0.0,0.0,0.0,0.0,0.0,0.0,0.0,0.0,8487.9,1754.1,12,0.0,0.0,0.0,0.0,0.0,0.0,0.0,0.0,248.83,1019.17,1616.73,1974.79,2082.98,1938.12,1544.7,915.03,152.8,0.0,0.0,0.0,0.0,0.0,0.0,0.0,11493.2,2083.0,12,0.0,0.0,0.0,0.0,0.0,0.0,0.0,105.34,765.46,1442.55,1968.01,2290.89,2386.19,2246.99,1883.69,1325.36,631.92,38.29,0.0,0.0,0.0,0.0,0.0,0.0,15084.7,2386.2,12,0.0,0.0,0.0,0.0,0.0,0.0,73.4,563.31,1204.73,1798.12,2254.33,2523.93,2581.36,2421.49,2059.11,1530.44,900.29,293.97,3.78,0.0,0.0,0.0,0.0,0.0,18208.3,2581.4,12,0.0,0.0,0.0,0.0,0.0,48.19,274.2,812.83,1409.21,1944.21,2347.29,2575.18,2605.63,2435.82,2082.16,1581.33,994.42,421.63,91.69,0.02,0.0,0.0,0.0,0.0,19623.8,2605.6,12,0.0,0.0,0.0,0.0,8.16,123.54,339.05,862.5,1422.67,1923.21,2301.2,2516.36,2547.51,2391.71,2064.09,1598.47,1049.58,500.61,162.17,39.79,0.0,0.0,0.0,0.0,19850.6,2547.5,12,0.0,0.0,0.0,0.0,8.0,120.84,300.44,809.44,1364.31,1867.54,2254.93,2484.79,2534.38,2398.91,2091.49,1643.49,1106.38,557.88,179.29,61.83,0.0,0.0,0.0,0.0,19783.9,2534.4,12,0.0,0.0,0.0,0.0,0.0,55.97,234.95,731.95,1302.69,1829.1,2238.58,2485.42,2544.7,2410.64,2096.3,1634.29,1079.63,519.46,136.69,10.65,0.0,0.0,0.0,0.0,19311.0,2544.7,12,0.0,0.0,0.0,0.0,0.0,0.03,144.82,651.13,1263.49,1823.46,2249.89,2495.79,2537.08,2369.82,2009.91,1494.57,888.97,312.38,15.61,0.0,0.0,0.0,0.0,0.0,18257.0,2537.1,12,0.0,0.0,0.0,0.0,0.0,0.0,12.3,499.09,1185.73,1786.48,2221.58,2451.15,2456.36,2236.69,1809.96,1214.66,527.18,17.64,0.0,0.0,0.0,0.0,0.0,0.0,16418.8,2456.4,12,0.0,0.0,0.0,0.0,0.0,0.0,0.0,82.73,808.15,1478.38,1937.13,2162.05,2143.22,1881.36,1387.68,688.02,25.65,0.0,0.0,0.0,0.0,0.0,0.0,0.0,12594.4,2162.1,11,0.0,0.0,0.0,0.0,0.0,0.0,0.0,0.0,219.45,973.18,1514.55,1786.58,1791.37,1528.89,996.84,244.06,0.0,0.0,0.0,0.0,0.0,0.0,0.0,0.0,9054.9,1791.4,12
Belize,17.0,-88.5,-6,0.0,0.0,0.0,0.0,0.0,0.0,0.0,265.63,1067.0,1754.52,2273.53,2594.15,2696.86,2575.25,2236.89,1702.29,1002.11,201.14,0.0,0.0,0.0,0.0,0.0,0.0,18369.4,2696.9,12,0.0,0.0,0.0,0.0,0.0,0.0,8.07,550.48,1293.71,1963.2,2482.1,2806.48,2911.26,2788.57,2447.68,1915.14,1236.69,494.03,1.87,0.0,0.0,0.0,0.0,0.0,20899.3,2911.3,12,0.0,0.0,0.0,0.0,0.0,0.0,79.09,590.16,1219.55,1796.32,2248.14,2532.56,2625.59,2519.7,2223.46,1761.92,1178.94,549.91,60.97,0.0,0.0,0.0,0.0,0.0,19386.3,2625.6,12,0.0,0.0,0.0,0.0,0.0,0.0,21.36,646.06,1395.95,2042.72,2522.82,2798.65,2849.81,2672.6,2279.95,1701.5,986.48,240.32,0.0,0.0,0.0,0.0,0.0,0.0,20158.2,2849.8,12,0.0,0.0,0.0,0.0,0.0,0.0,0.0,265.63,1067.0,1754.52,2273.53,2594.15,2696.86,2575.25,2236.89,1702.29,1002.11,201.14,0.0,0.0,0.0,0.0,0.0,0.0,18369.4,2696.9,12,0.0,0.0,0.0,0.0,0.0,0.0,0.0,241.4,1053.57,1775.5,2336.95,2701.53,2845.49,2759.35,2448.77,1934.02,1248.43,444.05,0.0,0.0,0.0,0.0,0.0,0.0,19789.1,2845.5,12,0.0,0.0,0.0,0.0,0.0,0.0,0.0,359.92,1150.24,1866.25,2427.92,2792.18,2932.89,2840.13,2520.44,1996.64,1308.08,521.41,0.0,0.0,0.0,0.0,0.0,0.0,20716.1,2932.9,12,0.0,0.0,0.0,0.0,0.0,0.0,8.07,550.48,1293.71,1963.2,2482.1,2806.48,2911.26,2788.57,2447.68,1915.14,1236.69,494.03,1.87,0.0,0.0,0.0,0.0,0.0,20899.3,2911.3,12,0.0,0.0,0.0,0.0,0.0,0.0,83.01,664.31,1348.99,1960.68,2428.75,2711.69,2786.59,2647.66,2305.85,1789.41,1146.7,464.52,10.38,0.0,0.0,0.0,0.0,0.0,20348.5,2786.6,12,0.0,0.0,0.0,0.0,0.0,0.0,110.75,655.6,1293.13,1867.15,2308.99,2577.98,2651.69,2524.22,2205.88,1723.77,1124.41,489.41,36.79,0.0,0.0,0.0,0.0,0.0,19569.8,2651.7,12,0.0,0.0,0.0,0.0,0.0,0.0,79.09,590.16,1219.55,1796.32,2248.14,2532.56,2625.59,2519.7,2223.46,1761.92,1178.94,549.91,60.97,0.0,0.0,0.0,0.0,0.0,19386.3,2625.6,12,0.0,0.0,0.0,0.0,0.0,0.0,44.44,557.53,1219.71,1828.58,2307.46,2612.06,2717.16,2614.4,2311.87,1834.57,1226.46,563.69,46.59,0.0,0.0,0.0,0.0,0.0,19884.5,2717.2,12,0.0,0.0,0.0,0.0,0.0,0.0,29.12,592.75,1306.01,1945.55,2437.51,2739.25,2826.89,2693.7,2349.88,1822.87,1159.91,447.17,1.29,0.0,0.0,0.0,0.0,0.0,20351.9,2826.9,12,0.0,0.0,0.0,0.0,0.0,0.0,21.36,646.06,1395.95,2042.72,2522.82,2798.65,2849.81,2672.6,2279.95,1701.5,986.48,240.32,0.0,0.0,0.0,0.0,0.0,0.0,20158.2,2849.8,12,0.0,0.0,0.0,0.0,0.0,0.0,3.97,627.81,1394.7,2034.93,2498.15,2752.67,2781.29,2582.11,2168.57,1568.77,826.59,78.92,0.0,0.0,0.0,0.0,0.0,0.0,19318.5,2781.3,12,0.0,0.0,0.0,0.0,0.0,0.0,0.0,453.31,1233.2,1882.84,2357.27,2627.74,2677.38,2503.05,2115.74,1539.26,808.57,57.11,0.0,0.0,0.0,0.0,0.0,0.0,18255.5,2677.4,12
Benin,9.3,2.3,0,0.0,0.0,0.0,0.0,0.0,0.0,0.0,249.57,921.01,1552.91,2040.77,2340.35,2428.28,2297.97,1959.2,1438.82,787.04,141.34,0.0,0.0,0.0,0.0,0.0,0.0,16157.3,2428.3,12,0.0,0.0,0.0,0.0,0.0,0.0,2.23,438.64,1135.38,1778.61,2278.22,2586.74,2678.38,2545.85,2199.81,1669.66,1008.02,320.99,0.0,0.0,0.0,0.0,0.0,0.0,18642.5,2678.4,12,0.0,0.0,0.0,0.0,0.0,0.0,24.5,465.1,1067.61,1626.86,2064.14,2335.5,2416.96,2301.63,1999.27,1536.97,962.98,366.58,3.57,0.0,0.0,0.0,0.0,0.0,17171.7,2417.0,12,0.0,0.0,0.0,0.0,0.0,0.0,19.37,558.7,1263.51,1884.06,2344.9,2605.12,2643.79,2457.89,2062.13,1490.02,801.23,143.26,0.0,0.0,0.0,0.0,0.0,0.0,18274.0,2643.8,12,0.0,0.0,0.0,0.0,0.0,0.0,0.0,249.57,921.01,1552.91,2040.77,2340.35,2428.28,2297.97,1959.2,1438.82,787.04,141.34,0.0,0.0,0.0,0.0,0.0,0.0,16157.3,2428.3,12,0.0,0.0,0.0,0.0,0.0,0.0,0.0,202.35,885.68,1554.27,2085.54,2429.2,2557.79,2461.54,2147.71,1641.06,987.68,289.88,0.0,0.0,0.0,0.0,0.0,0.0,17242.7,2557.8,12,0.0,0.0,0.0,0.0,0.0,0.0,0.0,271.52,968.66,1641.66,2176.58,2521.28,2647.17,2544.34,2220.88,1703.37,1040.99,336.02,0.0,0.0,0.0,0.0,0.0,0.0,18072.5,2647.2,12,0.0,0.0,0.0,0.0,0.0,0.0,2.23,438.64,1135.38,1778.61,2278.22,2586.74,2678.38,2545.85,2199.81,1669.66,1008.02,320.99,0.0,0.0,0.0,0.0,0.0,0.0,18642.5,2678.4,12,0.0,0.0,0.0,0.0,0.0,0.0,31.24,529.81,1181.27,1771.95,2223.42,2492.09,2554.9,2406.7,2059.87,1545.33,917.56,284.88,0.0,0.0,0.0,0.0,0.0,0.0,17999.0,2554.9,12,0.0,0.0,0.0,0.0,0.0,0.0,37.64,495.13,1094.54,1644.68,2068.43,2322.63,2384.45,2248.57,1926.84,1449.2,868.72,287.31,0.17,0.0,0.0,0.0,0.0,0.0,16828.3,2384.4,12,0.0,0.0,0.0,0.0,0.0,0.0,24.5,465.1,1067.61,1626.86,2064.14,2335.5,2416.96,2301.63,1999.27,1536.97,962.98,366.58,3.57,0.0,0.0,0.0,0.0,0.0,17171.7,2417.0,12,0.0,0.0,0.0,0.0,0.0,0.0,14.69,481.44,1131.76,1730.83,2199.2,2492.62,2586.45,2473.14,2161.77,1678.6,1070.07,421.6,4.04,0.0,0.0,0.0,0.0,0.0,18446.2,2586.4,12,0.0,0.0,0.0,0.0,0.0,0.0,12.98,511.48,1198.98,1821.35,2298.65,2586.94,2662.47,2519.24,2168.63,1640.17,985.78,309.56,0.0,0.0,0.0,0.0,0.0,0.0,18716.2,2662.5,12,0.0,0.0,0.0,0.0,0.0,0.0,19.37,558.7,1263.51,1884.06,2344.9,2605.12,2643.79,2457.89,2062.13,1490.02,801.23,143.26,0.0,0.0,0.0,0.0,0.0,0.0,18274.0,2643.8,12,0.0,0.0,0.0,0.0,0.0,0.0,14.9,549.16,1249.85,1855.82,2296.26,2533.74,2549.82,2343.3,1930.14,1344.75,650.52,50.13,0.0,0.0,0.0,0.0,0.0,0.0,17368.4,2549.8,12,0.0,0.0,0.0,0.0,0.0,0.0,0.54,405.09,1085.96,1689.8,2136.69,2388.01,2424.33,2242.94,1857.68,1300.11,630.07,48.18,0.0,0.0,0.0,0.0,0.0,0.0,16209.4,2424.3,12
Bhutan,27.5,90.5,6,0.0,0.0,0.0,0.0,0.0,0.0,0.0,83.77,1009.17,1751.74,2299.2,2640.18,2759.01,2649.46,2317.28,1777.89,1043.56,114.55,0.0,0.0,0.0,0.0,0.0,0.0,18445.8,2759.0,12,0.0,0.0,0.0,0.0,0.0,0.0,8.91,554.03,1306.89,1989.0,2522.64,2863.01,2983.96,2876.47,2548.61,2025.56,1351.0,599.56,19.26,0.0,0.0,0.0,0.0,0.0,21648.9,2984.0,12,0.0,0.0,0.0,0.0,0.0,0.0,116.3,614.92,1231.36,1804.58,2260.14,2553.22,2658.09,2565.94,2284.48,1838.29,1270.77,653.69,134.29,0.0,0.0,0.0,0.0,0.0,19986.1,2658.1,12,0.0,0.0,0.0,0.0,0.0,0.0,5.95,589.81,1350.73,2011.78,2507.66,2799.95,2867.3,2704.83,2324.24,1753.72,1039.95,278.61,0.0,0.0,0.0,0.0,0.0,0.0,20234.5,2867.3,12,0.0,0.0,0.0,0.0,0.0,0.0,0.0,83.77,1009.17,1751.74,2299.2,2640.18,2759.01,2649.46,2317.28,1777.89,1043.56,114.55,0.0,0.0,0.0,0.0,0.0,0.0,18445.8,2759.0,12,0.0,0.0,0.0,0.0,0.0,0.0,0.0,110.01,1009.65,1772.01,2357.57,2741.51,2902.34,2830.45,2530.16,2018.9,1322.18,456.82,0.0,0.0,0.0,0.0,0.0,0.0,20051.6,2902.3,12,0.0,0.0,0.0,0.0,0.0,0.0,0.0,312.56,1139.71,1878.71,2459.53,2841.84,2999.64,2922.22,2614.86,2098.47,1408.56,598.53,0.0,0.0,0.0,0.0,0.0,0.0,21274.6,2999.6,12,0.0,0.0,0.0,0.0,0.0,0.0,8.91,554.03,1306.89,1989.0,2522.64,2863.01,2983.96,2876.47,2548.61,2025.56,1351.0,599.56,19.26,0.0,0.0,0.0,0.0,0.0,21648.9,2984.0,12,0.0,0.0,0.0,0.0,0.0,0.0,103.58,679.2,1360.98,1977.47,2455.39,2751.17,2840.4,2715.99,2387.95,1883.72,1250.63,570.04,59.13,0.0,0.0,0.0,0.0,0.0,21035.6,2840.4,12,0.0,0.0,0.0,0.0,0.0,0.0,141.23,683.43,1315.04,1890.32,2339.0,2618.52,2704.9,2591.05,2286.4,1817.36,1229.47,598.78,103.4,0.0,0.0,0.0,0.0,0.0,20318.9,2704.9,12,0.0,0.0,0.0,0.0,0.0,0.0,116.3,614.92,1231.36,1804.58,2260.14,2553.22,2658.09,2565.94,2284.48,1838.29,1270.77,653.69,134.29,0.0,0.0,0.0,0.0,0.0,19986.1,2658.1,12,0.0,0.0,0.0,0.0,0.0,0.0,76.3,548.93,1180.11,1776.61,2254.95,2566.55,2683.58,2596.09,2311.43,1854.67,1270.91,636.57,115.32,0.0,0.0,0.0,0.0,0.0,19872.0,2683.6,12,0.0,0.0,0.0,0.0,0.0,0.0,32.6,552.87,1245.79,1882.5,2380.71,2693.9,2796.0,2678.79,2351.63,1841.8,1197.4,504.9,18.09,0.0,0.0,0.0,0.0,0.0,20177.0,2796.0,12,0.0,0.0,0.0,0.0,0.0,0.0,5.95,589.81,1350.73,2011.78,2507.66,2799.95,2867.3,2704.83,2324.24,1753.72,1039.95,278.61,0.0,0.0,0.0,0.0,0.0,0.0,20234.5,2867.3,12,0.0,0.0,0.0,0.0,0.0,0.0,0.0,521.01,1336.76,2005.66,2490.73,2763.91,2808.44,2621.52,2214.75,1612.3,846.61,46.2,0.0,0.0,0.0,0.0,0.0,0.0,19267.9,2808.4,12,0.0,0.0,0.0,0.0,0.0,0.0,0.0,284.11,1169.84,1864.75,2366.07,2656.53,2721.69,2558.07,2174.29,1587.69,809.76,6.67,0.0,0.0,0.0,0.0,0.0,0.0,18199.5,2721.7,12
Bolivia,-17.0,-65.0,-4,0.0,0.0,0.0,0.0,0.0,0.0,4.29,370.26,1031.32,1687.86,2236.58,2621.87,2810.44,2786.97,2553.32,2128.62,1550.39,880.96,245.56,0.0,0.0,0.0,0.0,0.0,20908.4,2810.4,12,0.0,0.0,0.0,0.0,0.0,0.0,0.0,123.01,815.76,1532.78,2126.71,2541.39,2744.11,2719.65,2469.83,2013.47,1387.29,655.5,34.08,0.0,0.0,0.0,0.0,0.0,19163.6,2744.1,12,0.0,0.0,0.0,0.0,0.0,0.0,0.0,10.45,655.79,1355.13,1913.45,2297.94,2485.58,2464.72,2236.67,1815.49,1226.17,505.11,0.0,0.0,0.0,0.0,0.0,0.0,16966.5,2485.6,12,0.0,0.0,0.0,0.0,0.0,0.0,0.0,326.32,1029.96,1706.56,2251.72,2613.16,2761.0,2683.62,2387.1,1895.5,1253.09,539.83,14.36,0.0,0.0,0.0,0.0,0.0,19462.2,2761.0,12,0.0,0.0,0.0,0.0,0.0,0.0,4.29,370.26,1031.32,1687.86,2236.58,2621.87,2810.44,2786.97,2553.32,2128.62,1550.39,880.96,245.56,0.0,0.0,0.0,0.0,0.0,20908.4,2810.4,12,0.0,0.0,0.0,0.0,0.0,0.0,0.0,229.31,883.88,1572.79,2164.36,2594.75,2825.96,2839.04,2632.9,2224.29,1648.74,966.1,294.35,0.0,0.0,0.0,0.0,0.0,20876.5,2839.0,13,0.0,0.0,0.0,0.0,0.0,0.0,0.0,144.1,797.19,1504.33,2110.75,2549.84,2782.99,2791.24,2573.88,2148.49,1552.06,848.34,179.74,0.0,0.0,0.0,0.0,0.0,19982.9,2791.2,13,0.0,0.0,0.0,0.0,0.0,0.0,0.0,123.01,815.76,1532.78,2126.71,2541.39,2744.11,2719.65,2469.83,2013.47,1387.29,655.5,34.08,0.0,0.0,0.0,0.0,0.0,19163.6,2744.1,12,0.0,0.0,0.0,0.0,0.0,0.0,0.0,115.82,852.8,1559.74,2124.26,2505.6,2677.93,2629.67,2364.08,1899.05,1266.42,518.38,0.04,0.0,0.0,0.0,0.0,0.0,18513.8,2677.9,12,0.0,0.0,0.0,0.0,0.0,0.0,0.0,55.43,784.28,1478.24,2025.17,2393.92,2562.19,2519.45,2268.42,1824.64,1214.33,473.93,0.0,0.0,0.0,0.0,0.0,0.0,17600.0,2562.2,12,0.0,0.0,0.0,0.0,0.0,0.0,0.0,10.45,655.79,1355.13,1913.45,2297.94,2485.58,2464.72,2236.67,1815.49,1226.17,505.11,0.0,0.0,0.0,0.0,0.0,0.0,16966.5,2485.6,12,0.0,0.0,0.0,0.0,0.0,0.0,0.0,13.81,609.45,1308.74,1883.18,2284.91,2486.06,2472.99,2246.59,1822.19,1229.47,521.08,1.52,0.0,0.0,0.0,0.0,0.0,16880.0,2486.1,12,0.0,0.0,0.0,0.0,0.0,0.0,0.0,104.41,763.26,1454.32,2023.55,2415.83,2599.97,2562.13,2305.12,1848.54,1230.22,520.6,6.05,0.0,0.0,0.0,0.0,0.0,17834.0,2600.0,12,0.0,0.0,0.0,0.0,0.0,0.0,0.0,326.32,1029.96,1706.56,2251.72,2613.16,2761.0,2683.62,2387.1,1895.5,1253.09,539.83,14.36,0.0,0.0,0.0,0.0,0.0,19462.2,2761.0,12,0.0,0.0,0.0,0.0,0.0,0.0,21.16,529.79,1236.35,1891.96,2411.5,2746.89,2870.52,2772.7,2461.14,1961.37,1318.79,611.86,49.93,0.0,0.0,0.0,0.0,0.0,20883.9,2870.5,12,0.0,0.0,0.0,0.0,0.0,0.0,34.7,511.08,1189.32,1829.97,2346.16,2688.5,2828.14,2753.89,2471.69,2004.9,1395.92,715.99,126.54,0.0,0.0,0.0,0.0,0.0,20896.8,2828.1,12
Bosnia and Herzegovina,44.0,17.5,1,0.0,0.0,0.0,0.0,0.0,0.0,0.0,0.0,316.57,1193.53,1801.02,2150.44,2248.35,2094.57,1689.09,1021.11,129.93,0.0,0.0,0.0,0.0,0.0,0.0,0.0,12644.6,2248.3,12,0.0,0.0,0.0,0.0,0.0,0.0,43.38,561.1,1252.75,1889.53,2384.56,2689.54,2778.22,2643.3,2296.07,1767.08,1110.48,427.81,10.82,0.0,0.0,0.0,0.0,0.0,19854.6,2778.2,12,0.0,0.0,0.0,0.0,0.0,64.92,227.61,727.13,1297.69,1825.25,2240.15,2497.96,2573.7,2460.31,2168.38,1726.57,1183.66,616.0,175.27,35.4,0.0,0.0,0.0,0.0,19820.0,2573.7,12,0.0,0.0,0.0,0.0,0.0,0.0,6.27,511.74,1231.88,1862.93,2328.93,2590.1,2626.11,2434.2,2028.98,1443.42,737.1,86.14,0.0,0.0,0.0,0.0,0.0,0.0,17887.8,2626.1,12,0.0,0.0,0.0,0.0,0.0,0.0,0.0,0.0,316.57,1193.53,1801.02,2150.44,2248.35,2094.57,1689.09,1021.11,129.93,0.0,0.0,0.0,0.0,0.0,0.0,0.0,12644.6,2248.3,12,0.0,0.0,0.0,0.0,0.0,0.0,0.0,0.0,593.6,1428.95,2034.56,2410.46,2547.15,2439.56,2091.84,1513.79,707.13,0.0,0.0,0.0,0.0,0.0,0.0,0.0,15767.0,2547.1,12,0.0,0.0,0.0,0.0,0.0,0.0,0.0,170.35,939.0,1660.39,2219.81,2575.41,2702.86,2593.55,2254.97,1710.41,1000.45,224.99,0.0,0.0,0.0,0.0,0.0,0.0,18052.2,2702.9,12,0.0,0.0,0.0,0.0,0.0,0.0,43.38,561.1,1252.75,1889.53,2384.56,2689.54,2778.22,2643.3,2296.07,1767.08,1110.48,427.81,10.82,0.0,0.0,0.0,0.0,0.0,19854.6,2778.2,12,0.0,0.0,0.0,0.0,0.0,10.21,205.93,765.53,1399.51,1972.45,2411.51,2672.44,2731.47,2583.44,2241.56,1738.15,1128.1,503.8,90.14,0.0,0.0,0.0,0.0,0.0,20454.3,2731.5,12,0.0,0.0,0.0,0.0,0.0,70.2,263.11,782.6,1361.33,1887.83,2294.3,2537.9,2595.29,2461.16,2148.07,1686.97,1129.7,557.97,156.3,16.02,0.0,0.0,0.0,0.0,19948.7,2595.3,12,0.0,0.0,0.0,0.0,0.0,64.92,227.61,727.13,1297.69,1825.25,2240.15,2497.96,2573.7,2460.31,2168.38,1726.57,1183.66,616.0,175.27,35.4,0.0,0.0,0.0,0.0,19820.0,2573.7,12,0.0,0.0,0.0,0.0,0.0,13.06,163.62,684.27,1297.37,1865.49,2313.36,2594.51,2682.74,2570.16,2266.77,1801.01,1222.17,610.51,130.78,3.58,0.0,0.0,0.0,0.0,20219.4,2682.7,12,0.0,0.0,0.0,0.0,0.0,0.0,102.26,640.09,1300.6,1903.89,2369.26,2650.2,2721.68,2577.55,2230.15,1711.17,1076.13,426.5,24.61,0.0,0.0,0.0,0.0,0.0,19734.1,2721.7,12,0.0,0.0,0.0,0.0,0.0,0.0,6.27,511.74,1231.88,1862.93,2328.93,2590.1,2626.11,2434.2,2028.98,1443.42,737.1,86.14,0.0,0.0,0.0,0.0,0.0,0.0,17887.8,2626.1,12,0.0,0.0,0.0,0.0,0.0,0.0,0.0,233.24,1077.77,1764.3,2242.31,2494.05,2507.81,2282.88,1829.7,1165.35,325.09,0.0,0.0,0.0,0.0,0.0,0.0,0.0,15922.5,2507.8,12,0.0,0.0,0.0,0.0,0.0,0.0,0.0,0.0,661.28,1463.98,1997.36,2282.59,2320.23,2109.82,1652.26,934.56,52.99,0.0,0.0,0.0,0.0,0.0,0.0,0.0,13475.1,2320.2,12
Botswana,-22.0,24.0,2,0.0,0.0,0.0,0.0,0.0,0.0,8.0,340.96,949.04,1579.12,2118.73,2505.76,2703.28,2693.85,2478.27,2075.63,1524.76,890.71,293.69,1.97,0.0,0.0,0.0,0.0,20163.8,2703.3,12,0.0,0.0,0.0,0.0,0.0,0.0,0.0,75.02,736.12,1457.36,2062.11,2490.63,2708.63,2699.69,2464.46,2020.65,1403.98,677.21,44.7,0.0,0.0,0.0,0.0,0.0,18840.6,2708.6,12,0.0,0.0,0.0,0.0,0.0,0.0,0.0,0.0,443.08,1162.6,1742.36,2145.1,2348.78,2341.68,2124.22,1708.88,1118.3,392.9,0.0,0.0,0.0,0.0,0.0,0.0,15527.9,2348.8,12,0.0,0.0,0.0,0.0,0.0,0.0,0.0,282.91,971.36,1649.67,2203.65,2577.81,2740.44,2678.53,2397.03,1919.09,1288.26,582.6,31.33,0.0,0.0,0.0,0.0,0.0,19322.7,2740.4,12,0.0,0.0,0.0,0.0,0.0,0.0,8.0,340.96,949.04,1579.12,2118.73,2505.76,2703.28,2693.85,2478.27,2075.63,1524.76,890.71,293.69,1.97,0.0,0.0,0.0,0.0,20163.8,2703.3,12,0.0,0.0,0.0,0.0,0.0,0.0,0.0,212.86,826.83,1498.04,2086.34,2522.09,2764.11,2791.48,2601.87,2211.39,1655.75,995.77,345.29,1.81,0.0,0.0,0.0,0.0,20513.6,2791.5,13,0.0,0.0,0.0,0.0,0.0,0.0,0.0,136.59,781.31,1491.83,2107.48,2559.3,2807.16,2830.8,2628.28,2215.95,1629.46,929.89,245.02,0.0,0.0,0.0,0.0,0.0,20363.1,2830.8,13,0.0,0.0,0.0,0.0,0.0,0.0,0.0,75.02,736.12,1457.36,2062.11,2490.63,2708.63,2699.69,2464.46,2020.65,1403.98,677.21,44.7,0.0,0.0,0.0,0.0,0.0,18840.6,2708.6,12,0.0,0.0,0.0,0.0,0.0,0.0,0.0,23.75,660.48,1373.64,1951.75,2348.22,2535.95,2502.37,2249.73,1794.98,1169.75,433.93,0.0,0.0,0.0,0.0,0.0,0.0,17044.5,2535.9,12,0.0,0.0,0.0,0.0,0.0,0.0,0.0,0.54,539.25,1251.09,1818.08,2204.64,2388.79,2359.69,2119.08,1681.02,1070.17,334.81,0.0,0.0,0.0,0.0,0.0,0.0,15767.2,2388.8,12,0.0,0.0,0.0,0.0,0.0,0.0,0.0,0.0,443.08,1162.6,1742.36,2145.1,2348.78,2341.68,2124.22,1708.88,1118.3,392.9,0.0,0.0,0.0,0.0,0.0,0.0,15527.9,2348.8,12,0.0,0.0,0.0,0.0,0.0,0.0,0.0,0.35,533.9,1262.07,1857.46,2276.96,2494.3,2495.74,2281.18,1864.19,1270.92,544.21,0.6,0.0,0.0,0.0,0.0,0.0,16881.9,2495.7,13,0.0,0.0,0.0,0.0,0.0,0.0,0.0,74.85,751.9,1465.44,2053.21,2462.77,2663.37,2640.55,2395.96,1947.33,1329.03,601.26,12.91,0.0,0.0,0.0,0.0,0.0,18398.6,2663.4,12,0.0,0.0,0.0,0.0,0.0,0.0,0.0,282.91,971.36,1649.67,2203.65,2577.81,2740.44,2678.53,2397.03,1919.09,1288.26,582.6,31.33,0.0,0.0,0.0,0.0,0.0,19322.7,2740.4,12,0.0,0.0,0.0,0.0,0.0,0.0,16.11,449.08,1108.7,1745.84,2262.38,2604.0,2739.8,2658.23,2366.25,1889.81,1276.61,609.49,76.85,0.0,0.0,0.0,0.0,0.0,19803.2,2739.8,12,0.0,0.0,0.0,0.0,0.0,0.0,37.37,454.83,1080.51,1696.33,2204.76,2550.02,2699.77,2640.86,2378.44,1936.28,1358.94,721.38,170.79,0.0,0.0,0.0,0.0,0.0,19930.3,2699.8,12
Brazil,-10.0,-53.0,-4,0.0,0.0,0.0,0.0,0.0,0.0,199.01,851.42,1533.57,2117.28,2542.93,2774.61,2794.05,2599.74,2206.89,1648.03,977.34,301.35,0.0,0.0,0.0,0.0,0.0,0.0,20546.2,2794.1,12,0.0,0.0,0.0,0.0,0.0,0.0,96.73,832.24,1586.91,2219.72,2677.29,2925.76,2947.35,2740.53,2320.06,1716.74,979.3,211.0,0.0,0.0,0.0,0.0,0.0,0.0,21253.6,2947.3,12,0.0,0.0,0.0,0.0,0.0,0.0,15.66,657.62,1354.38,1930.47,2345.01,2570.26,2591.13,2406.21,2027.87,1481.43,804.54,95.82,0.0,0.0,0.0,0.0,0.0,0.0,18280.4,2591.1,12,0.0,0.0,0.0,0.0,0.0,0.0,163.35,817.19,1501.24,2073.23,2472.07,2663.15,2631.06,2378.37,1925.79,1314.19,617.08,45.02,0.0,0.0,0.0,0.0,0.0,0.0,18601.7,2663.1,11,0.0,0.0,0.0,0.0,0.0,0.0,199.01,851.42,1533.57,2117.28,2542.93,2774.61,2794.05,2599.74,2206.89,1648.03,977.34,301.35,0.0,0.0,0.0,0.0,0.0,0.0,20546.2,2794.1,12,0.0,0.0,0.0,0.0,0.0,0.0,109.8,782.78,1516.36,2152.89,2629.42,2907.4,2965.7,2799.95,2422.52,1862.67,1168.76,428.42,0.04,0.0,0.0,0.0,0.0,0.0,21746.7,2965.7,12,0.0,0.0,0.0,0.0,0.0,0.0,81.86,781.42,1542.7,2198.05,2685.67,2967.36,3022.21,2846.22,2452.25,1870.11,1148.5,377.7,0.0,0.0,0.0,0.0,0.0,0.0,21974.0,3022.2,12,0.0,0.0,0.0,0.0,0.0,0.0,96.73,832.24,1586.91,2219.72,2677.29,2925.76,2947.35,2740.53,2320.06,1716.74,979.3,211.0,0.0,0.0,0.0,0.0,0.0,0.0,21253.6,2947.3,12,0.0,0.0,0.0,0.0,0.0,0.0,102.75,839.86,1561.24,2152.92,2570.45,2784.67,2780.82,2559.18,2135.06,1538.13,813.47,83.96,0.0,0.0,0.0,0.0,0.0,0.0,19922.5,2784.7,11,0.0,0.0,0.0,0.0,0.0,0.0,54.62,750.87,1444.87,2012.03,2412.59,2619.66,2619.33,2411.65,2010.57,1443.05,748.86,53.45,0.0,0.0,0.0,0.0,0.0,0.0,18581.5,2619.7,11,0.0,0.0,0.0,0.0,0.0,0.0,15.66,657.62,1354.38,1930.47,2345.01,2570.26,2591.13,2406.21,2027.87,1481.43,804.54,95.82,0.0,0.0,0.0,0.0,0.0,0.0,18280.4,2591.1,12,0.0,0.0,0.0,0.0,0.0,0.0,7.04,553.36,1250.72,1844.35,2277.52,2517.62,2547.46,2364.92,1982.97,1429.71,752.5,90.55,0.0,0.0,0.0,0.0,0.0,0.0,17618.7,2547.5,12,0.0,0.0,0.0,0.0,0.0,0.0,38.77,610.72,1297.9,1887.98,2313.94,2539.21,2546.01,2333.82,1919.33,1337.85,653.57,58.15,0.0,0.0,0.0,0.0,0.0,0.0,17537.2,2546.0,12,0.0,0.0,0.0,0.0,0.0,0.0,163.35,817.19,1501.24,2073.23,2472.07,2663.15,2631.06,2378.37,1925.79,1314.19,617.08,45.02,0.0,0.0,0.0,0.0,0.0,0.0,18601.7,2663.1,11,0.0,0.0,0.0,0.0,0.0,0.0,309.64,991.43,1661.02,2210.12,2583.97,2750.83,2697.36,2427.83,1964.35,1348.67,653.34,66.69,0.0,0.0,0.0,0.0,0.0,0.0,19665.2,2750.8,11,0.0,0.0,0.0,0.0,0.0,0.0,303.71,965.98,1624.5,2171.62,2552.36,2734.26,2702.75,2460.34,2026.75,1440.18,765.29,147.36,0.0,0.0,0.0,0.0,0.0,0.0,19895.1,2734.3,11
Brunei,4.5,114.7,8,0.0,0.0,0.0,0.0,0.0,0.0,0.0,116.57,800.18,1495.33,2068.14,2468.1,2664.98,2644.46,2408.03,1972.9,1372.45,663.21,37.76,0.0,0.0,0.0,0.0,0.0,18712.1,2665.0,12,0.0,0.0,0.0,0.0,0.0,0.0,0.0,178.78,883.89,1597.81,2191.18,2607.86,2814.49,2795.41,2552.06,2103.03,1484.88,759.48,91.86,0.0,0.0,0.0,0.0,0.0,20060.7,2814.5,12,0.0,0.0,0.0,0.0,0.0,0.0,0.0,190.64,803.95,1428.48,1951.06,2319.36,2502.56,2486.25,2271.67,1875.79,1332.32,698.68,113.53,0.0,0.0,0.0,0.0,0.0,17974.3,2502.6,12,0.0,0.0,0.0,0.0,0.0,0.0,0.0,302.93,1035.2,1729.32,2285.85,2655.58,2809.71,2736.68,2441.95,1948.03,1295.9,557.92,7.82,0.0,0.0,0.0,0.0,0.0,19806.9,2809.7,12,0.0,0.0,0.0,0.0,0.0,0.0,0.0,116.57,800.18,1495.33,2068.14,2468.1,2664.98,2644.46,2408.03,1972.9,1372.45,663.21,37.76,0.0,0.0,0.0,0.0,0.0,18712.1,2665.0,12,0.0,0.0,0.0,0.0,0.0,0.0,0.0,59.9,732.16,1464.6,2082.49,2529.0,2769.92,2787.64,2580.85,2164.57,1570.29,850.04,135.37,0.0,0.0,0.0,0.0,0.0,19726.8,2787.6,13,0.0,0.0,0.0,0.0,0.0,0.0,0.0,85.86,777.32,1519.99,2147.27,2599.66,2841.62,2855.13,2639.19,2209.81,1600.37,866.59,145.57,0.0,0.0,0.0,0.0,0.0,20288.4,2855.1,13,0.0,0.0,0.0,0.0,0.0,0.0,0.0,178.78,883.89,1597.81,2191.18,2607.86,2814.49,2795.41,2552.06,2103.03,1484.88,759.48,91.86,0.0,0.0,0.0,0.0,0.0,20060.7,2814.5,12,0.0,0.0,0.0,0.0,0.0,0.0,0.0,259.68,940.56,1606.23,2151.56,2525.48,2697.82,2655.38,2401.42,1955.73,1355.77,665.52,62.45,0.0,0.0,0.0,0.0,0.0,19277.6,2697.8,12,0.0,0.0,0.0,0.0,0.0,0.0,0.0,247.24,880.88,1506.98,2022.54,2377.66,2543.04,2505.77,2268.74,1850.76,1287.73,641.25,73.03,0.0,0.0,0.0,0.0,0.0,18205.6,2543.0,12,0.0,0.0,0.0,0.0,0.0,0.0,0.0,190.64,803.95,1428.48,1951.06,2319.36,2502.56,2486.25,2271.67,1875.79,1332.32,698.68,113.53,0.0,0.0,0.0,0.0,0.0,17974.3,2502.6,12,0.0,0.0,0.0,0.0,0.0,0.0,0.0,173.49,815.46,1473.0,2024.65,2416.2,2615.47,2607.02,2391.47,1985.51,1422.72,759.83,132.1,0.0,0.0,0.0,0.0,0.0,18816.9,2615.5,12,0.0,0.0,0.0,0.0,0.0,0.0,0.0,219.63,913.76,1602.5,2170.12,2563.46,2750.95,2718.3,2467.95,2019.14,1408.85,700.1,68.58,0.0,0.0,0.0,0.0,0.0,19603.3,2750.9,12,0.0,0.0,0.0,0.0,0.0,0.0,0.0,302.93,1035.2,1729.32,2285.85,2655.58,2809.71,2736.68,2441.95,1948.03,1295.9,557.92,7.82,0.0,0.0,0.0,0.0,0.0,19806.9,2809.7,12,0.0,0.0,0.0,0.0,0.0,0.0,0.0,347.69,1087.09,1767.71,2303.37,2649.35,2779.56,2684.48,2371.1,1862.89,1201.23,461.38,0.14,0.0,0.0,0.0,0.0,0.0,19516.0,2779.6,12,0.0,0.0,0.0,0.0,0.0,0.0,0.0,256.91,971.7,1645.47,2182.38,2537.45,2684.1,2611.72,2325.53,1846.69,1213.11,492.6,1.09,0.0,0.0,0.0,0.0,0.0,18768.8,2684.1,12
Bulgaria,43.0,25.0,2,0.0,0.0,0.0,0.0,0.0,0.0,0.0,0.0,160.58,1262.13,1966.8,2410.82,2620.93,2594.52,2332.16,1835.53,1056.75,0.0,0.0,0.0,0.0,0.0,0.0,0.0,16240.2,2620.9,12,0.0,0.0,0.0,0.0,0.0,0.0,0.0,316.16,1041.89,1755.1,2346.23,2759.84,2962.51,2938.67,2690.16,2236.32,1614.65,887.17,191.1,0.0,0.0,0.0,0.0,0.0,21739.8,2962.5,12,0.0,0.0,0.0,0.0,0.0,4.4,127.69,460.64,1039.12,1615.91,2104.86,2451.81,2623.37,2604.02,2395.46,2016.69,1504.89,919.28,355.78,101.93,0.04,0.0,0.0,0.0,20325.9,2623.4,12,0.0,0.0,0.0,0.0,0.0,0.0,0.0,251.7,1001.49,1709.57,2272.6,2643.64,2795.02,2715.77,2411.55,1904.6,1234.72,474.85,0.0,0.0,0.0,0.0,0.0,0.0,19415.5,2795.0,12,0.0,0.0,0.0,0.0,0.0,0.0,0.0,0.0,160.58,1262.13,1966.8,2410.82,2620.93,2594.52,2332.16,1835.53,1056.75,0.0,0.0,0.0,0.0,0.0,0.0,0.0,16240.2,2620.9,12,0.0,0.0,0.0,0.0,0.0,0.0,0.0,0.0,343.64,1318.78,2022.86,2504.46,2755.7,2769.75,2546.72,2091.79,1415.4,478.01,0.0,0.0,0.0,0.0,0.0,0.0,18247.1,2769.7,13,0.0,0.0,0.0,0.0,0.0,0.0,0.0,15.21,767.59,1572.49,2226.73,2690.65,2935.03,2944.12,2717.34,2269.42,1628.84,835.06,40.72,0.0,0.0,0.0,0.0,0.0,20643.2,2944.1,13,0.0,0.0,0.0,0.0,0.0,0.0,0.0,316.16,1041.89,1755.1,2346.23,2759.84,2962.51,2938.67,2690.16,2236.32,1614.65,887.17,191.1,0.0,0.0,0.0,0.0,0.0,21739.8,2962.5,12,0.0,0.0,0.0,0.0,0.0,0.0,70.75,485.53,1145.41,1783.73,2310.35,2672.02,2836.81,2790.96,2538.31,2100.44,1517.83,856.17,237.47,18.19,0.0,0.0,0.0,0.0,21363.9,2836.8,12,0.0,0.0,0.0,0.0,0.0,6.76,128.05,514.97,1117.01,1702.9,2190.3,2527.53,2683.15,2643.46,2411.95,2009.38,1474.87,870.31,298.5,79.65,0.0,0.0,0.0,0.0,20658.8,2683.2,12,0.0,0.0,0.0,0.0,0.0,4.4,127.69,460.64,1039.12,1615.91,2104.86,2451.81,2623.37,2604.02,2395.46,2016.69,1504.89,919.28,355.78,101.93,0.04,0.0,0.0,0.0,20325.9,2623.4,12,0.0,0.0,0.0,0.0,0.0,0.0,77.11,395.37,983.74,1585.44,2100.38,2469.21,2655.97,2643.67,2433.37,2044.2,1514.58,907.44,331.01,56.9,0.0,0.0,0.0,0.0,20198.4,2656.0,12,0.0,0.0,0.0,0.0,0.0,0.0,7.7,344.18,991.1,1643.63,2189.43,2569.15,2748.22,2711.38,2461.65,2020.53,1429.8,761.02,166.86,0.0,0.0,0.0,0.0,0.0,20044.6,2748.2,12,0.0,0.0,0.0,0.0,0.0,0.0,0.0,251.7,1001.49,1709.57,2272.6,2643.64,2795.02,2715.77,2411.55,1904.6,1234.72,474.85,0.0,0.0,0.0,0.0,0.0,0.0,19415.5,2795.0,12,0.0,0.0,0.0,0.0,0.0,0.0,0.0,7.61,750.94,1534.0,2116.18,2481.65,2614.77,2508.96,2169.41,1610.84,848.82,34.23,0.0,0.0,0.0,0.0,0.0,0.0,16677.4,2614.8,12,0.0,0.0,0.0,0.0,0.0,0.0,0.0,0.0,379.18,1340.06,1985.96,2384.48,2542.59,2457.94,2132.01,1563.77,707.64,0.0,0.0,0.0,0.0,0.0,0.0,0.0,15493.6,2542.6,12
Burkina Faso,12.0,-2.0,0,0.0,0.0,0.0,0.0,0.0,0.0,0.0,84.17,733.18,1410.02,1953.58,2314.59,2466.15,2397.46,2113.38,1634.55,999.82,297.49,0.0,0.0,0.0,0.0,0.0,0.0,16404.4,2466.1,12,0.0,0.0,0.0,0.0,0.0,0.0,0.0,254.71,923.06,1589.2,2133.43,2498.92,2653.81,2585.45,2299.41,1819.86,1192.49,502.0,12.55,0.0,0.0,0.0,0.0,0.0,18464.9,2653.8,12,0.0,0.0,0.0,0.0,0.0,0.0,1.22,307.01,874.27,1441.98,1911.24,2228.79,2364.38,2305.93,2058.59,1645.06,1108.26,523.39,59.74,0.0,0.0,0.0,0.0,0.0,16829.9,2364.4,12,0.0,0.0,0.0,0.0,0.0,0.0,0.01,334.98,1023.46,1673.42,2182.97,2502.6,2605.55,2483.6,2146.49,1622.61,963.94,281.66,0.0,0.0,0.0,0.0,0.0,0.0,17821.3,2605.6,12,0.0,0.0,0.0,0.0,0.0,0.0,0.0,84.17,733.18,1410.02,1953.58,2314.59,2466.15,2397.46,2113.38,1634.55,999.82,297.49,0.0,0.0,0.0,0.0,0.0,0.0,16404.4,2466.1,12,0.0,0.0,0.0,0.0,0.0,0.0,0.0,49.59,667.95,1369.54,1951.97,2355.84,2549.0,2517.05,2262.3,1803.97,1179.99,465.5,1.44,0.0,0.0,0.0,0.0,0.0,17174.1,2549.0,12,0.0,0.0,0.0,0.0,0.0,0.0,0.0,112.72,772.61,1476.53,2061.33,2466.23,2657.42,2619.99,2356.81,1888.73,1256.64,537.51,10.82,0.0,0.0,0.0,0.0,0.0,18217.4,2657.4,12,0.0,0.0,0.0,0.0,0.0,0.0,0.0,254.71,923.06,1589.2,2133.43,2498.92,2653.81,2585.45,2299.41,1819.86,1192.49,502.0,12.55,0.0,0.0,0.0,0.0,0.0,18464.9,2653.8,12,0.0,0.0,0.0,0.0,0.0,0.0,1.41,362.1,994.43,1606.13,2099.05,2421.22,2543.63,2455.95,2165.59,1698.4,1101.88,462.45,15.95,0.0,0.0,0.0,0.0,0.0,17928.2,2543.6,12,0.0,0.0,0.0,0.0,0.0,0.0,5.78,367.07,954.42,1525.92,1989.31,2294.11,2411.96,2332.59,2062.92,1627.62,1072.14,476.97,34.68,0.0,0.0,0.0,0.0,0.0,17155.5,2412.0,12,0.0,0.0,0.0,0.0,0.0,0.0,1.22,307.01,874.27,1441.98,1911.24,2228.79,2364.38,2305.93,2058.59,1645.06,1108.26,523.39,59.74,0.0,0.0,0.0,0.0,0.0,16829.9,2364.4,12,0.0,0.0,0.0,0.0,0.0,0.0,0.04,278.51,875.86,1477.85,1976.79,2317.07,2467.08,2413.81,2161.78,1733.36,1171.36,551.55,55.9,0.0,0.0,0.0,0.0,0.0,17481.0,2467.1,12,0.0,0.0,0.0,0.0,0.0,0.0,0.0,299.39,950.38,1588.86,2106.27,2448.42,2585.06,2504.82,2214.27,1738.48,1124.21,458.58,8.6,0.0,0.0,0.0,0.0,0.0,18027.3,2585.1,12,0.0,0.0,0.0,0.0,0.0,0.0,0.01,334.98,1023.46,1673.42,2182.97,2502.6,2605.55,2483.6,2146.49,1622.61,963.94,281.66,0.0,0.0,0.0,0.0,0.0,0.0,17821.3,2605.6,12,0.0,0.0,0.0,0.0,0.0,0.0,0.0,325.67,1028.01,1674.05,2168.75,2468.11,2548.79,2404.7,2046.78,1503.59,827.44,155.35,0.0,0.0,0.0,0.0,0.0,0.0,17151.2,2548.8,12,0.0,0.0,0.0,0.0,0.0,0.0,0.0,219.71,915.01,1567.53,2071.87,2385.57,2485.54,2364.66,2031.59,1511.0,847.88,164.23,0.0,0.0,0.0,0.0,0.0,0.0,16564.6,2485.5,12
Burundi,-3.4,29.9,2,0.0,0.0,0.0,0.0,0.0,0.0,0.9,450.46,1156.52,1804.68,2315.26,2644.14,2765.67,2670.67,2366.27,1876.06,1241.54,535.24,10.25,0.0,0.0,0.0,0.0,0.0,19837.7,2765.7,12,0.0,0.0,0.0,0.0,0.0,0.0,0.0,438.45,1201.33,1893.24,2435.68,2784.83,2914.7,2815.88,2495.52,1977.36,1302.51,541.31,1.53,0.0,0.0,0.0,0.0,0.0,20802.3,2914.7,12,0.0,0.0,0.0,0.0,0.0,0.0,0.0,364.76,1055.09,1677.81,2164.85,2478.34,2595.54,2508.1,2222.23,1758.57,1152.53,464.34,0.15,0.0,0.0,0.0,0.0,0.0,18442.3,2595.5,12,0.0,0.0,0.0,0.0,0.0,0.0,15.33,614.58,1364.06,2021.57,2519.26,2817.15,2892.88,2740.94,2372.5,1815.66,1117.47,366.91,0.0,0.0,0.0,0.0,0.0,0.0,20658.3,2892.9,12,0.0,0.0,0.0,0.0,0.0,0.0,0.9,450.46,1156.52,1804.68,2315.26,2644.14,2765.67,2670.67,2366.27,1876.06,1241.54,535.24,10.25,0.0,0.0,0.0,0.0,0.0,19837.7,2765.7,12,0.0,0.0,0.0,0.0,0.0,0.0,0.0,342.69,1073.17,1764.4,2322.14,2697.46,2861.12,2800.83,2521.05,2043.03,1405.73,674.75,46.31,0.0,0.0,0.0,0.0,0.0,20552.7,2861.1,12,0.0,0.0,0.0,0.0,0.0,0.0,0.0,353.14,1112.17,1823.93,2395.2,2777.26,2940.86,2873.91,2581.3,2084.96,1424.66,667.1,30.08,0.0,0.0,0.0,0.0,0.0,21064.6,2940.9,12,0.0,0.0,0.0,0.0,0.0,0.0,0.0,438.45,1201.33,1893.24,2435.68,2784.83,2914.7,2815.88,2495.52,1977.36,1302.51,541.31,1.53,0.0,0.0,0.0,0.0,0.0,20802.3,2914.7,12,0.0,0.0,0.0,0.0,0.0,0.0,0.12,484.3,1215.45,1863.92,2362.91,2673.55,2773.17,2654.64,2326.49,1812.8,1154.02,421.82,0.0,0.0,0.0,0.0,0.0,0.0,19743.2,2773.2,12,0.0,0.0,0.0,0.0,0.0,0.0,0.0,431.96,1126.51,1743.9,2219.79,2517.31,2614.85,2505.47,2196.98,1711.87,1088.0,392.91,0.0,0.0,0.0,0.0,0.0,0.0,18549.6,2614.9,12,0.0,0.0,0.0,0.0,0.0,0.0,0.0,364.76,1055.09,1677.81,2164.85,2478.34,2595.54,2508.1,2222.23,1758.57,1152.53,464.34,0.15,0.0,0.0,0.0,0.0,0.0,18442.3,2595.5,12,0.0,0.0,0.0,0.0,0.0,0.0,0.0,370.29,1088.34,1739.32,2251.43,2584.66,2714.74,2632.38,2343.42,1868.7,1244.38,530.42,1.78,0.0,0.0,0.0,0.0,0.0,19369.9,2714.7,12,0.0,0.0,0.0,0.0,0.0,0.0,0.0,475.22,1222.4,1891.04,2409.82,2737.68,2850.43,2739.92,2414.11,1897.01,1229.49,482.36,0.04,0.0,0.0,0.0,0.0,0.0,20349.5,2850.4,12,0.0,0.0,0.0,0.0,0.0,0.0,15.33,614.58,1364.06,2021.57,2519.26,2817.15,2892.88,2740.94,2372.5,1815.66,1117.47,366.91,0.0,0.0,0.0,0.0,0.0,0.0,20658.3,2892.9,12,0.0,0.0,0.0,0.0,0.0,0.0,53.36,688.57,1416.19,2047.59,2518.3,2790.01,2842.08,2670.68,2288.68,1725.98,1032.5,307.22,0.0,0.0,0.0,0.0,0.0,0.0,20381.2,2842.1,12,0.0,0.0,0.0,0.0,0.0,0.0,32.46,614.69,1321.45,1944.63,2417.13,2699.65,2770.46,2624.26,2272.11,1741.63,1079.52,373.68,0.0,0.0,0.0,0.0,0.0,0.0,19891.7,2770.5,12
Cambodia,12.5,105.0,7,0.0,0.0,0.0,0.0,0.0,0.0,0.0,216.98,965.31,1646.9,2174.75,2511.39,2634.2,2534.97,2220.31,1711.34,1043.71,291.3,0.0,0.0,0.0,0.0,0.0,0.0,17951.2,2634.2,12,0.0,0.0,0.0,0.0,0.0,0.0,0.1,411.03,1133.81,1807.09,2339.74,2683.51,2810.8,2711.84,2394.25,1883.37,1224.49,499.73,4.31,0.0,0.0,0.0,0.0,0.0,19904.1,2810.8,12,0.0,0.0,0.0,0.0,0.0,0.0,19.02,441.61,1048.9,1624.6,2085.45,2384.83,2496.32,2410.59,2134.76,1692.92,1128.6,517.96,45.95,0.0,0.0,0.0,0.0,0.0,18031.5,2496.3,12,0.0,0.0,0.0,0.0,0.0,0.0,3.4,511.2,1242.76,1894.02,2388.51,2684.3,2758.52,2605.59,2237.06,1681.99,990.7,270.06,0.0,0.0,0.0,0.0,0.0,0.0,19268.1,2758.5,12,0.0,0.0,0.0,0.0,0.0,0.0,0.0,216.98,965.31,1646.9,2174.75,2511.39,2634.2,2534.97,2220.31,1711.34,1043.71,291.3,0.0,0.0,0.0,0.0,0.0,0.0,17951.2,2634.2,12,0.0,0.0,0.0,0.0,0.0,0.0,0.0,178.52,941.09,1659.82,2231.57,2613.28,2778.35,2715.42,2428.79,1938.23,1278.84,510.49,0.03,0.0,0.0,0.0,0.0,0.0,19274.4,2778.4,12,0.0,0.0,0.0,0.0,0.0,0.0,0.0,260.29,1018.38,1735.88,2310.29,2693.46,2856.66,2788.04,2492.56,1991.99,1325.72,562.48,3.38,0.0,0.0,0.0,0.0,0.0,20039.1,2856.7,12,0.0,0.0,0.0,0.0,0.0,0.0,0.1,411.03,1133.81,1807.09,2339.74,2683.51,2810.8,2711.84,2394.25,1883.37,1224.49,499.73,4.31,0.0,0.0,0.0,0.0,0.0,19904.1,2810.8,12,0.0,0.0,0.0,0.0,0.0,0.0,20.9,514.05,1184.07,1800.15,2281.47,2582.74,2678.71,2561.75,2241.28,1744.4,1118.86,451.53,7.15,0.0,0.0,0.0,0.0,0.0,19187.1,2678.7,12,0.0,0.0,0.0,0.0,0.0,0.0,37.04,507.72,1129.57,1706.07,2159.19,2444.56,2537.49,2430.3,2131.9,1668.29,1085.55,465.59,22.63,0.0,0.0,0.0,0.0,0.0,18325.9,2537.5,12,0.0,0.0,0.0,0.0,0.0,0.0,19.02,441.61,1048.9,1624.6,2085.45,2384.83,2496.32,2410.59,2134.76,1692.92,1128.6,517.96,45.95,0.0,0.0,0.0,0.0,0.0,18031.5,2496.3,12,0.0,0.0,0.0,0.0,0.0,0.0,4.62,403.29,1037.95,1644.15,2131.82,2451.92,2576.53,2495.37,2215.04,1759.54,1172.67,531.82,37.65,0.0,0.0,0.0,0.0,0.0,18462.4,2576.5,12,0.0,0.0,0.0,0.0,0.0,0.0,2.38,439.58,1128.64,1768.89,2272.55,2592.32,2701.68,2591.95,2271.77,1767.65,1126.87,437.34,2.16,0.0,0.0,0.0,0.0,0.0,19103.8,2701.7,12,0.0,0.0,0.0,0.0,0.0,0.0,3.4,511.2,1242.76,1894.02,2388.51,2684.3,2758.52,2605.59,2237.06,1681.99,990.7,270.06,0.0,0.0,0.0,0.0,0.0,0.0,19268.1,2758.5,12,0.0,0.0,0.0,0.0,0.0,0.0,1.04,520.48,1267.05,1911.53,2388.98,2663.14,2714.35,2539.02,2149.6,1574.65,862.21,139.64,0.0,0.0,0.0,0.0,0.0,0.0,18731.7,2714.4,12,0.0,0.0,0.0,0.0,0.0,0.0,0.0,384.03,1129.79,1778.68,2264.44,2552.46,2623.11,2471.64,2108.32,1558.11,862.43,136.48,0.0,0.0,0.0,0.0,0.0,0.0,17869.5,2623.1,12
Cameroon,5.7,12.4,1,0.0,0.0,0.0,0.0,0.0,0.0,0.0,211.75,931.65,1615.38,2162.98,2529.88,2689.19,2629.56,2355.21,1885.88,1257.29,531.28,2.21,0.0,0.0,0.0,0.0,0.0,18802.3,2689.2,12,0.0,0.0,0.0,0.0,0.0,0.0,0.0,305.09,1037.78,1737.36,2302.77,2683.64,2850.12,2789.71,2506.94,2023.44,1379.06,642.06,30.85,0.0,0.0,0.0,0.0,0.0,20288.8,2850.1,12,0.0,0.0,0.0,0.0,0.0,0.0,0.0,300.89,929.27,1538.57,2035.27,2371.49,2519.3,2467.02,2218.74,1794.43,1231.41,594.28,56.17,0.0,0.0,0.0,0.0,0.0,18056.8,2519.3,12,0.0,0.0,0.0,0.0,0.0,0.0,0.02,419.05,1155.3,1828.49,2353.67,2685.7,2798.89,2684.77,2351.87,1825.97,1152.27,415.99,0.01,0.0,0.0,0.0,0.0,0.0,19672.0,2798.9,12,0.0,0.0,0.0,0.0,0.0,0.0,0.0,211.75,931.65,1615.38,2162.98,2529.88,2689.19,2629.56,2355.21,1885.88,1257.29,531.28,2.21,0.0,0.0,0.0,0.0,0.0,18802.3,2689.2,12,0.0,0.0,0.0,0.0,0.0,0.0,0.0,141.33,865.87,1587.67,2180.2,2592.95,2795.14,2772.17,2525.66,2073.42,1449.64,710.96,44.46,0.0,0.0,0.0,0.0,0.0,19739.5,2795.1,12,0.0,0.0,0.0,0.0,0.0,0.0,0.0,182.99,920.12,1650.55,2250.91,2667.98,2869.73,2841.26,2584.66,2118.95,1480.62,730.9,56.38,0.0,0.0,0.0,0.0,0.0,20355.1,2869.7,12,0.0,0.0,0.0,0.0,0.0,0.0,0.0,305.09,1037.78,1737.36,2302.77,2683.64,2850.12,2789.71,2506.94,2023.44,1379.06,642.06,30.85,0.0,0.0,0.0,0.0,0.0,20288.8,2850.1,12,0.0,0.0,0.0,0.0,0.0,0.0,0.03,376.19,1063.09,1708.96,2224.6,2562.9,2696.64,2615.49,2325.75,1850.43,1231.1,541.07,16.59,0.0,0.0,0.0,0.0,0.0,19212.8,2696.6,12,0.0,0.0,0.0,0.0,0.0,0.0,0.16,351.18,988.04,1593.98,2080.78,2402.02,2531.03,2457.59,2187.51,1742.84,1163.8,521.51,25.17,0.0,0.0,0.0,0.0,0.0,18045.6,2531.0,12,0.0,0.0,0.0,0.0,0.0,0.0,0.0,300.89,929.27,1538.57,2035.27,2371.49,2519.3,2467.02,2218.74,1794.43,1231.41,594.28,56.17,0.0,0.0,0.0,0.0,0.0,18056.8,2519.3,12,0.0,0.0,0.0,0.0,0.0,0.0,0.0,285.56,946.6,1589.07,2114.23,2472.57,2634.92,2588.65,2337.3,1900.6,1315.74,646.31,64.4,0.0,0.0,0.0,0.0,0.0,18896.0,2634.9,12,0.0,0.0,0.0,0.0,0.0,0.0,0.0,332.5,1038.77,1708.94,2247.14,2604.47,2752.4,2679.64,2391.68,1910.99,1278.58,566.53,16.39,0.0,0.0,0.0,0.0,0.0,19528.0,2752.4,12,0.0,0.0,0.0,0.0,0.0,0.0,0.02,419.05,1155.3,1828.49,2353.67,2685.7,2798.89,2684.77,2351.87,1825.97,1152.27,415.99,0.01,0.0,0.0,0.0,0.0,0.0,19672.0,2798.9,12,0.0,0.0,0.0,0.0,0.0,0.0,0.15,465.75,1207.23,1867.32,2372.09,2680.93,2770.85,2635.35,2284.33,1744.15,1059.79,321.17,0.0,0.0,0.0,0.0,0.0,0.0,19409.1,2770.9,12,0.0,0.0,0.0,0.0,0.0,0.0,0.0,368.68,1097.48,1754.76,2263.66,2583.88,2692.07,2580.49,2257.15,1745.68,1086.69,358.2,0.0,0.0,0.0,0.0,0.0,0.0,18788.7,2692.1,12
Canada,60.0,-96.0,-6,0.0,0.0,0.0,0.0,0.0,0.0,0.0,0.0,0.0,0.0,520.85,1309.11,1664.32,1649.59,1261.51,442.24,0.0,0.0,0.0,0.0,0.0,0.0,0.0,0.0,6847.6,1664.3,12,0.0,0.0,0.0,0.0,0.0,0.0,2.58,302.92,1012.89,1717.92,2304.02,2719.99,2931.85,2923.16,2694.64,2264.16,1667.27,957.29,256.13,1.47,0.0,0.0,0.0,0.0,21756.3,2931.8,12,0.0,0.0,0.0,0.0,24.17,81.33,133.55,458.47,1067.44,1654.28,2149.96,2505.21,2687.69,2681.45,2487.03,2121.41,1618.01,1027.24,419.9,130.91,77.8,20.31,0.0,0.0,21346.2,2687.7,12,0.0,0.0,0.0,0.0,0.0,0.0,0.0,114.99,794.66,1500.62,2071.49,2454.21,2619.49,2555.22,2265.94,1772.89,1116.14,380.95,0.0,0.0,0.0,0.0,0.0,0.0,17646.6,2619.5,12,0.0,0.0,0.0,0.0,0.0,0.0,0.0,0.0,0.0,0.0,520.85,1309.11,1664.32,1649.59,1261.51,442.24,0.0,0.0,0.0,0.0,0.0,0.0,0.0,0.0,6847.6,1664.3,12,0.0,0.0,0.0,0.0,0.0,0.0,0.0,0.0,0.0,334.67,1319.94,1940.2,2254.47,2289.88,2048.47,1513.58,617.37,0.0,0.0,0.0,0.0,0.0,0.0,0.0,12318.6,2289.9,13,0.0,0.0,0.0,0.0,0.0,0.0,0.0,0.0,445.67,1292.03,1977.09,2461.21,2719.54,2744.29,2534.11,2096.72,1452.4,636.5,0.0,0.0,0.0,0.0,0.0,0.0,18359.6,2744.3,13,0.0,0.0,0.0,0.0,0.0,0.0,2.58,302.92,1012.89,1717.92,2304.02,2719.99,2931.85,2923.16,2694.64,2264.16,1667.27,957.29,256.13,1.47,0.0,0.0,0.0,0.0,21756.3,2931.8,12,0.0,0.0,0.0,0.0,0.0,16.46,59.68,494.02,1188.27,1838.02,2371.36,2741.2,2917.34,2885.92,2649.44,2226.74,1653.0,980.87,294.81,47.55,6.55,0.0,0.0,0.0,22371.2,2917.3,12,0.0,0.0,0.0,0.0,18.96,64.35,108.79,517.97,1166.84,1774.84,2277.29,2626.06,2793.93,2767.65,2549.32,2155.81,1619.96,993.97,348.67,98.13,53.07,9.3,0.0,0.0,21944.9,2793.9,12,0.0,0.0,0.0,0.0,24.17,81.33,133.55,458.47,1067.44,1654.28,2149.96,2505.21,2687.69,2681.45,2487.03,2121.41,1618.01,1027.24,419.9,130.91,77.8,20.31,0.0,0.0,21346.2,2687.7,12,0.0,0.0,0.0,0.0,0.0,37.11,109.58,394.54,985.5,1578.49,2088.63,2459.25,2654.04,2655.02,2462.06,2092.9,1583.58,990.63,398.91,109.32,36.26,0.0,0.0,0.0,20635.8,2655.0,13,0.0,0.0,0.0,0.0,0.0,0.0,28.89,320.24,921.42,1545.09,2078.16,2456.93,2643.81,2621.6,2392.22,1976.87,1417.77,786.0,214.0,11.91,0.0,0.0,0.0,0.0,19414.9,2643.8,12,0.0,0.0,0.0,0.0,0.0,0.0,0.0,114.99,794.66,1500.62,2071.49,2454.21,2619.49,2555.22,2265.94,1772.89,1116.14,380.95,0.0,0.0,0.0,0.0,0.0,0.0,17646.6,2619.5,12,0.0,0.0,0.0,0.0,0.0,0.0,0.0,0.0,139.38,1089.05,1794.13,2217.46,2379.25,2281.17,1922.21,1288.83,349.06,0.0,0.0,0.0,0.0,0.0,0.0,0.0,13460.5,2379.2,12,0.0,0.0,0.0,0.0,0.0,0.0,0.0,0.0,0.0,0.0,922.22,1556.16,1800.56,1706.38,1253.94,386.24,0.0,0.0,0.0,0.0,0.0,0.0,0.0,0.0,7625.5,1800.6,12
Cape Verde,16.0,-24.0,-2,0.0,0.0,0.0,0.0,0.0,0.0,0.0,352.62,1075.62,1702.14,2159.33,2414.02,2448.95,2261.78,1865.11,1286.7,578.94,10.07,0.0,0.0,0.0,0.0,0.0,0.0,16155.3,2448.9,12,0.0,0.0,0.0,0.0,0.0,0.0,68.88,681.46,1391.95,2011.71,2470.69,2728.77,2765.24,2577.29,2179.84,1606.42,914.8,228.98,0.0,0.0,0.0,0.0,0.0,0.0,19626.0,2765.2,12,0.0,0.0,0.0,0.0,0.0,0.0,198.37,793.25,1427.13,1977.43,2385.36,2615.36,2648.84,2483.16,2131.52,1623.54,1008.68,377.62,6.83,0.0,0.0,0.0,0.0,0.0,19677.1,2648.8,12,0.0,0.0,0.0,0.0,0.0,0.0,96.58,741.29,1442.84,2032.85,2449.16,2656.78,2639.46,2398.5,1952.88,1340.7,630.82,39.44,0.0,0.0,0.0,0.0,0.0,0.0,18421.3,2656.8,11,0.0,0.0,0.0,0.0,0.0,0.0,0.0,352.62,1075.62,1702.14,2159.33,2414.02,2448.95,2261.78,1865.11,1286.7,578.94,10.07,0.0,0.0,0.0,0.0,0.0,0.0,16155.3,2448.9,12,0.0,0.0,0.0,0.0,0.0,0.0,0.0,340.59,1087.46,1751.57,2251.77,2549.74,2624.43,2470.62,2099.04,1536.35,829.25,117.62,0.0,0.0,0.0,0.0,0.0,0.0,17658.4,2624.4,12,0.0,0.0,0.0,0.0,0.0,0.0,0.63,475.2,1220.81,1882.84,2382.94,2679.51,2750.05,2589.32,2209.32,1639.6,931.72,206.76,0.0,0.0,0.0,0.0,0.0,0.0,18968.7,2750.0,12,0.0,0.0,0.0,0.0,0.0,0.0,68.88,681.46,1391.95,2011.71,2470.69,2728.77,2765.24,2577.29,2179.84,1606.42,914.8,228.98,0.0,0.0,0.0,0.0,0.0,0.0,19626.0,2765.2,12,0.0,0.0,0.0,0.0,0.0,0.0,177.03,779.38,1430.01,1992.42,2402.11,2621.47,2632.02,2432.95,2041.0,1491.78,846.28,228.1,0.0,0.0,0.0,0.0,0.0,0.0,19074.5,2632.0,12,0.0,0.0,0.0,0.0,0.0,0.0,231.11,824.25,1448.69,1986.47,2378.63,2590.04,2603.15,2416.93,2046.76,1525.39,907.82,299.08,0.25,0.0,0.0,0.0,0.0,0.0,19258.6,2603.1,12,0.0,0.0,0.0,0.0,0.0,0.0,198.37,793.25,1427.13,1977.43,2385.36,2615.36,2648.84,2483.16,2131.52,1623.54,1008.68,377.62,6.83,0.0,0.0,0.0,0.0,0.0,19677.1,2648.8,12,0.0,0.0,0.0,0.0,0.0,0.0,130.52,697.53,1338.85,1905.98,2331.48,2575.83,2618.37,2455.57,2100.9,1585.65,963.47,335.57,0.56,0.0,0.0,0.0,0.0,0.0,19040.3,2618.4,12,0.0,0.0,0.0,0.0,0.0,0.0,98.57,689.1,1361.15,1947.14,2377.78,2613.59,2634.81,2439.69,2044.35,1484.06,820.34,187.18,0.0,0.0,0.0,0.0,0.0,0.0,18697.8,2634.8,12,0.0,0.0,0.0,0.0,0.0,0.0,96.58,741.29,1442.84,2032.85,2449.16,2656.78,2639.46,2398.5,1952.88,1340.7,630.82,39.44,0.0,0.0,0.0,0.0,0.0,0.0,18421.3,2656.8,11,0.0,0.0,0.0,0.0,0.0,0.0,58.6,707.85,1416.72,1998.04,2397.03,2583.31,2543.4,2280.17,1812.89,1178.62,450.34,0.28,0.0,0.0,0.0,0.0,0.0,0.0,17427.2,2583.3,11,0.0,0.0,0.0,0.0,0.0,0.0,4.07,528.28,1237.88,1827.2,2238.54,2442.18,2424.16,2185.71,1743.26,1129.42,412.19,0.02,0.0,0.0,0.0,0.0,0.0,0.0,16172.9,2442.2,11
Central African Republic,7.0,21.0,1,0.0,0.0,0.0,0.0,0.0,0.0,11.04,609.28,1335.46,1951.02,2400.75,2651.59,2685.81,2501.02,2110.19,1541.51,841.04,129.36,0.0,0.0,0.0,0.0,0.0,0.0,18768.1,2685.8,12,0.0,0.0,0.0,0.0,0.0,0.0,68.15,721.77,1453.69,2083.72,2547.87,2808.31,2845.16,2655.7,2254.26,1672.64,964.16,242.07,0.0,0.0,0.0,0.0,0.0,0.0,20317.5,2845.2,12,0.0,0.0,0.0,0.0,0.0,0.0,103.7,672.84,1305.98,1857.2,2265.77,2496.04,2529.5,2363.5,2011.22,1502.26,886.98,265.89,0.0,0.0,0.0,0.0,0.0,0.0,18260.9,2529.5,12,0.0,0.0,0.0,0.0,0.0,0.0,149.51,853.69,1572.08,2168.85,2588.25,2797.19,2780.0,2537.94,2089.26,1469.84,740.53,74.56,0.0,0.0,0.0,0.0,0.0,0.0,19821.7,2797.2,11,0.0,0.0,0.0,0.0,0.0,0.0,11.04,609.28,1335.46,1951.02,2400.75,2651.59,2685.81,2501.02,2110.19,1541.51,841.04,129.36,0.0,0.0,0.0,0.0,0.0,0.0,18768.1,2685.8,12,0.0,0.0,0.0,0.0,0.0,0.0,0.83,530.05,1284.96,1942.57,2437.88,2733.16,2807.12,2654.48,2286.09,1728.79,1027.08,272.82,0.0,0.0,0.0,0.0,0.0,0.0,19705.8,2807.1,12,0.0,0.0,0.0,0.0,0.0,0.0,7.34,590.67,1352.08,2017.4,2518.3,2815.06,2885.65,2724.91,2344.6,1773.43,1059.51,300.21,0.0,0.0,0.0,0.0,0.0,0.0,20389.2,2885.6,12,0.0,0.0,0.0,0.0,0.0,0.0,68.15,721.77,1453.69,2083.72,2547.87,2808.31,2845.16,2655.7,2254.26,1672.64,964.16,242.07,0.0,0.0,0.0,0.0,0.0,0.0,20317.5,2845.2,12,0.0,0.0,0.0,0.0,0.0,0.0,144.79,789.95,1470.55,2049.5,2468.08,2691.44,2702.19,2499.54,2099.27,1534.42,860.54,198.57,0.0,0.0,0.0,0.0,0.0,0.0,19508.8,2702.2,12,0.0,0.0,0.0,0.0,0.0,0.0,147.56,746.6,1384.34,1930.4,2327.16,2540.63,2553.79,2365.63,1991.11,1461.9,831.59,212.66,0.0,0.0,0.0,0.0,0.0,0.0,18493.4,2553.8,12,0.0,0.0,0.0,0.0,0.0,0.0,103.7,672.84,1305.98,1857.2,2265.77,2496.04,2529.5,2363.5,2011.22,1502.26,886.98,265.89,0.0,0.0,0.0,0.0,0.0,0.0,18260.9,2529.5,12,0.0,0.0,0.0,0.0,0.0,0.0,76.48,657.93,1321.59,1901.78,2334.48,2582.27,2625.41,2460.52,2100.5,1575.07,934.86,281.07,0.0,0.0,0.0,0.0,0.0,0.0,18852.0,2625.4,12,0.0,0.0,0.0,0.0,0.0,0.0,94.86,735.16,1436.56,2037.7,2476.28,2715.74,2737.45,2539.74,2137.84,1564.54,875.4,194.12,0.0,0.0,0.0,0.0,0.0,0.0,19545.4,2737.5,12,0.0,0.0,0.0,0.0,0.0,0.0,149.51,853.69,1572.08,2168.85,2588.25,2797.19,2780.0,2537.94,2089.26,1469.84,740.53,74.56,0.0,0.0,0.0,0.0,0.0,0.0,19821.7,2797.2,11,0.0,0.0,0.0,0.0,0.0,0.0,173.3,900.99,1613.23,2192.65,2589.96,2775.48,2735.81,2473.83,2008.62,1375.91,636.18,18.83,0.0,0.0,0.0,0.0,0.0,0.0,19494.8,2775.5,11,0.0,0.0,0.0,0.0,0.0,0.0,92.98,787.93,1495.79,2076.94,2482.84,2683.92,2665.96,2430.23,1993.48,1387.9,666.81,28.94,0.0,0.0,0.0,0.0,0.0,0.0,18793.7,2683.9,11
Chad,15.5,18.7,1,0.0,0.0,0.0,0.0,0.0,0.0,0.0,393.22,1173.83,1833.48,2322.38,2610.46,2679.6,2525.36,2157.55,1599.13,884.58,113.61,0.0,0.0,0.0,0.0,0.0,0.0,18293.2,2679.6,12,0.0,0.0,0.0,0.0,0.0,0.0,36.88,655.96,1397.77,2049.85,2543.15,2836.98,2908.85,2753.4,2382.35,1824.71,1129.32,388.05,0.0,0.0,0.0,0.0,0.0,0.0,20907.3,2908.8,12,0.0,0.0,0.0,0.0,0.0,0.0,122.31,673.18,1304.45,1868.15,2298.44,2556.19,2620.05,2484.9,2161.63,1677.64,1079.79,451.28,23.41,0.0,0.0,0.0,0.0,0.0,19321.4,2620.1,12,0.0,0.0,0.0,0.0,0.0,0.0,78.02,773.84,1516.43,2142.62,2595.18,2839.35,2857.24,2647.53,2225.54,1623.25,893.11,160.13,0.0,0.0,0.0,0.0,0.0,0.0,20352.2,2857.2,12,0.0,0.0,0.0,0.0,0.0,0.0,0.0,393.22,1173.83,1833.48,2322.38,2610.46,2679.6,2525.36,2157.55,1599.13,884.58,113.61,0.0,0.0,0.0,0.0,0.0,0.0,18293.2,2679.6,12,0.0,0.0,0.0,0.0,0.0,0.0,0.0,363.4,1164.16,1861.41,2394.0,2726.33,2836.34,2716.71,2375.37,1834.95,1131.69,330.02,0.0,0.0,0.0,0.0,0.0,0.0,19734.4,2836.3,12,0.0,0.0,0.0,0.0,0.0,0.0,0.0,474.89,1261.36,1956.98,2491.34,2823.86,2930.66,2804.19,2453.41,1903.56,1196.89,409.57,0.0,0.0,0.0,0.0,0.0,0.0,20706.7,2930.7,12,0.0,0.0,0.0,0.0,0.0,0.0,36.88,655.96,1397.77,2049.85,2543.15,2836.98,2908.85,2753.4,2382.35,1824.71,1129.32,388.05,0.0,0.0,0.0,0.0,0.0,0.0,20907.3,2908.8,12,0.0,0.0,0.0,0.0,0.0,0.0,139.28,767.2,1453.29,2050.53,2495.35,2749.7,2793.45,2623.26,2252.45,1711.55,1051.76,369.33,0.2,0.0,0.0,0.0,0.0,0.0,20457.3,2793.5,12,0.0,0.0,0.0,0.0,0.0,0.0,164.56,751.62,1393.13,1955.14,2375.84,2618.14,2662.35,2505.0,2158.69,1652.62,1035.97,398.27,8.03,0.0,0.0,0.0,0.0,0.0,19679.4,2662.4,12,0.0,0.0,0.0,0.0,0.0,0.0,122.31,673.18,1304.45,1868.15,2298.44,2556.19,2620.05,2484.9,2161.63,1677.64,1079.79,451.28,23.41,0.0,0.0,0.0,0.0,0.0,19321.4,2620.1,12,0.0,0.0,0.0,0.0,0.0,0.0,79.31,629.73,1287.29,1878.77,2333.25,2609.23,2683.89,2551.26,2221.93,1723.59,1104.02,449.22,11.6,0.0,0.0,0.0,0.0,0.0,19563.1,2683.9,12,0.0,0.0,0.0,0.0,0.0,0.0,68.1,677.76,1384.09,2004.14,2469.76,2741.06,2796.6,2632.08,2260.23,1711.23,1036.4,335.5,0.0,0.0,0.0,0.0,0.0,0.0,20117.0,2796.6,12,0.0,0.0,0.0,0.0,0.0,0.0,78.02,773.84,1516.43,2142.62,2595.18,2839.35,2857.24,2647.53,2225.54,1623.25,893.11,160.13,0.0,0.0,0.0,0.0,0.0,0.0,20352.2,2857.2,12,0.0,0.0,0.0,0.0,0.0,0.0,48.76,775.31,1526.86,2142.59,2576.28,2798.15,2793.14,2561.62,2119.3,1496.58,740.6,32.27,0.0,0.0,0.0,0.0,0.0,0.0,19611.5,2798.1,11,0.0,0.0,0.0,0.0,0.0,0.0,0.82,592.59,1350.66,1973.06,2417.15,2654.88,2671.05,2464.63,2048.87,1450.06,707.58,17.94,0.0,0.0,0.0,0.0,0.0,0.0,18349.3,2671.0,12
Chile,-35.0,-71.0,-5,0.0,0.0,0.0,0.0,0.0,33.85,235.8,882.64,1563.69,2163.81,2619.03,2888.82,2950.86,2800.13,2448.85,1926.73,1282.94,596.59,103.53,0.0,0.0,0.0,0.0,0.0,22497.3,2950.9,12,0.0,0.0,0.0,0.0,0.0,0.0,1.69,603.11,1389.34,2061.98,2563.94,2859.29,2927.46,2763.73,2379.39,1801.3,1071.99,274.11,0.0,0.0,0.0,0.0,0.0,0.0,20697.3,2927.5,12,0.0,0.0,0.0,0.0,0.0,0.0,0.0,26.94,870.93,1578.26,2071.11,2354.55,2420.77,2267.3,1899.57,1324.06,519.2,0.0,0.0,0.0,0.0,0.0,0.0,0.0,15332.7,2420.8,12,0.0,0.0,0.0,0.0,0.0,0.0,190.71,908.26,1642.23,2261.88,2709.06,2948.24,2961.41,2747.61,2322.98,1721.04,996.72,263.76,0.0,0.0,0.0,0.0,0.0,0.0,21673.9,2961.4,12,0.0,0.0,0.0,0.0,0.0,33.85,235.8,882.64,1563.69,2163.81,2619.03,2888.82,2950.86,2800.13,2448.85,1926.73,1282.94,596.59,103.53,0.0,0.0,0.0,0.0,0.0,22497.3,2950.9,12,0.0,0.0,0.0,0.0,0.0,0.0,118.08,740.21,1452.73,2097.43,2600.18,2915.47,3017.26,2897.37,2565.34,2048.67,1394.61,680.85,92.16,0.0,0.0,0.0,0.0,0.0,22620.4,3017.3,12,0.0,0.0,0.0,0.0,0.0,0.0,56.22,676.18,1426.78,2100.17,2620.91,2944.29,3044.87,2914.92,2564.34,2020.83,1331.81,579.47,24.82,0.0,0.0,0.0,0.0,0.0,22305.6,3044.9,12,0.0,0.0,0.0,0.0,0.0,0.0,1.69,603.11,1389.34,2061.98,2563.94,2859.29,2927.46,2763.73,2379.39,1801.3,1071.99,274.11,0.0,0.0,0.0,0.0,0.0,0.0,20697.3,2927.5,12,0.0,0.0,0.0,0.0,0.0,0.0,0.0,392.29,1225.43,1888.82,2363.83,2629.21,2670.61,2485.66,2084.61,1487.14,711.74,0.0,0.0,0.0,0.0,0.0,0.0,0.0,17939.4,2670.6,12,0.0,0.0,0.0,0.0,0.0,0.0,0.0,95.39,964.07,1647.3,2121.76,2385.33,2429.37,2252.11,1860.13,1261.06,439.07,0.0,0.0,0.0,0.0,0.0,0.0,0.0,15455.6,2429.4,12,0.0,0.0,0.0,0.0,0.0,0.0,0.0,26.94,870.93,1578.26,2071.11,2354.55,2420.77,2267.3,1899.57,1324.06,519.2,0.0,0.0,0.0,0.0,0.0,0.0,0.0,15332.7,2420.8,12,0.0,0.0,0.0,0.0,0.0,0.0,0.0,197.75,1076.87,1765.46,2263.79,2557.75,2633.41,2486.8,2125.51,1565.39,815.42,10.91,0.0,0.0,0.0,0.0,0.0,0.0,17499.1,2633.4,12,0.0,0.0,0.0,0.0,0.0,0.0,0.0,584.48,1369.33,2025.83,2508.2,2784.87,2837.59,2662.89,2272.36,1691.75,959.53,160.9,0.0,0.0,0.0,0.0,0.0,0.0,19857.7,2837.6,12,0.0,0.0,0.0,0.0,0.0,0.0,190.71,908.26,1642.23,2261.88,2709.06,2948.24,2961.41,2747.61,2322.98,1721.04,996.72,263.76,0.0,0.0,0.0,0.0,0.0,0.0,21673.9,2961.4,12,0.0,0.0,0.0,0.0,0.0,20.23,378.01,1085.37,1782.3,2366.62,2781.81,2993.17,2983.97,2754.98,2324.44,1728.69,1026.6,327.14,11.89,0.0,0.0,0.0,0.0,0.0,22565.2,2993.2,11,0.0,0.0,0.0,0.0,0.0,55.77,366.61,1044.32,1719.32,2293.77,2710.53,2933.76,2945.36,2744.41,2347.22,1787.66,1120.17,435.72,69.36,0.0,0.0,0.0,0.0,0.0,22574.0,2945.4,12
China,35.0,105.0,7,0.0,0.0,0.0,0.0,0.0,0.0,0.0,0.0,1001.92,1786.35,2346.52,2695.95,2822.53,2720.3,2394.13,1856.08,1099.88,0.0,0.0,0.0,0.0,0.0,0.0,0.0,18723.7,2822.5,12,0.0,0.0,0.0,0.0,0.0,0.0,2.98,636.97,1424.3,2122.85,2667.7,3017.38,3146.6,3046.19,2723.31,2201.3,1519.55,738.73,32.26,0.0,0.0,0.0,0.0,0.0,23280.1,3146.6,12,0.0,0.0,0.0,0.0,0.0,4.62,73.94,659.81,1328.8,1932.43,2407.51,2713.67,2827.33,2739.94,2458.03,2003.23,1413.32,748.0,114.75,13.03,0.0,0.0,0.0,0.0,21438.4,2827.3,12,0.0,0.0,0.0,0.0,0.0,0.0,17.36,731.85,1523.48,2197.54,2702.61,3003.18,3078.45,2923.22,2548.18,1979.32,1257.06,441.69,0.0,0.0,0.0,0.0,0.0,0.0,22403.9,3078.4,12,0.0,0.0,0.0,0.0,0.0,0.0,0.0,0.0,1001.92,1786.35,2346.52,2695.95,2822.53,2720.3,2394.13,1856.08,1099.88,0.0,0.0,0.0,0.0,0.0,0.0,0.0,18723.7,2822.5,12,0.0,0.0,0.0,0.0,0.0,0.0,0.0,0.0,1037.73,1821.07,2415.01,2806.15,2974.53,2910.44,2617.62,2112.22,1415.14,503.44,0.0,0.0,0.0,0.0,0.0,0.0,20613.3,2974.5,12,0.0,0.0,0.0,0.0,0.0,0.0,0.0,376.04,1237.66,1985.83,2573.43,2962.82,3128.28,3058.79,2758.99,2248.8,1561.58,740.16,0.0,0.0,0.0,0.0,0.0,0.0,22632.4,3128.3,12,0.0,0.0,0.0,0.0,0.0,0.0,2.98,636.97,1424.3,2122.85,2667.7,3017.38,3146.6,3046.19,2723.31,2201.3,1519.55,738.73,32.26,0.0,0.0,0.0,0.0,0.0,23280.1,3146.6,12,0.0,0.0,0.0,0.0,0.0,0.0,68.94,747.3,1473.97,2114.43,2607.62,2914.5,3012.08,2893.2,2566.66,2057.06,1405.22,675.57,39.14,0.0,0.0,0.0,0.0,0.0,22575.7,3012.1,12,0.0,0.0,0.0,0.0,0.0,7.11,94.67,731.48,1407.27,2008.57,2474.07,2765.24,2859.83,2750.73,2446.18,1969.55,1360.76,683.13,71.91,3.48,0.0,0.0,0.0,0.0,21634.0,2859.8,12,0.0,0.0,0.0,0.0,0.0,4.62,73.94,659.81,1328.8,1932.43,2407.51,2713.67,2827.33,2739.94,2458.03,2003.23,1413.32,748.0,114.75,13.03,0.0,0.0,0.0,0.0,21438.4,2827.3,12,0.0,0.0,0.0,0.0,0.0,0.0,60.61,622.56,1316.65,1948.75,2449.57,2775.85,2902.51,2820.01,2534.49,2067.67,1458.41,769.0,123.42,0.33,0.0,0.0,0.0,0.0,21849.8,2902.5,12,0.0,0.0,0.0,0.0,0.0,0.0,31.13,663.19,1408.64,2073.83,2588.5,2913.36,3024.22,2912.93,2587.6,2072.41,1406.56,660.4,29.29,0.0,0.0,0.0,0.0,0.0,22372.0,3024.2,12,0.0,0.0,0.0,0.0,0.0,0.0,17.36,731.85,1523.48,2197.54,2702.61,3003.18,3078.45,2923.22,2548.18,1979.32,1257.06,441.69,0.0,0.0,0.0,0.0,0.0,0.0,22403.9,3078.4,12,0.0,0.0,0.0,0.0,0.0,0.0,0.0,630.65,1483.75,2160.18,2650.92,2930.68,2982.79,2804.07,2405.38,1809.15,1037.98,91.22,0.0,0.0,0.0,0.0,0.0,0.0,20986.8,2982.8,12,0.0,0.0,0.0,0.0,0.0,0.0,0.0,217.96,1246.76,1962.25,2471.54,2768.95,2841.55,2685.68,2309.02,1725.36,920.76,0.0,0.0,0.0,0.0,0.0,0.0,0.0,19149.8,2841.6,12
Colombia,4.0,-74.0,-5,0.0,0.0,0.0,0.0,0.0,0.0,0.0,437.34,1176.08,1833.54,2341.38,2660.61,2768.21,2656.51,2333.45,1822.33,1162.46,423.34,0.0,0.0,0.0,0.0,0.0,0.0,19615.3,2768.2,12,0.0,0.0,0.0,0.0,0.0,0.0,0.53,487.18,1236.03,1912.54,2438.65,2770.58,2883.02,2767.71,2433.16,1904.91,1227.05,478.45,0.34,0.0,0.0,0.0,0.0,0.0,20540.2,2883.0,12,0.0,0.0,0.0,0.0,0.0,0.0,4.59,464.08,1121.97,1720.06,2187.05,2482.71,2583.92,2483.0,2187.59,1720.76,1122.72,464.7,4.64,0.0,0.0,0.0,0.0,0.0,18547.8,2583.9,12,0.0,0.0,0.0,0.0,0.0,0.0,25.59,653.75,1401.95,2050.54,2535.07,2817.18,2875.88,2706.9,2322.65,1752.33,1044.46,296.18,0.0,0.0,0.0,0.0,0.0,0.0,20482.5,2875.9,12,0.0,0.0,0.0,0.0,0.0,0.0,0.0,437.34,1176.08,1833.54,2341.38,2660.61,2768.21,2656.51,2333.45,1822.33,1162.46,423.34,0.0,0.0,0.0,0.0,0.0,0.0,19615.3,2768.2,12,0.0,0.0,0.0,0.0,0.0,0.0,0.0,349.16,1112.55,1811.94,2365.9,2730.73,2879.82,2802.5,2504.26,2006.59,1347.29,588.94,4.3,0.0,0.0,0.0,0.0,0.0,20504.0,2879.8,12,0.0,0.0,0.0,0.0,0.0,0.0,0.0,378.35,1148.58,1857.44,2418.9,2787.01,2934.24,2849.88,2540.04,2027.6,1352.98,584.85,5.06,0.0,0.0,0.0,0.0,0.0,20884.9,2934.2,12,0.0,0.0,0.0,0.0,0.0,0.0,0.53,487.18,1236.03,1912.54,2438.65,2770.58,2883.02,2767.71,2433.16,1904.91,1227.05,478.45,0.34,0.0,0.0,0.0,0.0,0.0,20540.2,2883.0,12,0.0,0.0,0.0,0.0,0.0,0.0,15.02,565.26,1271.95,1899.79,2380.05,2672.81,2755.64,2622.38,2283.05,1764.01,1110.07,403.67,0.0,0.0,0.0,0.0,0.0,0.0,19743.7,2755.6,12,0.0,0.0,0.0,0.0,0.0,0.0,17.49,535.06,1200.54,1794.87,2251.27,2531.12,2612.73,2489.96,2172.11,1684.14,1068.71,403.74,0.31,0.0,0.0,0.0,0.0,0.0,18762.1,2612.7,12,0.0,0.0,0.0,0.0,0.0,0.0,4.59,464.08,1121.97,1720.06,2187.05,2482.71,2583.92,2483.0,2187.59,1720.76,1122.72,464.7,4.64,0.0,0.0,0.0,0.0,0.0,18547.8,2583.9,12,0.0,0.0,0.0,0.0,0.0,0.0,1.28,461.04,1153.18,1782.94,2276.51,2592.21,2705.75,2608.63,2308.05,1827.02,1205.64,513.5,6.44,0.0,0.0,0.0,0.0,0.0,19442.2,2705.8,12,0.0,0.0,0.0,0.0,0.0,0.0,5.23,548.42,1282.95,1936.76,2439.64,2750.68,2846.39,2719.75,2380.04,1853.01,1182.38,446.37,0.01,0.0,0.0,0.0,0.0,0.0,20391.6,2846.4,12,0.0,0.0,0.0,0.0,0.0,0.0,25.59,653.75,1401.95,2050.54,2535.07,2817.18,2875.88,2706.9,2322.65,1752.33,1044.46,296.18,0.0,0.0,0.0,0.0,0.0,0.0,20482.5,2875.9,12,0.0,0.0,0.0,0.0,0.0,0.0,40.83,695.55,1433.29,2062.09,2523.15,2781.01,2816.81,2628.0,2228.32,1647.85,935.94,202.61,0.0,0.0,0.0,0.0,0.0,0.0,19995.5,2816.8,12,0.0,0.0,0.0,0.0,0.0,0.0,10.66,599.55,1327.12,1953.77,2420.31,2691.29,2747.14,2583.89,2213.25,1662.48,976.31,247.82,0.0,0.0,0.0,0.0,0.0,0.0,19433.6,2747.1,12
Comoros,-11.6,43.3,3,0.0,0.0,0.0,0.0,0.0,0.0,8.63,448.27,1123.17,1764.41,2282.15,2626.7,2769.13,2698.01,2419.01,1955.01,1347.92,669.17,91.15,0.0,0.0,0.0,0.0,0.0,20202.7,2769.1,12,0.0,0.0,0.0,0.0,0.0,0.0,0.0,339.61,1106.37,1814.56,2377.64,2750.18,2904.66,2829.96,2531.43,2030.85,1366.8,603.66,6.69,0.0,0.0,0.0,0.0,0.0,20662.4,2904.7,12,0.0,0.0,0.0,0.0,0.0,0.0,0.0,182.34,902.11,1556.65,2070.47,2408.87,2549.48,2482.96,2213.73,1759.58,1150.7,435.38,0.0,0.0,0.0,0.0,0.0,0.0,17712.3,2549.5,12,0.0,0.0,0.0,0.0,0.0,0.0,7.2,589.07,1350.39,2025.09,2543.84,2865.33,2965.65,2837.5,2490.25,1949.9,1260.22,497.11,0.2,0.0,0.0,0.0,0.0,0.0,21381.7,2965.6,12,0.0,0.0,0.0,0.0,0.0,0.0,8.63,448.27,1123.17,1764.41,2282.15,2626.7,2769.13,2698.01,2419.01,1955.01,1347.92,669.17,91.15,0.0,0.0,0.0,0.0,0.0,20202.7,2769.1,12,0.0,0.0,0.0,0.0,0.0,0.0,0.0,325.58,1022.03,1706.61,2272.27,2664.01,2849.18,2813.17,2558.74,2106.15,1494.31,788.81,141.38,0.0,0.0,0.0,0.0,0.0,20742.2,2849.2,12,0.0,0.0,0.0,0.0,0.0,0.0,0.0,297.7,1032.88,1746.63,2331.16,2732.91,2919.84,2877.72,2609.69,2136.33,1496.61,755.97,87.62,0.0,0.0,0.0,0.0,0.0,21025.1,2919.8,12,0.0,0.0,0.0,0.0,0.0,0.0,0.0,339.61,1106.37,1814.56,2377.64,2750.18,2904.66,2829.96,2531.43,2030.85,1366.8,603.66,6.69,0.0,0.0,0.0,0.0,0.0,20662.4,2904.7,12,0.0,0.0,0.0,0.0,0.0,0.0,0.0,343.74,1099.38,1773.15,2296.68,2631.99,2755.78,2659.55,2349.95,1848.44,1191.03,438.23,0.0,0.0,0.0,0.0,0.0,0.0,19387.9,2755.8,12,0.0,0.0,0.0,0.0,0.0,0.0,0.0,246.38,969.33,1616.73,2118.97,2441.36,2562.32,2473.75,2181.6,1705.44,1077.8,355.89,0.0,0.0,0.0,0.0,0.0,0.0,17749.6,2562.3,12,0.0,0.0,0.0,0.0,0.0,0.0,0.0,182.34,902.11,1556.65,2070.47,2408.87,2549.48,2482.96,2213.73,1759.58,1150.7,435.38,0.0,0.0,0.0,0.0,0.0,0.0,17712.3,2549.5,12,0.0,0.0,0.0,0.0,0.0,0.0,0.0,228.87,977.7,1656.98,2194.3,2552.11,2706.11,2645.85,2375.39,1913.04,1290.47,555.86,0.25,0.0,0.0,0.0,0.0,0.0,19096.9,2706.1,12,0.0,0.0,0.0,0.0,0.0,0.0,0.0,389.6,1157.42,1847.91,2389.63,2741.67,2878.91,2791.69,2486.12,1983.91,1322.23,561.22,0.7,0.0,0.0,0.0,0.0,0.0,20551.0,2878.9,12,0.0,0.0,0.0,0.0,0.0,0.0,7.2,589.07,1350.39,2025.09,2543.84,2865.33,2965.65,2837.5,2490.25,1949.9,1260.22,497.11,0.2,0.0,0.0,0.0,0.0,0.0,21381.7,2965.6,12,0.0,0.0,0.0,0.0,0.0,0.0,63.07,681.82,1406.58,2047.46,2535.02,2828.08,2903.81,2756.5,2397.43,1855.12,1177.87,452.98,1.34,0.0,0.0,0.0,0.0,0.0,21107.1,2903.8,12,0.0,0.0,0.0,0.0,0.0,0.0,53.73,605.83,1292.3,1914.97,2398.39,2698.81,2791.68,2669.7,2342.54,1837.21,1200.58,515.45,21.47,0.0,0.0,0.0,0.0,0.0,20342.7,2791.7,12
Congo,-4.3,-15.8,-1,0.0,0.0,0.0,0.0,0.0,0.0,0.57,443.91,1153.73,1808.4,2327.38,2665.96,2797.82,2713.03,2417.95,1935.23,1305.09,596.07,25.92,0.0,0.0,0.0,0.0,0.0,20191.1,2797.8,12,0.0,0.0,0.0,0.0,0.0,0.0,0.0,408.47,1174.08,1872.67,2423.69,2782.73,2923.12,2834.73,2523.94,2013.61,1343.73,581.41,4.5,0.0,0.0,0.0,0.0,0.0,20886.7,2923.1,12,0.0,0.0,0.0,0.0,0.0,0.0,0.0,333.25,1030.63,1661.52,2157.39,2480.39,2607.38,2529.4,2251.93,1794.73,1191.81,499.29,0.59,0.0,0.0,0.0,0.0,0.0,18538.3,2607.4,12,0.0,0.0,0.0,0.0,0.0,0.0,10.59,608.13,1365.9,2032.11,2539.45,2847.74,2934.09,2792.26,2432.57,1882.02,1185.68,424.69,0.0,0.0,0.0,0.0,0.0,0.0,21055.2,2934.1,12,0.0,0.0,0.0,0.0,0.0,0.0,0.57,443.91,1153.73,1808.4,2327.38,2665.96,2797.82,2713.03,2417.95,1935.23,1305.09,596.07,25.92,0.0,0.0,0.0,0.0,0.0,20191.1,2797.8,12,0.0,0.0,0.0,0.0,0.0,0.0,0.0,325.04,1054.39,1750.4,2315.74,2700.45,2874.47,2824.72,2554.88,2085.39,1454.3,724.98,72.13,0.0,0.0,0.0,0.0,0.0,20736.9,2874.5,12,0.0,0.0,0.0,0.0,0.0,0.0,0.0,325.43,1081.88,1798.26,2377.17,2768.71,2942.79,2886.53,2604.02,2116.43,1462.68,707.56,47.53,0.0,0.0,0.0,0.0,0.0,21119.0,2942.8,12,0.0,0.0,0.0,0.0,0.0,0.0,0.0,408.47,1174.08,1872.67,2423.69,2782.73,2923.12,2834.73,2523.94,2013.61,1343.73,581.41,4.5,0.0,0.0,0.0,0.0,0.0,20886.7,2923.1,12,0.0,0.0,0.0,0.0,0.0,0.0,0.0,454.56,1191.91,1848.2,2356.13,2676.61,2786.44,2677.82,2358.52,1851.67,1196.29,459.28,0.0,0.0,0.0,0.0,0.0,0.0,19857.4,2786.4,12,0.0,0.0,0.0,0.0,0.0,0.0,0.0,397.61,1098.39,1723.65,2208.32,2515.39,2622.77,2522.89,2222.83,1744.15,1123.29,423.28,0.0,0.0,0.0,0.0,0.0,0.0,18602.6,2622.8,12,0.0,0.0,0.0,0.0,0.0,0.0,0.0,333.25,1030.63,1661.52,2157.39,2480.39,2607.38,2529.4,2251.93,1794.73,1191.81,499.29,0.59,0.0,0.0,0.0,0.0,0.0,18538.3,2607.4,12,0.0,0.0,0.0,0.0,0.0,0.0,0.0,354.13,1083.28,1743.53,2265.05,2608.19,2748.38,2675.72,2395.3,1927.02,1305.43,585.49,5.14,0.0,0.0,0.0,0.0,0.0,19696.7,2748.4,12,0.0,0.0,0.0,0.0,0.0,0.0,0.0,463.6,1220.58,1898.29,2426.67,2764.77,2887.97,2787.47,2470.42,1959.81,1294.8,540.33,0.72,0.0,0.0,0.0,0.0,0.0,20715.4,2888.0,12,0.0,0.0,0.0,0.0,0.0,0.0,10.59,608.13,1365.9,2032.11,2539.45,2847.74,2934.09,2792.26,2432.57,1882.02,1185.68,424.69,0.0,0.0,0.0,0.0,0.0,0.0,21055.2,2934.1,12,0.0,0.0,0.0,0.0,0.0,0.0,48.3,686.35,1421.02,2060.61,2540.73,2822.72,2885.34,2723.98,2350.67,1794.2,1102.4,365.41,0.0,0.0,0.0,0.0,0.0,0.0,20801.7,2885.3,12,0.0,0.0,0.0,0.0,0.0,0.0,28.78,607.69,1318.79,1948.81,2429.95,2722.3,2803.46,2667.36,2324.26,1800.82,1142.2,430.28,0.2,0.0,0.0,0.0,0.0,0.0,20224.9,2803.5,12
Costa Rica,10.0,-84.0,-6,0.0,0.0,0.0,0.0,0.0,0.0,3.46,604.25,1348.64,1972.51,2426.58,2679.66,2714.62,2529.09,2135.6,1560.95,846.95,108.83,0.0,0.0,0.0,0.0,0.0,0.0,18931.1,2714.6,12,0.0,0.0,0.0,0.0,0.0,0.0,87.67,767.25,1505.74,2138.38,2603.66,2864.42,2901.04,2710.83,2308.01,1723.96,1010.52,273.47,0.0,0.0,0.0,0.0,0.0,0.0,20894.9,2901.0,12,0.0,0.0,0.0,0.0,0.0,0.0,137.76,716.94,1349.59,1900.09,2308.29,2538.49,2572.1,2406.46,2054.76,1546.65,932.26,308.0,0.0,0.0,0.0,0.0,0.0,0.0,18771.4,2572.1,12,0.0,0.0,0.0,0.0,0.0,0.0,171.44,904.88,1633.27,2234.42,2655.82,2865.36,2847.73,2604.19,2152.62,1527.76,786.63,86.74,0.0,0.0,0.0,0.0,0.0,0.0,20470.9,2865.4,11,0.0,0.0,0.0,0.0,0.0,0.0,3.46,604.25,1348.64,1972.51,2426.58,2679.66,2714.62,2529.09,2135.6,1560.95,846.95,108.83,0.0,0.0,0.0,0.0,0.0,0.0,18931.1,2714.6,12,0.0,0.0,0.0,0.0,0.0,0.0,0.1,545.62,1319.92,1985.73,2485.14,2782.44,2856.98,2703.61,2332.88,1770.66,1058.38,277.06,0.0,0.0,0.0,0.0,0.0,0.0,20118.5,2857.0,12,0.0,0.0,0.0,0.0,0.0,0.0,7.64,625.66,1401.16,2072.35,2576.07,2874.04,2944.71,2783.05,2400.6,1825.37,1103.25,322.62,0.0,0.0,0.0,0.0,0.0,0.0,20936.5,2944.7,12,0.0,0.0,0.0,0.0,0.0,0.0,87.67,767.25,1505.74,2138.38,2603.66,2864.42,2901.04,2710.83,2308.01,1723.96,1010.52,273.47,0.0,0.0,0.0,0.0,0.0,0.0,20894.9,2901.0,12,0.0,0.0,0.0,0.0,0.0,0.0,179.37,837.24,1519.79,2099.23,2517.9,2741.22,2751.86,2549.05,2148.51,1583.11,907.52,235.65,0.0,0.0,0.0,0.0,0.0,0.0,20070.4,2751.9,12,0.0,0.0,0.0,0.0,0.0,0.0,185.37,792.97,1430.65,1976.21,2372.69,2586.1,2599.41,2411.59,2037.6,1509.08,879.12,254.31,0.0,0.0,0.0,0.0,0.0,0.0,19035.1,2599.4,12,0.0,0.0,0.0,0.0,0.0,0.0,137.76,716.94,1349.59,1900.09,2308.29,2538.49,2572.1,2406.46,2054.76,1546.65,932.26,308.0,0.0,0.0,0.0,0.0,0.0,0.0,18771.4,2572.1,12,0.0,0.0,0.0,0.0,0.0,0.0,107.32,708.6,1375.68,1957.11,2390.4,2638.43,2681.55,2516.38,2155.79,1629.34,986.93,324.66,0.0,0.0,0.0,0.0,0.0,0.0,19472.2,2681.5,12,0.0,0.0,0.0,0.0,0.0,0.0,123.33,790.73,1499.79,2104.21,2544.3,2784.23,2805.66,2606.94,2203.15,1626.52,930.72,229.71,0.0,0.0,0.0,0.0,0.0,0.0,20249.3,2805.7,12,0.0,0.0,0.0,0.0,0.0,0.0,171.44,904.88,1633.27,2234.42,2655.82,2865.36,2847.73,2604.19,2152.62,1527.76,786.63,86.74,0.0,0.0,0.0,0.0,0.0,0.0,20470.9,2865.4,11,0.0,0.0,0.0,0.0,0.0,0.0,174.8,931.42,1654.97,2239.46,2639.21,2825.65,2785.76,2522.34,2053.92,1414.54,659.09,14.22,0.0,0.0,0.0,0.0,0.0,0.0,19915.4,2825.7,11,0.0,0.0,0.0,0.0,0.0,0.0,70.48,784.91,1506.32,2093.87,2503.1,2705.79,2688.13,2451.35,2011.61,1399.4,663.11,15.63,0.0,0.0,0.0,0.0,0.0,0.0,18893.7,2705.8,11
Croatia,45.5,16.5,1,0.0,0.0,0.0,0.0,0.0,0.0,0.0,0.0,162.07,1034.78,1674.93,2048.11,2164.7,2025.44,1629.37,964.55,101.39,0.0,0.0,0.0,0.0,0.0,0.0,0.0,11805.3,2164.7,12,0.0,0.0,0.0,0.0,0.0,0.0,25.49,470.02,1130.7,1758.81,2256.53,2570.94,2673.24,2554.61,2225.44,1716.23,1082.3,426.97,16.29,0.0,0.0,0.0,0.0,0.0,18907.6,2673.2,12,0.0,0.0,0.0,0.0,0.0,54.03,218.81,651.61,1175.31,1676.23,2079.89,2337.96,2422.83,2325.83,2056.84,1644.79,1139.52,617.68,201.74,43.59,0.0,0.0,0.0,0.0,18646.6,2422.8,12,0.0,0.0,0.0,0.0,0.0,0.0,0.71,378.92,1060.84,1684.97,2155.94,2428.21,2478.89,2303.84,1917.27,1353.37,677.46,78.65,0.0,0.0,0.0,0.0,0.0,0.0,16519.1,2478.9,12,0.0,0.0,0.0,0.0,0.0,0.0,0.0,0.0,162.07,1034.78,1674.93,2048.11,2164.7,2025.44,1629.37,964.55,101.39,0.0,0.0,0.0,0.0,0.0,0.0,0.0,11805.3,2164.7,12,0.0,0.0,0.0,0.0,0.0,0.0,0.0,0.0,457.27,1316.89,1945.04,2339.95,2493.97,2402.02,2067.37,1498.42,696.21,0.0,0.0,0.0,0.0,0.0,0.0,0.0,15217.1,2494.0,12,0.0,0.0,0.0,0.0,0.0,0.0,0.0,100.8,827.06,1552.1,2122.48,2492.11,2635.09,2541.65,2218.26,1687.6,990.68,230.77,0.0,0.0,0.0,0.0,0.0,0.0,17398.6,2635.1,12,0.0,0.0,0.0,0.0,0.0,0.0,25.49,470.02,1130.7,1758.81,2256.53,2570.94,2673.24,2554.61,2225.44,1716.23,1082.3,426.97,16.29,0.0,0.0,0.0,0.0,0.0,18907.6,2673.2,12,0.0,0.0,0.0,0.0,0.0,5.8,179.36,678.66,1278.44,1836.43,2273.11,2540.19,2611.42,2480.12,2158.83,1680.05,1099.92,511.47,105.37,0.0,0.0,0.0,0.0,0.0,19439.2,2611.4,12,0.0,0.0,0.0,0.0,0.0,64.21,244.66,719.52,1270.6,1784.11,2188.3,2437.37,2505.91,2387.22,2093.04,1654.06,1122.25,578.4,177.09,26.69,0.0,0.0,0.0,0.0,19253.4,2505.9,12,0.0,0.0,0.0,0.0,0.0,54.03,218.81,651.61,1175.31,1676.23,2079.89,2337.96,2422.83,2325.83,2056.84,1644.79,1139.52,617.68,201.74,43.59,0.0,0.0,0.0,0.0,18646.6,2422.8,12,0.0,0.0,0.0,0.0,0.0,6.55,153.11,590.11,1147.2,1684.98,2120.36,2401.58,2499.24,2403.63,2124.16,1689.94,1152.43,594.39,154.77,6.51,0.0,0.0,0.0,0.0,18728.9,2499.2,12,0.0,0.0,0.0,0.0,0.0,0.0,72.91,533.53,1153.4,1740.37,2203.46,2490.96,2574.96,2447.69,2120.85,1626.64,1022.78,413.53,30.44,0.0,0.0,0.0,0.0,0.0,18431.5,2575.0,12,0.0,0.0,0.0,0.0,0.0,0.0,0.71,378.92,1060.84,1684.97,2155.94,2428.21,2478.89,2303.84,1917.27,1353.37,677.46,78.65,0.0,0.0,0.0,0.0,0.0,0.0,16519.1,2478.9,12,0.0,0.0,0.0,0.0,0.0,0.0,0.0,42.3,655.15,1313.94,1796.53,2061.02,2090.45,1882.94,1451.38,828.31,146.13,0.0,0.0,0.0,0.0,0.0,0.0,0.0,12268.2,2090.5,12,0.0,0.0,0.0,0.0,0.0,0.0,0.0,0.0,210.63,899.63,1438.77,1741.83,1796.49,1600.9,1161.8,510.38,4.1,0.0,0.0,0.0,0.0,0.0,0.0,0.0,9364.5,1796.5,12
Cuba,22.0,-80.0,-5,0.0,0.0,0.0,0.0,0.0,0.0,0.0,0.0,545.36,1308.77,1916.33,2332.1,2533.36,2508.51,2259.0,1799.08,1153.56,368.81,0.0,0.0,0.0,0.0,0.0,0.0,16724.9,2533.4,12,0.0,0.0,0.0,0.0,0.0,0.0,0.0,251.63,963.39,1672.38,2260.79,2672.47,2874.0,2849.85,2601.89,2149.42,1530.07,807.1,133.4,0.0,0.0,0.0,0.0,0.0,20766.4,2874.0,12,0.0,0.0,0.0,0.0,0.0,0.0,14.07,349.19,926.86,1515.62,2014.78,2368.33,2543.0,2523.52,2311.55,1925.77,1403.34,806.36,251.49,0.6,0.0,0.0,0.0,0.0,18954.5,2543.0,12,0.0,0.0,0.0,0.0,0.0,0.0,0.0,269.51,997.95,1692.38,2247.52,2614.13,2763.69,2685.01,2383.93,1883.39,1225.11,485.94,1.05,0.0,0.0,0.0,0.0,0.0,19249.6,2763.7,12,0.0,0.0,0.0,0.0,0.0,0.0,0.0,0.0,545.36,1308.77,1916.33,2332.1,2533.36,2508.51,2259.0,1799.08,1153.56,368.81,0.0,0.0,0.0,0.0,0.0,0.0,16724.9,2533.4,12,0.0,0.0,0.0,0.0,0.0,0.0,0.0,0.08,551.34,1331.79,1974.18,2431.46,2674.79,2688.67,2472.22,2039.21,1417.02,649.04,5.16,0.0,0.0,0.0,0.0,0.0,18235.0,2688.7,13,0.0,0.0,0.0,0.0,0.0,0.0,0.0,45.84,746.18,1507.92,2143.55,2598.16,2838.32,2846.96,2623.49,2183.78,1560.11,805.3,78.53,0.0,0.0,0.0,0.0,0.0,19978.1,2847.0,13,0.0,0.0,0.0,0.0,0.0,0.0,0.0,251.63,963.39,1672.38,2260.79,2672.47,2874.0,2849.85,2601.89,2149.42,1530.07,807.1,133.4,0.0,0.0,0.0,0.0,0.0,20766.4,2874.0,12,0.0,0.0,0.0,0.0,0.0,0.0,4.79,384.72,1036.56,1677.2,2206.15,2569.12,2734.32,2688.16,2434.42,1994.51,1409.06,746.83,156.22,0.0,0.0,0.0,0.0,0.0,20042.1,2734.3,12,0.0,0.0,0.0,0.0,0.0,0.0,24.79,397.2,989.11,1578.95,2071.07,2411.52,2568.62,2528.73,2295.29,1889.03,1349.71,743.91,200.76,0.0,0.0,0.0,0.0,0.0,19048.7,2568.6,12,0.0,0.0,0.0,0.0,0.0,0.0,14.07,349.19,926.86,1515.62,2014.78,2368.33,2543.0,2523.52,2311.55,1925.77,1403.34,806.36,251.49,0.6,0.0,0.0,0.0,0.0,18954.5,2543.0,12,0.0,0.0,0.0,0.0,0.0,0.0,0.82,305.58,918.01,1545.4,2077.65,2456.64,2647.92,2635.33,2419.86,2019.78,1471.87,838.17,241.02,0.0,0.0,0.0,0.0,0.0,19578.0,2647.9,12,0.0,0.0,0.0,0.0,0.0,0.0,0.0,289.56,961.94,1632.23,2187.83,2572.52,2753.4,2715.91,2462.99,2015.19,1412.24,722.4,110.03,0.0,0.0,0.0,0.0,0.0,19836.3,2753.4,12,0.0,0.0,0.0,0.0,0.0,0.0,0.0,269.51,997.95,1692.38,2247.52,2614.13,2763.69,2685.01,2383.93,1883.39,1225.11,485.94,1.05,0.0,0.0,0.0,0.0,0.0,19249.6,2763.7,12,0.0,0.0,0.0,0.0,0.0,0.0,0.0,170.88,923.16,1626.91,2173.66,2522.97,2651.09,2549.42,2224.79,1699.17,1010.54,247.5,0.0,0.0,0.0,0.0,0.0,0.0,17800.1,2651.1,12,0.0,0.0,0.0,0.0,0.0,0.0,0.0,29.81,727.67,1452.77,2015.59,2381.73,2529.87,2451.15,2150.29,1645.01,964.66,191.21,0.0,0.0,0.0,0.0,0.0,0.0,16539.8,2529.9,12
Cyprus,35.0,33.0,2,0.0,0.0,0.0,0.0,0.0,0.0,0.0,8.97,837.73,1609.42,2150.84,2467.61,2551.5,2399.43,2016.77,1410.85,566.26,0.0,0.0,0.0,0.0,0.0,0.0,0.0,16019.4,2551.5,12,0.0,0.0,0.0,0.0,0.0,0.0,40.81,583.24,1287.97,1928.07,2421.13,2721.03,2802.71,2659.62,2303.42,1764.62,1096.75,401.64,2.38,0.0,0.0,0.0,0.0,0.0,20013.4,2802.7,12,0.0,0.0,0.0,0.0,0.0,18.83,204.89,742.74,1348.01,1897.39,2323.26,2583.64,2655.24,2531.87,2224.2,1760.27,1187.77,584.43,131.2,0.49,0.0,0.0,0.0,0.0,20194.2,2655.2,12,0.0,0.0,0.0,0.0,0.0,0.0,23.41,630.51,1368.59,2001.32,2463.7,2718.74,2747.36,2547.41,2133.68,1538.32,816.38,117.12,0.0,0.0,0.0,0.0,0.0,0.0,19106.5,2747.4,12,0.0,0.0,0.0,0.0,0.0,0.0,0.0,8.97,837.73,1609.42,2150.84,2467.61,2551.5,2399.43,2016.77,1410.85,566.26,0.0,0.0,0.0,0.0,0.0,0.0,0.0,16019.4,2551.5,12,0.0,0.0,0.0,0.0,0.0,0.0,0.0,61.27,953.27,1720.78,2289.59,2644.56,2769.13,2656.76,2313.4,1755.31,998.62,95.14,0.0,0.0,0.0,0.0,0.0,0.0,18257.8,2769.1,12,0.0,0.0,0.0,0.0,0.0,0.0,0.0,368.64,1192.79,1913.3,2466.14,2813.85,2933.17,2816.1,2470.52,1919.66,1201.08,378.82,0.0,0.0,0.0,0.0,0.0,0.0,20474.1,2933.2,12,0.0,0.0,0.0,0.0,0.0,0.0,40.81,583.24,1287.97,1928.07,2421.13,2721.03,2802.71,2659.62,2303.42,1764.62,1096.75,401.64,2.38,0.0,0.0,0.0,0.0,0.0,20013.4,2802.7,12,0.0,0.0,0.0,0.0,0.0,0.08,196.2,770.67,1418.48,1998.05,2438.01,2695.66,2748.36,2591.67,2239.11,1723.0,1098.36,461.62,53.75,0.0,0.0,0.0,0.0,0.0,20433.0,2748.4,12,0.0,0.0,0.0,0.0,0.0,28.42,237.38,828.49,1459.56,2017.47,2440.02,2688.37,2741.47,2594.95,2261.02,1768.89,1167.1,535.23,101.38,0.0,0.0,0.0,0.0,0.0,20869.7,2741.5,12,0.0,0.0,0.0,0.0,0.0,18.83,204.89,742.74,1348.01,1897.39,2323.26,2583.64,2655.24,2531.87,2224.2,1760.27,1187.77,584.43,131.2,0.49,0.0,0.0,0.0,0.0,20194.2,2655.2,12,0.0,0.0,0.0,0.0,0.0,0.03,153.87,677.47,1300.39,1873.88,2322.42,2600.54,2682.99,2562.57,2249.75,1773.24,1182.95,563.06,101.61,0.0,0.0,0.0,0.0,0.0,20044.8,2683.0,12,0.0,0.0,0.0,0.0,0.0,0.0,96.7,657.44,1332.56,1941.17,2406.09,2682.91,2747.84,2595.45,2238.43,1708.3,1059.92,396.01,7.09,0.0,0.0,0.0,0.0,0.0,19869.9,2747.8,12,0.0,0.0,0.0,0.0,0.0,0.0,23.41,630.51,1368.59,2001.32,2463.7,2718.74,2747.36,2547.41,2133.68,1538.32,816.38,117.12,0.0,0.0,0.0,0.0,0.0,0.0,19106.5,2747.4,12,0.0,0.0,0.0,0.0,0.0,0.0,0.0,494.18,1312.7,1967.16,2425.56,2664.39,2670.14,2442.45,1994.19,1348.32,535.09,0.0,0.0,0.0,0.0,0.0,0.0,0.0,17854.2,2670.1,12,0.0,0.0,0.0,0.0,0.0,0.0,0.0,144.04,1039.97,1745.34,2231.97,2493.77,2521.69,2314.56,1880.06,1226.73,351.67,0.0,0.0,0.0,0.0,0.0,0.0,0.0,15949.8,2521.7,12
Czech Republic,50.0,15.5,1,0.0,0.0,0.0,0.0,0.0,0.0,0.0,0.0,11.06,780.36,1506.55,1924.47,2065.69,1936.67,1531.69,820.74,19.59,0.0,0.0,0.0,0.0,0.0,0.0,0.0,10596.8,2065.7,12,0.0,0.0,0.0,0.0,0.0,0.0,18.96,412.87,1049.05,1670.8,2172.1,2496.16,2611.93,2509.04,2196.83,1705.19,1089.21,450.3,28.8,0.0,0.0,0.0,0.0,0.0,18411.2,2611.9,12,0.0,0.0,0.0,0.0,0.14,84.55,199.7,661.49,1213.93,1737.54,2160.35,2435.02,2533.81,2447.17,2183.45,1769.13,1250.15,696.61,216.36,92.63,0.5,0.0,0.0,0.0,19682.5,2533.8,12,0.0,0.0,0.0,0.0,0.0,0.0,0.0,289.39,944.4,1567.4,2046.18,2330.73,2396.06,2236.68,1865.88,1317.64,658.67,79.85,0.0,0.0,0.0,0.0,0.0,0.0,15732.9,2396.1,12,0.0,0.0,0.0,0.0,0.0,0.0,0.0,0.0,11.06,780.36,1506.55,1924.47,2065.69,1936.67,1531.69,820.74,19.59,0.0,0.0,0.0,0.0,0.0,0.0,0.0,10596.8,2065.7,12,0.0,0.0,0.0,0.0,0.0,0.0,0.0,0.0,134.53,948.99,1614.92,2038.74,2213.95,2136.47,1808.4,1236.08,440.65,0.0,0.0,0.0,0.0,0.0,0.0,0.0,12572.7,2214.0,12,0.0,0.0,0.0,0.0,0.0,0.0,0.0,24.51,613.61,1325.04,1901.32,2283.06,2440.98,2363.75,2057.02,1543.79,869.74,168.78,0.0,0.0,0.0,0.0,0.0,0.0,15591.6,2441.0,12,0.0,0.0,0.0,0.0,0.0,0.0,18.96,412.87,1049.05,1670.8,2172.1,2496.16,2611.93,2509.04,2196.83,1705.19,1089.21,450.3,28.8,0.0,0.0,0.0,0.0,0.0,18411.2,2611.9,12,0.0,0.0,0.0,0.0,0.0,15.4,163.62,664.95,1268.5,1833.49,2280.23,2559.59,2644.27,2526.36,2217.02,1747.01,1169.62,571.39,124.61,4.7,0.0,0.0,0.0,0.0,19790.8,2644.3,12,0.0,0.0,0.0,0.0,0.14,87.11,222.86,713.29,1275.74,1800.23,2216.28,2478.04,2559.39,2452.55,2167.82,1733.93,1199.67,639.64,188.89,70.06,0.0,0.0,0.0,0.0,19805.6,2559.4,12,0.0,0.0,0.0,0.0,0.14,84.55,199.7,661.49,1213.93,1737.54,2160.35,2435.02,2533.81,2447.17,2183.45,1769.13,1250.15,696.61,216.36,92.63,0.5,0.0,0.0,0.0,19682.5,2533.8,12,0.0,0.0,0.0,0.0,0.0,21.45,150.87,590.17,1162.02,1713.35,2162.41,2457.55,2568.79,2485.37,2215.26,1785.5,1244.29,668.17,184.75,36.54,0.0,0.0,0.0,0.0,19446.5,2568.8,12,0.0,0.0,0.0,0.0,0.0,0.0,62.78,487.0,1086.85,1667.85,2133.97,2430.43,2527.26,2415.21,2104.88,1627.69,1040.56,444.2,47.18,0.0,0.0,0.0,0.0,0.0,18075.9,2527.3,12,0.0,0.0,0.0,0.0,0.0,0.0,0.0,289.39,944.4,1567.4,2046.18,2330.73,2396.06,2236.68,1865.88,1317.64,658.67,79.85,0.0,0.0,0.0,0.0,0.0,0.0,15732.9,2396.1,12,0.0,0.0,0.0,0.0,0.0,0.0,0.0,12.86,662.88,1387.48,1906.34,2194.95,2241.5,2043.89,1610.26,957.61,176.17,0.0,0.0,0.0,0.0,0.0,0.0,0.0,13193.9,2241.5,12,0.0,0.0,0.0,0.0,0.0,0.0,0.0,0.0,200.13,1110.25,1735.9,2077.01,2152.07,1963.1,1503.4,739.82,0.0,0.0,0.0,0.0,0.0,0.0,0.0,0.0,11481.7,2152.1,12
Democratic Republic of the Congo,-3.0,25.0,2,0.0,0.0,0.0,0.0,0.0,0.0,0.0,221.17,899.13,1574.91,2134.9,2526.07,2716.87,2692.66,2455.28,2023.02,1431.5,740.83,103.71,0.0,0.0,0.0,0.0,0.0,19520.0,2716.9,12,0.0,0.0,0.0,0.0,0.0,0.0,0.0,183.51,905.48,1624.97,2218.71,2633.04,2835.72,2811.68,2562.69,2107.4,1481.86,746.52,73.28,0.0,0.0,0.0,0.0,0.0,20184.9,2835.7,12,0.0,0.0,0.0,0.0,0.0,0.0,0.0,142.97,796.27,1445.51,1979.29,2351.45,2533.91,2513.41,2291.41,1884.12,1322.69,658.77,51.96,0.0,0.0,0.0,0.0,0.0,17971.7,2533.9,12,0.0,0.0,0.0,0.0,0.0,0.0,0.0,345.94,1084.01,1776.44,2329.41,2694.73,2844.05,2766.25,2467.1,1969.45,1314.48,573.96,10.22,0.0,0.0,0.0,0.0,0.0,20176.0,2844.1,12,0.0,0.0,0.0,0.0,0.0,0.0,0.0,221.17,899.13,1574.91,2134.9,2526.07,2716.87,2692.66,2455.28,2023.02,1431.5,740.83,103.71,0.0,0.0,0.0,0.0,0.0,19520.0,2716.9,12,0.0,0.0,0.0,0.0,0.0,0.0,0.0,124.76,799.18,1512.92,2118.55,2556.4,2790.89,2804.06,2594.9,2179.31,1590.63,884.73,187.45,0.0,0.0,0.0,0.0,0.0,20143.8,2804.1,13,0.0,0.0,0.0,0.0,0.0,0.0,0.0,122.37,820.43,1555.1,2175.58,2621.93,2858.37,2866.98,2647.12,2215.35,1606.03,876.59,162.46,0.0,0.0,0.0,0.0,0.0,20528.3,2867.0,13,0.0,0.0,0.0,0.0,0.0,0.0,0.0,183.51,905.48,1624.97,2218.71,2633.04,2835.72,2811.68,2562.69,2107.4,1481.86,746.52,73.28,0.0,0.0,0.0,0.0,0.0,20184.9,2835.7,12,0.0,0.0,0.0,0.0,0.0,0.0,0.0,228.49,934.31,1613.07,2163.13,2537.14,2706.7,2659.39,2398.68,1943.92,1330.94,620.33,23.85,0.0,0.0,0.0,0.0,0.0,19159.9,2706.7,12,0.0,0.0,0.0,0.0,0.0,0.0,0.0,195.34,862.77,1508.74,2033.0,2390.58,2554.44,2512.64,2268.22,1839.21,1259.12,584.79,20.87,0.0,0.0,0.0,0.0,0.0,18029.7,2554.4,12,0.0,0.0,0.0,0.0,0.0,0.0,0.0,142.97,796.27,1445.51,1979.29,2351.45,2533.91,2513.41,2291.41,1884.12,1322.69,658.77,51.96,0.0,0.0,0.0,0.0,0.0,17971.7,2533.9,12,0.0,0.0,0.0,0.0,0.0,0.0,0.0,142.16,821.62,1499.94,2060.29,2454.19,2651.92,2639.08,2416.57,2000.57,1422.74,734.81,81.03,0.0,0.0,0.0,0.0,0.0,18924.9,2651.9,12,0.0,0.0,0.0,0.0,0.0,0.0,0.0,218.56,936.84,1635.34,2205.66,2597.95,2782.09,2744.51,2487.93,2031.44,1410.99,686.82,46.25,0.0,0.0,0.0,0.0,0.0,19784.4,2782.1,12,0.0,0.0,0.0,0.0,0.0,0.0,0.0,345.94,1084.01,1776.44,2329.41,2694.73,2844.05,2766.25,2467.1,1969.45,1314.48,573.96,10.22,0.0,0.0,0.0,0.0,0.0,20176.0,2844.1,12,0.0,0.0,0.0,0.0,0.0,0.0,0.08,425.09,1150.32,1818.82,2345.53,2684.54,2809.35,2710.54,2395.61,1889.07,1234.24,508.41,3.73,0.0,0.0,0.0,0.0,0.0,19975.3,2809.3,12,0.0,0.0,0.0,0.0,0.0,0.0,0.0,364.65,1063.19,1720.06,2245.55,2592.59,2733.69,2658.12,2371.62,1896.55,1273.3,572.18,21.07,0.0,0.0,0.0,0.0,0.0,19512.6,2733.7,12
Denmark,56.0,10.0,1,0.0,0.0,0.0,0.0,0.0,0.0,0.0,0.0,0.0,80.86,972.47,1602.21,1878.49,1844.74,1496.39,777.92,0.0,0.0,0.0,0.0,0.0,0.0,0.0,0.0,8653.1,1878.5,12,0.0,0.0,0.0,0.0,0.0,0.0,2.74,307.09,992.75,1682.68,2260.58,2666.89,2866.42,2843.0,2598.56,2153.23,1546.63,845.62,191.46,0.0,0.0,0.0,0.0,0.0,20957.6,2866.4,12,0.0,0.0,0.0,0.0,4.68,77.06,148.87,490.98,1078.6,1650.26,2132.28,2473.97,2642.93,2623.89,2418.52,2045.5,1540.72,958.93,379.76,135.5,60.17,0.5,0.0,0.0,20863.1,2642.9,12,0.0,0.0,0.0,0.0,0.0,0.0,0.0,139.47,809.62,1497.61,2052.42,2419.48,2569.31,2490.47,2188.8,1687.7,1031.55,319.35,0.0,0.0,0.0,0.0,0.0,0.0,17205.8,2569.3,12,0.0,0.0,0.0,0.0,0.0,0.0,0.0,0.0,0.0,80.86,972.47,1602.21,1878.49,1844.74,1496.39,777.92,0.0,0.0,0.0,0.0,0.0,0.0,0.0,0.0,8653.1,1878.5,12,0.0,0.0,0.0,0.0,0.0,0.0,0.0,0.0,0.0,687.75,1561.26,2110.27,2388.26,2404.11,2158.12,1644.06,817.4,0.0,0.0,0.0,0.0,0.0,0.0,0.0,13771.2,2404.1,13,0.0,0.0,0.0,0.0,0.0,0.0,0.0,0.0,549.61,1376.22,2042.94,2512.59,2759.33,2768.63,2540.01,2087.18,1435.74,622.18,0.0,0.0,0.0,0.0,0.0,0.0,18694.4,2768.6,13,0.0,0.0,0.0,0.0,0.0,0.0,2.74,307.09,992.75,1682.68,2260.58,2666.89,2866.42,2843.0,2598.56,2153.23,1546.63,845.62,191.46,0.0,0.0,0.0,0.0,0.0,20957.6,2866.4,12,0.0,0.0,0.0,0.0,0.0,12.52,77.01,520.19,1191.54,1828.46,2351.88,2711.04,2874.67,2829.16,2578.33,2143.41,1563.75,900.34,252.49,51.18,0.0,0.0,0.0,0.0,21886.0,2874.7,12,0.0,0.0,0.0,0.0,4.63,65.73,123.87,550.95,1182.21,1777.13,2267.03,2604.69,2760.31,2720.67,2489.14,2085.64,1546.83,927.71,308.66,102.16,39.72,0.0,0.0,0.0,21557.1,2760.3,12,0.0,0.0,0.0,0.0,4.68,77.06,148.87,490.98,1078.6,1650.26,2132.28,2473.97,2642.93,2623.89,2418.52,2045.5,1540.72,958.93,379.76,135.5,60.17,0.5,0.0,0.0,20863.1,2642.9,12,0.0,0.0,0.0,0.0,0.0,21.95,112.59,424.31,1011.92,1601.57,2105.48,2466.78,2649.86,2637.75,2431.5,2050.24,1531.94,936.54,357.42,101.08,11.59,0.0,0.0,0.0,20452.5,2649.9,12,0.0,0.0,0.0,0.0,0.0,0.0,29.18,358.26,980.82,1612.93,2145.31,2517.13,2692.73,2656.42,2411.31,1979.54,1404.23,758.24,183.85,3.4,0.0,0.0,0.0,0.0,19733.4,2692.7,12,0.0,0.0,0.0,0.0,0.0,0.0,0.0,139.47,809.62,1497.61,2052.42,2419.48,2569.31,2490.47,2188.8,1687.7,1031.55,319.35,0.0,0.0,0.0,0.0,0.0,0.0,17205.8,2569.3,12,0.0,0.0,0.0,0.0,0.0,0.0,0.0,0.0,285.06,1155.89,1796.56,2187.36,2327.94,2215.76,1852.66,1239.28,380.7,0.0,0.0,0.0,0.0,0.0,0.0,0.0,13441.2,2327.9,12,0.0,0.0,0.0,0.0,0.0,0.0,0.0,0.0,0.0,403.66,1284.83,1793.37,1985.16,1882.81,1474.9,703.54,0.0,0.0,0.0,0.0,0.0,0.0,0.0,0.0,9528.3,1985.2,12
Djibouti,11.5,42.5,3,0.0,0.0,0.0,0.0,0.0,0.0,0.0,151.43,903.53,1606.94,2163.38,2533.79,2693.36,2631.43,2352.14,1874.11,1229.76,473.09,0.0,0.0,0.0,0.0,0.0,0.0,18613.0,2693.4,12,0.0,0.0,0.0,0.0,0.0,0.0,0.0,320.12,1047.3,1742.96,2305.75,2684.61,2849.45,2787.75,2504.18,2020.74,1378.01,645.77,37.14,0.0,0.0,0.0,0.0,0.0,20323.8,2849.5,12,0.0,0.0,0.0,0.0,0.0,0.0,2.53,374.91,999.59,1602.46,2094.52,2427.51,2573.18,2519.78,2271.58,1848.96,1289.96,659.19,106.7,0.0,0.0,0.0,0.0,0.0,18770.9,2573.2,12,0.0,0.0,0.0,0.0,0.0,0.0,0.0,447.68,1200.1,1879.62,2407.3,2739.81,2852.12,2736.0,2399.94,1869.25,1187.57,434.88,0.0,0.0,0.0,0.0,0.0,0.0,20154.3,2852.1,12,0.0,0.0,0.0,0.0,0.0,0.0,0.0,151.43,903.53,1606.94,2163.38,2533.79,2693.36,2631.43,2352.14,1874.11,1229.76,473.09,0.0,0.0,0.0,0.0,0.0,0.0,18613.0,2693.4,12,0.0,0.0,0.0,0.0,0.0,0.0,0.0,101.87,849.42,1587.39,2187.07,2602.64,2805.03,2780.32,2530.18,2071.83,1437.56,678.83,15.87,0.0,0.0,0.0,0.0,0.0,19648.0,2805.0,12,0.0,0.0,0.0,0.0,0.0,0.0,0.0,171.37,921.01,1658.26,2261.47,2679.31,2880.49,2850.45,2591.35,2122.02,1478.3,719.56,42.02,0.0,0.0,0.0,0.0,0.0,20375.6,2880.5,12,0.0,0.0,0.0,0.0,0.0,0.0,0.0,320.12,1047.3,1742.96,2305.75,2684.61,2849.45,2787.75,2504.18,2020.74,1378.01,645.77,37.14,0.0,0.0,0.0,0.0,0.0,20323.8,2849.5,12,0.0,0.0,0.0,0.0,0.0,0.0,2.1,425.12,1104.24,1743.45,2254.68,2590.0,2721.76,2639.62,2350.04,1876.61,1261.91,580.13,38.11,0.0,0.0,0.0,0.0,0.0,19587.8,2721.8,12,0.0,0.0,0.0,0.0,0.0,0.0,9.05,430.11,1065.38,1666.56,2149.68,2468.22,2595.33,2520.81,2250.63,1807.21,1231.25,592.78,66.03,0.0,0.0,0.0,0.0,0.0,18853.0,2595.3,12,0.0,0.0,0.0,0.0,0.0,0.0,2.53,374.91,999.59,1602.46,2094.52,2427.51,2573.18,2519.78,2271.58,1848.96,1289.96,659.19,106.7,0.0,0.0,0.0,0.0,0.0,18770.9,2573.2,12,0.0,0.0,0.0,0.0,0.0,0.0,0.03,335.96,986.52,1619.82,2139.1,2493.62,2653.58,2606.22,2355.22,1920.9,1341.58,682.51,100.68,0.0,0.0,0.0,0.0,0.0,19235.8,2653.6,12,0.0,0.0,0.0,0.0,0.0,0.0,0.0,366.36,1070.18,1736.89,2272.5,2627.79,2774.07,2700.05,2411.36,1930.8,1299.9,591.14,27.37,0.0,0.0,0.0,0.0,0.0,19808.4,2774.1,12,0.0,0.0,0.0,0.0,0.0,0.0,0.0,447.68,1200.1,1879.62,2407.3,2739.81,2852.12,2736.0,2399.94,1869.25,1187.57,434.88,0.0,0.0,0.0,0.0,0.0,0.0,20154.3,2852.1,12,0.0,0.0,0.0,0.0,0.0,0.0,0.0,468.45,1237.76,1909.73,2419.69,2730.17,2819.38,2681.13,2325.06,1776.31,1076.14,304.93,0.0,0.0,0.0,0.0,0.0,0.0,19748.7,2819.4,12,0.0,0.0,0.0,0.0,0.0,0.0,0.0,323.16,1085.74,1759.14,2275.25,2598.1,2705.92,2591.47,2262.46,1741.1,1063.82,301.28,0.0,0.0,0.0,0.0,0.0,0.0,18707.4,2705.9,12
Dominican Republic,19.0,-70.5,-5,0.0,0.0,0.0,0.0,0.0,0.0,0.0,315.7,1093.81,1753.73,2237.73,2517.22,2575.32,2408.45,2026.79,1453.11,722.84,25.94,0.0,0.0,0.0,0.0,0.0,0.0,17130.6,2575.3,12,0.0,0.0,0.0,0.0,0.0,0.0,53.09,667.5,1394.52,2033.51,2513.91,2794.75,2853.96,2687.06,2306.94,1744.43,1051.93,332.61,0.0,0.0,0.0,0.0,0.0,0.0,20434.2,2854.0,12,0.0,0.0,0.0,0.0,0.0,0.0,160.61,698.56,1309.48,1856.23,2271.94,2516.8,2569.57,2425.84,2097.73,1614.71,1027.2,424.61,27.41,0.0,0.0,0.0,0.0,0.0,19000.7,2569.6,12,0.0,0.0,0.0,0.0,0.0,0.0,72.27,732.43,1457.52,2070.22,2509.78,2740.93,2746.2,2525.2,2094.56,1488.59,766.2,91.47,0.0,0.0,0.0,0.0,0.0,0.0,19295.4,2746.2,12,0.0,0.0,0.0,0.0,0.0,0.0,0.0,315.7,1093.81,1753.73,2237.73,2517.22,2575.32,2408.45,2026.79,1453.11,722.84,25.94,0.0,0.0,0.0,0.0,0.0,0.0,17130.6,2575.3,12,0.0,0.0,0.0,0.0,0.0,0.0,0.0,309.6,1102.92,1796.88,2322.6,2645.21,2743.62,2611.38,2257.14,1704.04,989.3,200.98,0.0,0.0,0.0,0.0,0.0,0.0,18683.7,2743.6,12,0.0,0.0,0.0,0.0,0.0,0.0,0.0,463.79,1240.91,1927.96,2452.14,2772.97,2867.23,2728.22,2365.86,1806.58,1094.89,319.6,0.0,0.0,0.0,0.0,0.0,0.0,20040.2,2867.2,12,0.0,0.0,0.0,0.0,0.0,0.0,53.09,667.5,1394.52,2033.51,2513.91,2794.75,2853.96,2687.06,2306.94,1744.43,1051.93,332.61,0.0,0.0,0.0,0.0,0.0,0.0,20434.2,2854.0,12,0.0,0.0,0.0,0.0,0.0,0.0,167.82,773.94,1437.79,2017.42,2447.01,2687.72,2719.58,2540.07,2163.94,1624.12,976.51,327.9,0.2,0.0,0.0,0.0,0.0,0.0,19884.0,2719.6,12,0.0,0.0,0.0,0.0,0.0,0.0,199.14,761.25,1377.53,1920.0,2324.63,2553.32,2586.39,2421.11,2071.5,1569.26,968.14,365.86,9.44,0.0,0.0,0.0,0.0,0.0,19127.6,2586.4,12,0.0,0.0,0.0,0.0,0.0,0.0,160.61,698.56,1309.48,1856.23,2271.94,2516.8,2569.57,2425.84,2097.73,1614.71,1027.2,424.61,27.41,0.0,0.0,0.0,0.0,0.0,19000.7,2569.6,12,0.0,0.0,0.0,0.0,0.0,0.0,109.75,651.1,1289.0,1863.95,2303.88,2566.65,2629.57,2487.39,2151.97,1653.08,1042.17,412.58,11.36,0.0,0.0,0.0,0.0,0.0,19172.4,2629.6,12,0.0,0.0,0.0,0.0,0.0,0.0,85.57,680.19,1367.69,1972.35,2423.92,2681.86,2725.0,2549.89,2170.59,1619.51,952.49,282.08,0.0,0.0,0.0,0.0,0.0,0.0,19511.1,2725.0,12,0.0,0.0,0.0,0.0,0.0,0.0,72.27,732.43,1457.52,2070.22,2509.78,2740.93,2746.2,2525.2,2094.56,1488.59,766.2,91.47,0.0,0.0,0.0,0.0,0.0,0.0,19295.4,2746.2,12,0.0,0.0,0.0,0.0,0.0,0.0,26.24,687.46,1427.91,2034.94,2458.43,2668.7,2651.4,2407.7,1954.28,1323.16,570.05,2.47,0.0,0.0,0.0,0.0,0.0,0.0,18212.7,2668.7,11,0.0,0.0,0.0,0.0,0.0,0.0,0.0,515.0,1273.11,1893.34,2330.84,2558.94,2563.52,2344.29,1914.85,1301.37,547.1,0.27,0.0,0.0,0.0,0.0,0.0,0.0,17242.6,2563.5,12
Ecuador,-1.5,-78.5,-5,0.0,0.0,0.0,0.0,0.0,0.0,0.0,261.09,952.52,1623.43,2170.65,2544.33,2714.89,2669.4,2411.28,1960.3,1353.58,654.49,50.08,0.0,0.0,0.0,0.0,0.0,19366.0,2714.9,12,0.0,0.0,0.0,0.0,0.0,0.0,0.0,227.84,944.48,1647.77,2222.04,2614.45,2793.91,2746.86,2476.83,2004.53,1368.94,637.79,30.94,0.0,0.0,0.0,0.0,0.0,19716.4,2793.9,12,0.0,0.0,0.0,0.0,0.0,0.0,0.0,198.81,847.5,1480.55,1996.34,2348.89,2510.89,2470.29,2230.07,1808.28,1238.78,579.73,26.91,0.0,0.0,0.0,0.0,0.0,17737.0,2510.9,12,0.0,0.0,0.0,0.0,0.0,0.0,0.0,394.38,1127.61,1805.74,2339.97,2683.63,2809.87,2709.23,2389.24,1874.77,1209.88,474.99,0.88,0.0,0.0,0.0,0.0,0.0,19820.2,2809.9,12,0.0,0.0,0.0,0.0,0.0,0.0,0.0,261.09,952.52,1623.43,2170.65,2544.33,2714.89,2669.4,2411.28,1960.3,1353.58,654.49,50.08,0.0,0.0,0.0,0.0,0.0,19366.0,2714.9,12,0.0,0.0,0.0,0.0,0.0,0.0,0.0,158.17,847.14,1554.53,2146.29,2565.66,2778.9,2769.75,2538.87,2103.85,1499.91,786.52,114.88,0.0,0.0,0.0,0.0,0.0,19864.5,2778.9,12,0.0,0.0,0.0,0.0,0.0,0.0,0.0,157.35,860.55,1583.33,2186.65,2612.3,2825.94,2811.26,2569.35,2118.7,1496.13,764.35,91.94,0.0,0.0,0.0,0.0,0.0,20077.8,2825.9,12,0.0,0.0,0.0,0.0,0.0,0.0,0.0,227.84,944.48,1647.77,2222.04,2614.45,2793.91,2746.86,2476.83,2004.53,1368.94,637.79,30.94,0.0,0.0,0.0,0.0,0.0,19716.4,2793.9,12,0.0,0.0,0.0,0.0,0.0,0.0,0.0,282.17,978.94,1640.57,2171.13,2523.81,2671.21,2602.33,2322.32,1852.55,1231.89,529.11,7.18,0.0,0.0,0.0,0.0,0.0,18813.2,2671.2,12,0.0,0.0,0.0,0.0,0.0,0.0,0.0,250.07,907.92,1536.55,2041.94,2379.25,2522.25,2460.27,2197.94,1755.24,1168.72,503.29,7.43,0.0,0.0,0.0,0.0,0.0,17730.9,2522.3,12,0.0,0.0,0.0,0.0,0.0,0.0,0.0,198.81,847.5,1480.55,1996.34,2348.89,2510.89,2470.29,2230.07,1808.28,1238.78,579.73,26.91,0.0,0.0,0.0,0.0,0.0,17737.0,2510.9,12,0.0,0.0,0.0,0.0,0.0,0.0,0.0,201.46,881.73,1545.71,2088.57,2462.61,2639.12,2605.03,2362.82,1930.49,1342.1,654.79,45.77,0.0,0.0,0.0,0.0,0.0,18760.2,2639.1,12,0.0,0.0,0.0,0.0,0.0,0.0,0.0,276.42,993.55,1678.08,2230.27,2601.57,2763.2,2703.1,2425.71,1952.0,1320.53,597.83,17.81,0.0,0.0,0.0,0.0,0.0,19560.1,2763.2,12,0.0,0.0,0.0,0.0,0.0,0.0,0.0,394.38,1127.61,1805.74,2339.97,2683.63,2809.87,2709.23,2389.24,1874.77,1209.88,474.99,0.88,0.0,0.0,0.0,0.0,0.0,19820.2,2809.9,12,0.0,0.0,0.0,0.0,0.0,0.0,1.12,469.22,1192.41,1848.74,2358.01,2676.3,2778.81,2657.82,2322.5,1799.18,1133.71,412.07,0.04,0.0,0.0,0.0,0.0,0.0,19649.9,2778.8,12,0.0,0.0,0.0,0.0,0.0,0.0,0.08,410.81,1115.3,1764.25,2275.1,2603.45,2723.67,2626.72,2319.92,1827.09,1190.33,485.1,2.89,0.0,0.0,0.0,0.0,0.0,19344.7,2723.7,12
Egypt,27.0,30.0,2,0.0,0.0,0.0,0.0,0.0,0.0,0.0,6.68,644.86,1379.24,1937.08,2288.76,2416.68,2314.07,1986.38,1450.16,732.7,29.04,0.0,0.0,0.0,0.0,0.0,0.0,15185.7,2416.7,12,0.0,0.0,0.0,0.0,0.0,0.0,4.89,509.35,1253.18,1935.04,2472.26,2818.39,2946.37,2846.54,2526.48,2011.13,1344.3,601.6,24.11,0.0,0.0,0.0,0.0,0.0,21293.6,2946.4,12,0.0,0.0,0.0,0.0,0.0,0.0,106.04,598.7,1222.17,1802.77,2265.78,2566.26,2678.21,2592.35,2315.75,1872.13,1303.59,679.46,142.47,0.0,0.0,0.0,0.0,0.0,20145.7,2678.2,12,0.0,0.0,0.0,0.0,0.0,0.0,1.26,484.83,1221.64,1877.44,2374.82,2672.04,2746.36,2592.21,2221.09,1661.94,964.89,241.22,0.0,0.0,0.0,0.0,0.0,0.0,19059.7,2746.4,12,0.0,0.0,0.0,0.0,0.0,0.0,0.0,6.68,644.86,1379.24,1937.08,2288.76,2416.68,2314.07,1986.38,1450.16,732.7,29.04,0.0,0.0,0.0,0.0,0.0,0.0,15185.7,2416.7,12,0.0,0.0,0.0,0.0,0.0,0.0,0.0,26.91,774.87,1536.36,2129.7,2522.24,2691.47,2627.25,2333.44,1827.36,1137.11,315.81,0.0,0.0,0.0,0.0,0.0,0.0,17922.5,2691.5,12,0.0,0.0,0.0,0.0,0.0,0.0,0.0,243.45,1047.68,1786.3,2371.32,2759.92,2925.1,2855.52,2555.96,2047.16,1365.27,568.68,0.0,0.0,0.0,0.0,0.0,0.0,20526.3,2925.1,12,0.0,0.0,0.0,0.0,0.0,0.0,4.89,509.35,1253.18,1935.04,2472.26,2818.39,2946.37,2846.54,2526.48,2011.13,1344.3,601.6,24.11,0.0,0.0,0.0,0.0,0.0,21293.6,2946.4,12,0.0,0.0,0.0,0.0,0.0,0.0,90.0,654.08,1335.54,1955.28,2438.37,2740.53,2836.74,2719.37,2397.84,1899.01,1269.48,589.02,63.91,0.0,0.0,0.0,0.0,0.0,20989.2,2836.7,12,0.0,0.0,0.0,0.0,0.0,0.0,123.54,666.87,1304.74,1886.82,2342.58,2629.31,2722.73,2615.23,2315.62,1849.42,1260.86,623.35,104.1,0.0,0.0,0.0,0.0,0.0,20445.2,2722.7,12,0.0,0.0,0.0,0.0,0.0,0.0,106.04,598.7,1222.17,1802.77,2265.78,2566.26,2678.21,2592.35,2315.75,1872.13,1303.59,679.46,142.47,0.0,0.0,0.0,0.0,0.0,20145.7,2678.2,12,0.0,0.0,0.0,0.0,0.0,0.0,68.08,536.0,1174.5,1778.77,2264.85,2584.07,2708.36,2627.28,2347.54,1893.33,1308.33,666.29,126.13,0.0,0.0,0.0,0.0,0.0,20083.5,2708.4,12,0.0,0.0,0.0,0.0,0.0,0.0,23.58,524.19,1214.93,1854.29,2357.47,2676.99,2786.1,2676.01,2355.52,1851.37,1211.05,519.59,21.69,0.0,0.0,0.0,0.0,0.0,20072.8,2786.1,12,0.0,0.0,0.0,0.0,0.0,0.0,1.26,484.83,1221.64,1877.44,2374.82,2672.04,2746.36,2592.21,2221.09,1661.94,964.89,241.22,0.0,0.0,0.0,0.0,0.0,0.0,19059.7,2746.4,12,0.0,0.0,0.0,0.0,0.0,0.0,0.0,313.13,1071.1,1733.13,2220.97,2500.18,2552.19,2373.57,1976.1,1386.62,653.48,18.38,0.0,0.0,0.0,0.0,0.0,0.0,16798.8,2552.2,12,0.0,0.0,0.0,0.0,0.0,0.0,0.0,88.64,820.98,1509.18,2017.5,2316.56,2389.9,2233.38,1855.75,1277.66,538.87,0.74,0.0,0.0,0.0,0.0,0.0,0.0,15049.2,2389.9,12
El Salvador,13.5,-89.0,-6,0.0,0.0,0.0,0.0,0.0,0.0,0.0,241.13,994.51,1670.81,2189.24,2513.86,2623.15,2509.87,2181.51,1659.83,981.08,228.58,0.0,0.0,0.0,0.0,0.0,0.0,17793.6,2623.2,12,0.0,0.0,0.0,0.0,0.0,0.0,2.12,490.32,1225.17,1895.04,2417.91,2748.32,2860.33,2745.47,2412.47,1887.56,1216.55,482.35,1.67,0.0,0.0,0.0,0.0,0.0,20385.3,2860.3,12,0.0,0.0,0.0,0.0,0.0,0.0,40.83,509.43,1127.34,1702.0,2156.01,2445.08,2544.26,2445.39,2156.6,1702.76,1128.12,510.03,40.8,0.0,0.0,0.0,0.0,0.0,18508.6,2544.3,12,0.0,0.0,0.0,0.0,0.0,0.0,10.05,561.16,1292.83,1935.81,2417.97,2699.07,2757.51,2588.91,2205.97,1638.95,939.86,224.67,0.0,0.0,0.0,0.0,0.0,0.0,19272.8,2757.5,12,0.0,0.0,0.0,0.0,0.0,0.0,0.0,241.13,994.51,1670.81,2189.24,2513.86,2623.15,2509.87,2181.51,1659.83,981.08,228.58,0.0,0.0,0.0,0.0,0.0,0.0,17793.6,2623.2,12,0.0,0.0,0.0,0.0,0.0,0.0,0.0,212.92,984.88,1698.42,2260.37,2629.4,2780.05,2702.03,2400.63,1896.52,1225.54,450.56,0.0,0.0,0.0,0.0,0.0,0.0,19241.3,2780.1,12,0.0,0.0,0.0,0.0,0.0,0.0,0.0,312.57,1080.22,1792.16,2355.87,2725.3,2873.04,2788.42,2477.53,1963.2,1285.84,516.74,0.48,0.0,0.0,0.0,0.0,0.0,20171.4,2873.0,12,0.0,0.0,0.0,0.0,0.0,0.0,2.12,490.32,1225.17,1895.04,2417.91,2748.32,2860.33,2745.47,2412.47,1887.56,1216.55,482.35,1.67,0.0,0.0,0.0,0.0,0.0,20385.3,2860.3,12,0.0,0.0,0.0,0.0,0.0,0.0,51.52,611.94,1298.08,1914.46,2388.6,2678.39,2760.47,2628.47,2292.77,1780.91,1140.32,456.59,5.89,0.0,0.0,0.0,0.0,0.0,20008.4,2760.5,12,0.0,0.0,0.0,0.0,0.0,0.0,72.47,598.76,1237.59,1816.25,2264.01,2539.59,2620.1,2499.1,2186.34,1708.21,1110.45,474.04,22.84,0.0,0.0,0.0,0.0,0.0,19149.8,2620.1,12,0.0,0.0,0.0,0.0,0.0,0.0,40.83,509.43,1127.34,1702.0,2156.01,2445.08,2544.26,2445.39,2156.6,1702.76,1128.12,510.03,40.8,0.0,0.0,0.0,0.0,0.0,18508.6,2544.3,12,0.0,0.0,0.0,0.0,0.0,0.0,15.7,466.0,1109.9,1713.54,2193.06,2501.67,2612.91,2517.67,2223.66,1755.91,1159.29,513.22,29.48,0.0,0.0,0.0,0.0,0.0,18812.0,2612.9,12,0.0,0.0,0.0,0.0,0.0,0.0,9.21,496.37,1189.73,1824.01,2316.94,2623.15,2717.48,2592.46,2257.93,1741.61,1092.29,402.04,0.48,0.0,0.0,0.0,0.0,0.0,19263.7,2717.5,12,0.0,0.0,0.0,0.0,0.0,0.0,10.05,561.16,1292.83,1935.81,2417.97,2699.07,2757.51,2588.91,2205.97,1638.95,939.86,224.67,0.0,0.0,0.0,0.0,0.0,0.0,19272.8,2757.5,12,0.0,0.0,0.0,0.0,0.0,0.0,3.3,557.81,1302.52,1938.21,2403.4,2663.25,2699.27,2508.95,2105.76,1519.16,798.77,93.4,0.0,0.0,0.0,0.0,0.0,0.0,18593.8,2699.3,12,0.0,0.0,0.0,0.0,0.0,0.0,0.0,391.93,1131.32,1771.4,2245.84,2520.72,2577.34,2411.91,2035.62,1474.42,772.32,78.69,0.0,0.0,0.0,0.0,0.0,0.0,17411.5,2577.3,12
Equatorial Guinea,2.0,10.0,1,0.0,0.0,0.0,0.0,0.0,0.0,0.0,162.56,852.22,1540.81,2107.94,2502.93,2695.37,2671.05,2431.75,1995.19,1395.62,690.65,55.8,0.0,0.0,0.0,0.0,0.0,19101.9,2695.4,12,0.0,0.0,0.0,0.0,0.0,0.0,0.0,186.96,898.27,1612.18,2203.1,2615.97,2818.02,2794.02,2545.78,2092.16,1469.91,741.17,78.22,0.0,0.0,0.0,0.0,0.0,20055.8,2818.0,12,0.0,0.0,0.0,0.0,0.0,0.0,0.0,186.66,818.35,1451.78,1977.27,2345.15,2525.85,2505.56,2285.82,1883.47,1331.48,685.51,90.32,0.0,0.0,0.0,0.0,0.0,18087.2,2525.8,12,0.0,0.0,0.0,0.0,0.0,0.0,0.0,324.93,1058.73,1750.32,2303.0,2668.17,2817.39,2739.52,2440.35,1942.78,1288.22,549.85,6.59,0.0,0.0,0.0,0.0,0.0,19889.8,2817.4,12,0.0,0.0,0.0,0.0,0.0,0.0,0.0,162.56,852.22,1540.81,2107.94,2502.93,2695.37,2671.05,2431.75,1995.19,1395.62,690.65,55.8,0.0,0.0,0.0,0.0,0.0,19101.9,2695.4,12,0.0,0.0,0.0,0.0,0.0,0.0,0.0,86.25,764.98,1490.1,2102.03,2543.25,2779.27,2792.56,2582.13,2163.5,1569.05,852.58,145.87,0.0,0.0,0.0,0.0,0.0,19871.6,2792.6,13,0.0,0.0,0.0,0.0,0.0,0.0,0.0,102.14,797.18,1535.12,2157.57,2605.0,2841.93,2850.55,2630.23,2197.44,1586.27,853.76,140.85,0.0,0.0,0.0,0.0,0.0,20298.0,2850.6,13,0.0,0.0,0.0,0.0,0.0,0.0,0.0,186.96,898.27,1612.18,2203.1,2615.97,2818.02,2794.02,2545.78,2092.16,1469.91,741.17,78.22,0.0,0.0,0.0,0.0,0.0,20055.8,2818.0,12,0.0,0.0,0.0,0.0,0.0,0.0,0.0,257.44,946.8,1615.16,2159.71,2530.88,2699.32,2652.32,2393.41,1942.5,1336.81,639.95,43.58,0.0,0.0,0.0,0.0,0.0,19217.9,2699.3,12,0.0,0.0,0.0,0.0,0.0,0.0,0.0,239.2,886.05,1517.9,2034.65,2388.35,2550.7,2509.31,2267.33,1843.49,1273.15,616.88,50.09,0.0,0.0,0.0,0.0,0.0,18177.1,2550.7,12,0.0,0.0,0.0,0.0,0.0,0.0,0.0,186.66,818.35,1451.78,1977.27,2345.15,2525.85,2505.56,2285.82,1883.47,1331.48,685.51,90.32,0.0,0.0,0.0,0.0,0.0,18087.2,2525.8,12,0.0,0.0,0.0,0.0,0.0,0.0,0.0,175.08,835.65,1500.96,2054.62,2445.07,2641.32,2628.54,2407.66,1995.38,1424.72,750.81,112.14,0.0,0.0,0.0,0.0,0.0,18971.9,2641.3,12,0.0,0.0,0.0,0.0,0.0,0.0,0.0,229.62,935.49,1627.04,2193.78,2584.19,2767.54,2730.03,2474.43,2020.14,1404.0,688.44,56.27,0.0,0.0,0.0,0.0,0.0,19711.0,2767.5,12,0.0,0.0,0.0,0.0,0.0,0.0,0.0,324.93,1058.73,1750.32,2303.0,2668.17,2817.39,2739.52,2440.35,1942.78,1288.22,549.85,6.59,0.0,0.0,0.0,0.0,0.0,19889.8,2817.4,12,0.0,0.0,0.0,0.0,0.0,0.0,0.0,380.69,1113.19,1787.34,2317.22,2657.85,2783.17,2683.91,2367.46,1857.91,1197.7,464.12,0.35,0.0,0.0,0.0,0.0,0.0,19610.9,2783.2,12,0.0,0.0,0.0,0.0,0.0,0.0,0.0,304.85,1016.55,1683.42,2214.48,2564.44,2706.61,2630.55,2341.84,1862.21,1230.58,515.76,3.5,0.0,0.0,0.0,0.0,0.0,19074.8,2706.6,12
Eritrea,15.0,39.5,3,0.0,0.0,0.0,0.0,0.0,0.0,0.0,20.63,727.3,1470.14,2067.09,2480.71,2685.24,2667.66,2429.08,1984.65,1361.93,601.28,0.66,0.0,0.0,0.0,0.0,0.0,18496.4,2685.2,12,0.0,0.0,0.0,0.0,0.0,0.0,0.0,213.05,925.53,1640.74,2236.02,2655.22,2864.67,2848.43,2607.75,2161.09,1544.86,819.92,134.02,0.0,0.0,0.0,0.0,0.0,20651.3,2864.7,12,0.0,0.0,0.0,0.0,0.0,0.0,0.18,295.53,899.71,1511.49,2027.42,2393.42,2577.31,2563.95,2354.41,1966.01,1433.4,814.64,226.39,0.0,0.0,0.0,0.0,0.0,19063.9,2577.3,12,0.0,0.0,0.0,0.0,0.0,0.0,0.0,299.84,1048.49,1752.45,2315.55,2690.16,2847.9,2777.19,2483.19,1987.77,1330.35,578.94,6.89,0.0,0.0,0.0,0.0,0.0,20118.7,2847.9,12,0.0,0.0,0.0,0.0,0.0,0.0,0.0,20.63,727.3,1470.14,2067.09,2480.71,2685.24,2667.66,2429.08,1984.65,1361.93,601.28,0.66,0.0,0.0,0.0,0.0,0.0,18496.4,2685.2,12,0.0,0.0,0.0,0.0,0.0,0.0,0.0,8.68,682.31,1453.49,2091.33,2549.53,2797.51,2818.71,2611.71,2190.28,1582.55,831.05,70.43,0.0,0.0,0.0,0.0,0.0,19687.6,2818.7,13,0.0,0.0,0.0,0.0,0.0,0.0,0.0,60.04,774.54,1536.65,2175.15,2634.94,2881.98,2898.61,2683.65,2252.42,1636.64,887.5,134.28,0.0,0.0,0.0,0.0,0.0,20556.4,2898.6,13,0.0,0.0,0.0,0.0,0.0,0.0,0.0,213.05,925.53,1640.74,2236.02,2655.22,2864.67,2848.43,2607.75,2161.09,1544.86,819.92,134.02,0.0,0.0,0.0,0.0,0.0,20651.3,2864.7,12,0.0,0.0,0.0,0.0,0.0,0.0,0.0,332.18,999.43,1654.55,2195.14,2567.99,2741.66,2702.36,2453.22,2014.41,1424.49,748.57,135.72,0.0,0.0,0.0,0.0,0.0,19969.7,2741.7,12,0.0,0.0,0.0,0.0,0.0,0.0,1.99,349.78,972.08,1586.2,2095.74,2448.99,2615.35,2581.28,2349.53,1939.3,1387.51,756.1,175.88,0.0,0.0,0.0,0.0,0.0,19259.7,2615.4,12,0.0,0.0,0.0,0.0,0.0,0.0,0.18,295.53,899.71,1511.49,2027.42,2393.42,2577.31,2563.95,2354.41,1966.01,1433.4,814.64,226.39,0.0,0.0,0.0,0.0,0.0,19063.9,2577.3,12,0.0,0.0,0.0,0.0,0.0,0.0,0.0,249.09,874.74,1517.02,2061.16,2450.06,2649.81,2644.14,2433.48,2034.94,1483.43,837.75,219.14,0.0,0.0,0.0,0.0,0.0,19454.8,2649.8,12,0.0,0.0,0.0,0.0,0.0,0.0,0.0,256.13,941.24,1623.42,2188.89,2582.57,2771.89,2742.02,2495.24,2050.99,1446.99,747.36,110.22,0.0,0.0,0.0,0.0,0.0,19957.0,2771.9,12,0.0,0.0,0.0,0.0,0.0,0.0,0.0,299.84,1048.49,1752.45,2315.55,2690.16,2847.9,2777.19,2483.19,1987.77,1330.35,578.94,6.89,0.0,0.0,0.0,0.0,0.0,20118.7,2847.9,12,0.0,0.0,0.0,0.0,0.0,0.0,0.0,288.77,1071.57,1776.16,2325.3,2679.54,2814.54,2721.12,2405.66,1889.78,1209.91,428.9,0.0,0.0,0.0,0.0,0.0,0.0,19611.3,2814.5,12,0.0,0.0,0.0,0.0,0.0,0.0,0.0,138.22,910.06,1621.2,2177.92,2544.43,2697.32,2626.73,2337.24,1847.45,1188.46,411.76,0.0,0.0,0.0,0.0,0.0,0.0,18500.8,2697.3,12
Estonia,59.0,25.0,2,0.0,0.0,0.0,0.0,0.0,0.0,0.0,0.0,0.0,0.0,383.57,1024.33,1330.26,1292.69,908.93,228.13,0.0,0.0,0.0,0.0,0.0,0.0,0.0,0.0,5167.9,1330.3,12,0.0,0.0,0.0,0.0,0.0,0.0,3.46,250.61,856.48,1502.82,2056.5,2449.73,2643.77,2621.15,2383.96,1953.98,1375.07,723.72,157.8,0.08,0.0,0.0,0.0,0.0,18979.1,2643.8,12,0.0,0.0,0.0,0.0,21.66,88.85,148.83,496.37,1088.34,1659.84,2140.6,2481.12,2649.44,2630.43,2425.79,2053.97,1550.34,968.18,382.92,137.3,75.09,10.66,0.0,0.0,21009.7,2649.4,12,0.0,0.0,0.0,0.0,0.0,0.0,0.0,108.26,737.99,1413.84,1963.51,2328.14,2477.1,2398.65,2098.78,1601.57,954.19,268.93,0.0,0.0,0.0,0.0,0.0,0.0,16350.9,2477.1,12,0.0,0.0,0.0,0.0,0.0,0.0,0.0,0.0,0.0,0.0,383.57,1024.33,1330.26,1292.69,908.93,228.13,0.0,0.0,0.0,0.0,0.0,0.0,0.0,0.0,5167.9,1330.3,12,0.0,0.0,0.0,0.0,0.0,0.0,0.0,0.0,0.0,147.98,891.12,1463.14,1757.28,1774.34,1514.65,977.46,230.14,0.0,0.0,0.0,0.0,0.0,0.0,0.0,8756.1,1774.3,13,0.0,0.0,0.0,0.0,0.0,0.0,0.0,0.0,254.5,990.92,1642.16,2107.8,2353.48,2363.01,2135.93,1687.47,1050.73,313.86,0.0,0.0,0.0,0.0,0.0,0.0,14899.9,2363.0,13,0.0,0.0,0.0,0.0,0.0,0.0,3.46,250.61,856.48,1502.82,2056.5,2449.73,2643.77,2621.15,2383.96,1953.98,1375.07,723.72,157.8,0.08,0.0,0.0,0.0,0.0,18979.1,2643.8,12,0.0,0.0,0.0,0.0,0.0,23.89,102.54,498.17,1116.2,1718.32,2219.93,2566.6,2725.1,2681.09,2438.56,2019.99,1467.3,846.01,260.48,71.52,2.2,0.0,0.0,0.0,20757.9,2725.1,12,0.0,0.0,0.0,0.0,18.71,88.01,149.69,550.16,1148.49,1719.62,2193.56,2521.67,2673.21,2634.58,2409.25,2017.74,1497.85,906.12,323.36,126.7,60.64,2.65,0.0,0.0,21042.0,2673.2,12,0.0,0.0,0.0,0.0,21.66,88.85,148.83,496.37,1088.34,1659.84,2140.6,2481.12,2649.44,2630.43,2425.79,2053.97,1550.34,968.18,382.92,137.3,75.09,10.66,0.0,0.0,21009.7,2649.4,12,0.0,0.0,0.0,0.0,0.0,37.95,113.31,430.95,1026.39,1617.66,2121.37,2482.12,2664.85,2652.76,2446.91,2066.21,1548.01,950.58,362.27,103.79,26.92,0.0,0.0,0.0,20652.1,2664.8,12,0.0,0.0,0.0,0.0,0.0,0.0,33.95,347.08,945.23,1560.39,2082.11,2447.79,2620.78,2584.99,2343.61,1919.35,1356.55,730.09,181.14,6.87,0.0,0.0,0.0,0.0,19159.9,2620.8,12,0.0,0.0,0.0,0.0,0.0,0.0,0.0,108.26,737.99,1413.84,1963.51,2328.14,2477.1,2398.65,2098.78,1601.57,954.19,268.93,0.0,0.0,0.0,0.0,0.0,0.0,16350.9,2477.1,12,0.0,0.0,0.0,0.0,0.0,0.0,0.0,0.0,99.76,884.63,1544.03,1946.66,2090.98,1975.51,1601.1,968.29,162.64,0.0,0.0,0.0,0.0,0.0,0.0,0.0,11273.6,2091.0,12,0.0,0.0,0.0,0.0,0.0,0.0,0.0,0.0,0.0,90.08,882.37,1448.02,1660.43,1546.9,1092.0,293.98,0.0,0.0,0.0,0.0,0.0,0.0,0.0,0.0,7013.8,1660.4,12
Eswatini,-26.5,31.5,2,0.0,0.0,0.0,0.0,0.0,0.0,129.72,733.03,1421.39,2043.45,2528.09,2831.6,2928.95,2812.41,2491.24,1992.01,1360.33,671.06,101.73,0.0,0.0,0.0,0.0,0.0,22045.0,2929.0,12,0.0,0.0,0.0,0.0,0.0,0.0,0.0,476.93,1260.12,1950.93,2481.4,2811.75,2918.42,2793.91,2446.96,1902.28,1200.91,415.15,0.0,0.0,0.0,0.0,0.0,0.0,20658.7,2918.4,12,0.0,0.0,0.0,0.0,0.0,0.0,0.0,66.23,850.57,1533.65,2037.62,2346.85,2446.9,2332.58,2009.8,1493.44,798.78,35.83,0.0,0.0,0.0,0.0,0.0,0.0,15952.2,2446.9,12,0.0,0.0,0.0,0.0,0.0,0.0,73.07,715.72,1448.5,2086.59,2562.65,2837.02,2888.45,2713.07,2324.33,1753.35,1052.55,325.73,0.0,0.0,0.0,0.0,0.0,0.0,20781.0,2888.4,12,0.0,0.0,0.0,0.0,0.0,0.0,129.72,733.03,1421.39,2043.45,2528.09,2831.6,2928.95,2812.41,2491.24,1992.01,1360.33,671.06,101.73,0.0,0.0,0.0,0.0,0.0,22045.0,2929.0,12,0.0,0.0,0.0,0.0,0.0,0.0,60.21,597.64,1319.41,1988.01,2521.75,2872.36,3011.3,2927.67,2627.94,2136.11,1494.96,774.74,133.8,0.0,0.0,0.0,0.0,0.0,22465.9,3011.3,12,0.0,0.0,0.0,0.0,0.0,0.0,10.98,545.12,1306.16,2003.74,2555.94,2915.63,3054.89,2963.23,2647.47,2131.82,1458.92,699.82,56.8,0.0,0.0,0.0,0.0,0.0,22350.5,3054.9,12,0.0,0.0,0.0,0.0,0.0,0.0,0.0,476.93,1260.12,1950.93,2481.4,2811.75,2918.42,2793.91,2446.96,1902.28,1200.91,415.15,0.0,0.0,0.0,0.0,0.0,0.0,20658.7,2918.4,12,0.0,0.0,0.0,0.0,0.0,0.0,0.0,362.79,1165.6,1836.8,2335.31,2632.82,2711.23,2565.66,2205.14,1651.24,934.26,128.82,0.0,0.0,0.0,0.0,0.0,0.0,18529.7,2711.2,12,0.0,0.0,0.0,0.0,0.0,0.0,0.0,179.7,1001.61,1669.07,2156.57,2446.9,2525.66,2388.6,2043.04,1505.25,790.31,21.38,0.0,0.0,0.0,0.0,0.0,0.0,16728.1,2525.7,12,0.0,0.0,0.0,0.0,0.0,0.0,0.0,66.23,850.57,1533.65,2037.62,2346.85,2446.9,2332.58,2009.8,1493.44,798.78,35.83,0.0,0.0,0.0,0.0,0.0,0.0,15952.2,2446.9,12,0.0,0.0,0.0,0.0,0.0,0.0,0.0,164.68,967.17,1654.75,2173.16,2497.1,2608.24,2499.99,2178.77,1662.8,977.47,175.22,0.0,0.0,0.0,0.0,0.0,0.0,17559.3,2608.2,12,0.0,0.0,0.0,0.0,0.0,0.0,0.0,416.8,1181.99,1851.83,2360.37,2670.61,2760.94,2625.14,2272.59,1728.03,1032.16,268.47,0.0,0.0,0.0,0.0,0.0,0.0,19168.9,2760.9,12,0.0,0.0,0.0,0.0,0.0,0.0,73.07,715.72,1448.5,2086.59,2562.65,2837.02,2888.45,2713.07,2324.33,1753.35,1052.55,325.73,0.0,0.0,0.0,0.0,0.0,0.0,20781.0,2888.4,12,0.0,0.0,0.0,0.0,0.0,0.0,243.26,920.21,1626.36,2233.82,2680.02,2926.94,2954.91,2761.8,2362.91,1791.54,1102.76,398.12,7.75,0.0,0.0,0.0,0.0,0.0,22010.4,2954.9,12,0.0,0.0,0.0,0.0,0.0,2.33,240.9,889.47,1573.91,2171.16,2618.02,2875.44,2922.53,2755.6,2388.0,1850.63,1194.63,507.35,62.11,0.0,0.0,0.0,0.0,0.0,22052.1,2922.5,12
Ethiopia,9.0,40.0,3,0.0,0.0,0.0,0.0,0.0,0.0,0.0,114.81,863.67,1582.45,2163.67,2565.56,2760.71,2735.91,2492.82,2047.91,1431.62,690.18,17.78,0.0,0.0,0.0,0.0,0.0,19467.1,2760.7,12,0.0,0.0,0.0,0.0,0.0,0.0,0.0,235.2,969.38,1689.43,2283.09,2697.38,2900.09,2876.16,2627.35,2172.34,1547.13,811.02,114.04,0.0,0.0,0.0,0.0,0.0,20922.6,2900.1,12,0.0,0.0,0.0,0.0,0.0,0.0,0.0,280.51,916.41,1544.37,2066.2,2432.0,2611.77,2591.52,2372.79,1972.7,1424.68,784.2,172.91,0.0,0.0,0.0,0.0,0.0,19170.1,2611.8,12,0.0,0.0,0.0,0.0,0.0,0.0,0.0,371.49,1137.44,1841.72,2400.59,2768.87,2919.27,2840.91,2539.44,2036.94,1372.4,610.68,8.47,0.0,0.0,0.0,0.0,0.0,20848.2,2919.3,12,0.0,0.0,0.0,0.0,0.0,0.0,0.0,114.81,863.67,1582.45,2163.67,2565.56,2760.71,2735.91,2492.82,2047.91,1431.62,690.18,17.78,0.0,0.0,0.0,0.0,0.0,19467.1,2760.7,12,0.0,0.0,0.0,0.0,0.0,0.0,0.0,62.47,801.61,1556.6,2182.04,2629.94,2868.86,2882.28,2669.25,2244.46,1637.6,894.24,126.34,0.0,0.0,0.0,0.0,0.0,20555.7,2882.3,13,0.0,0.0,0.0,0.0,0.0,0.0,0.0,109.47,855.25,1613.41,2245.21,2697.38,2936.42,2945.21,2723.11,2286.0,1666.14,914.9,154.0,0.0,0.0,0.0,0.0,0.0,21146.5,2945.2,13,0.0,0.0,0.0,0.0,0.0,0.0,0.0,235.2,969.38,1689.43,2283.09,2697.38,2900.09,2876.16,2627.35,2172.34,1547.13,811.02,114.04,0.0,0.0,0.0,0.0,0.0,20922.6,2900.1,12,0.0,0.0,0.0,0.0,0.0,0.0,0.0,331.97,1024.14,1689.37,2231.87,2601.97,2770.02,2723.19,2465.06,2015.72,1412.7,718.87,93.94,0.0,0.0,0.0,0.0,0.0,20078.8,2770.0,12,0.0,0.0,0.0,0.0,0.0,0.0,0.0,335.18,984.15,1611.12,2124.63,2476.52,2638.12,2596.87,2355.96,1934.41,1367.99,716.52,121.21,0.0,0.0,0.0,0.0,0.0,19262.7,2638.1,12,0.0,0.0,0.0,0.0,0.0,0.0,0.0,280.51,916.41,1544.37,2066.2,2432.0,2611.77,2591.52,2372.79,1972.7,1424.68,784.2,172.91,0.0,0.0,0.0,0.0,0.0,19170.1,2611.8,12,0.0,0.0,0.0,0.0,0.0,0.0,0.0,251.18,916.32,1577.06,2127.75,2516.57,2712.12,2699.39,2479.31,2068.78,1501.26,831.93,182.28,0.0,0.0,0.0,0.0,0.0,19863.9,2712.1,12,0.0,0.0,0.0,0.0,0.0,0.0,0.0,291.75,1013.96,1708.9,2276.98,2668.07,2851.74,2814.26,2558.37,2103.32,1485.45,764.56,96.12,0.0,0.0,0.0,0.0,0.0,20633.5,2851.7,12,0.0,0.0,0.0,0.0,0.0,0.0,0.0,371.49,1137.44,1841.72,2400.59,2768.87,2919.27,2840.91,2539.44,2036.94,1372.4,610.68,8.47,0.0,0.0,0.0,0.0,0.0,20848.2,2919.3,12,0.0,0.0,0.0,0.0,0.0,0.0,0.0,396.61,1173.74,1867.01,2406.26,2751.45,2878.24,2777.8,2457.16,1938.9,1261.09,487.11,0.0,0.0,0.0,0.0,0.0,0.0,20395.4,2878.2,12,0.0,0.0,0.0,0.0,0.0,0.0,0.0,271.29,1036.1,1727.3,2270.14,2625.81,2769.91,2692.64,2399.27,1909.89,1258.74,501.06,0.0,0.0,0.0,0.0,0.0,0.0,19462.1,2769.9,12
Fiji,-18.0,178.0,12,0.0,0.0,0.0,0.0,0.0,0.0,38.17,496.31,1160.88,1795.91,2311.58,2656.88,2801.54,2734.49,2460.76,2003.39,1404.78,736.07,150.63,0.0,0.0,0.0,0.0,0.0,20751.4,2801.5,12,0.0,0.0,0.0,0.0,0.0,0.0,0.0,291.83,1053.15,1764.64,2332.56,2710.41,2868.91,2799.06,2504.73,2007.39,1345.49,584.28,4.77,0.0,0.0,0.0,0.0,0.0,20267.2,2868.9,12,0.0,0.0,0.0,0.0,0.0,0.0,0.0,74.43,808.14,1487.09,2014.34,2361.32,2508.82,2445.44,2176.3,1717.58,1094.99,347.68,0.0,0.0,0.0,0.0,0.0,0.0,17036.1,2508.8,12,0.0,0.0,0.0,0.0,0.0,0.0,6.18,558.75,1311.35,1985.08,2506.07,2831.47,2937.32,2814.37,2472.41,1937.55,1254.39,501.52,1.13,0.0,0.0,0.0,0.0,0.0,21117.6,2937.3,12,0.0,0.0,0.0,0.0,0.0,0.0,38.17,496.31,1160.88,1795.91,2311.58,2656.88,2801.54,2734.49,2460.76,2003.39,1404.78,736.07,150.63,0.0,0.0,0.0,0.0,0.0,20751.4,2801.5,12,0.0,0.0,0.0,0.0,0.0,0.0,0.57,357.48,1038.51,1714.53,2277.3,2669.65,2856.51,2824.95,2576.34,2131.05,1528.71,835.91,194.3,0.0,0.0,0.0,0.0,0.0,21005.8,2856.5,12,0.0,0.0,0.0,0.0,0.0,0.0,0.0,304.54,1028.59,1738.9,2324.21,2729.0,2920.55,2883.39,2620.72,2153.05,1519.68,786.78,117.51,0.0,0.0,0.0,0.0,0.0,21126.9,2920.6,12,0.0,0.0,0.0,0.0,0.0,0.0,0.0,291.83,1053.15,1764.64,2332.56,2710.41,2868.91,2799.06,2504.73,2007.39,1345.49,584.28,4.77,0.0,0.0,0.0,0.0,0.0,20267.2,2868.9,12,0.0,0.0,0.0,0.0,0.0,0.0,0.0,249.54,1016.58,1703.22,2236.0,2578.46,2708.8,2616.41,2308.53,1805.68,1141.79,375.59,0.0,0.0,0.0,0.0,0.0,0.0,18740.6,2708.8,12,0.0,0.0,0.0,0.0,0.0,0.0,0.0,144.54,896.89,1567.03,2082.22,2413.04,2538.24,2452.59,2160.17,1678.78,1036.16,280.93,0.0,0.0,0.0,0.0,0.0,0.0,17250.6,2538.2,12,0.0,0.0,0.0,0.0,0.0,0.0,0.0,74.43,808.14,1487.09,2014.34,2361.32,2508.82,2445.44,2176.3,1717.58,1094.99,347.68,0.0,0.0,0.0,0.0,0.0,0.0,17036.1,2508.8,12,0.0,0.0,0.0,0.0,0.0,0.0,0.0,135.27,902.86,1599.14,2146.61,2511.69,2672.43,2616.13,2347.58,1883.96,1254.18,499.12,0.0,0.0,0.0,0.0,0.0,0.0,18569.0,2672.4,12,0.0,0.0,0.0,0.0,0.0,0.0,0.0,333.76,1107.67,1805.01,2352.76,2710.47,2852.35,2769.82,2467.85,1967.59,1305.26,539.35,0.0,0.0,0.0,0.0,0.0,0.0,20211.9,2852.4,12,0.0,0.0,0.0,0.0,0.0,0.0,6.18,558.75,1311.35,1985.08,2506.07,2831.47,2937.32,2814.37,2472.41,1937.55,1254.39,501.52,1.13,0.0,0.0,0.0,0.0,0.0,21117.6,2937.3,12,0.0,0.0,0.0,0.0,0.0,0.0,85.12,694.3,1409.27,2047.01,2535.19,2831.07,2911.97,2769.67,2416.26,1880.61,1211.97,498.09,13.25,0.0,0.0,0.0,0.0,0.0,21303.8,2912.0,12,0.0,0.0,0.0,0.0,0.0,0.0,91.32,649.94,1328.83,1948.02,2431.24,2733.59,2830.04,2712.35,2390.26,1890.94,1261.66,583.78,62.49,0.0,0.0,0.0,0.0,0.0,20914.5,2830.0,12
Finland,64.0,26.0,2,0.0,0.0,0.0,0.0,0.0,0.0,0.0,0.0,0.0,0.0,0.0,449.99,774.46,702.24,271.69,0.0,0.0,0.0,0.0,0.0,0.0,0.0,0.0,0.0,2198.4,774.5,12,0.0,0.0,0.0,0.0,0.0,0.0,9.21,370.86,1055.0,1728.45,2287.38,2674.89,2857.27,2819.59,2564.97,2114.7,1509.65,817.84,176.58,0.93,0.0,0.0,0.0,0.0,20987.3,2857.3,12,0.0,0.0,0.0,12.4,64.49,124.62,178.55,586.01,1143.75,1680.32,2130.07,2445.16,2594.61,2564.3,2357.05,1992.62,1507.57,955.55,408.76,160.99,104.6,43.86,3.64,0.0,21058.9,2594.6,12,0.0,0.0,0.0,0.0,0.0,0.0,0.0,98.69,689.76,1341.46,1871.01,2217.04,2349.14,2256.53,1946.48,1445.24,806.03,172.92,0.0,0.0,0.0,0.0,0.0,0.0,15194.3,2349.1,12,0.0,0.0,0.0,0.0,0.0,0.0,0.0,0.0,0.0,0.0,0.0,449.99,774.46,702.24,271.69,0.0,0.0,0.0,0.0,0.0,0.0,0.0,0.0,0.0,2198.4,774.5,12,0.0,0.0,0.0,0.0,0.0,0.0,0.0,0.0,0.0,0.0,923.0,1576.11,1883.46,1882.14,1572.41,918.1,0.0,0.0,0.0,0.0,0.0,0.0,0.0,0.0,8755.2,1883.5,12,0.0,0.0,0.0,0.0,0.0,0.0,0.0,0.0,444.97,1280.86,1935.73,2387.44,2616.04,2609.66,2368.8,1906.26,1242.66,406.92,0.0,0.0,0.0,0.0,0.0,0.0,17199.4,2616.0,12,0.0,0.0,0.0,0.0,0.0,0.0,9.21,370.86,1055.0,1728.45,2287.38,2674.89,2857.27,2819.59,2564.97,2114.7,1509.65,817.84,176.58,0.93,0.0,0.0,0.0,0.0,20987.3,2857.3,12,0.0,0.0,0.0,0.0,1.19,46.74,100.42,589.37,1221.61,1820.45,2311.41,2644.45,2788.77,2731.64,2478.12,2051.19,1492.24,863.87,260.14,72.46,16.82,0.0,0.0,0.0,21490.9,2788.8,12,0.0,0.0,0.0,8.74,59.04,117.7,169.88,639.01,1214.67,1759.36,2208.21,2514.66,2649.27,2599.59,2370.22,1982.76,1475.8,905.39,347.41,143.3,87.69,29.34,0.54,0.0,21282.6,2649.3,12,0.0,0.0,0.0,12.4,64.49,124.62,178.55,586.01,1143.75,1680.32,2130.07,2445.16,2594.61,2564.3,2357.05,1992.62,1507.57,955.55,408.76,160.99,104.6,43.86,3.64,0.0,21058.9,2594.6,12,0.0,0.0,0.0,0.0,8.15,70.41,135.56,500.57,1065.38,1623.07,2096.44,2431.91,2595.36,2571.0,2361.11,1986.05,1484.72,916.28,365.72,118.75,50.49,1.26,0.0,0.0,20382.2,2595.4,12,0.0,0.0,0.0,0.0,0.0,0.0,47.71,371.37,932.11,1509.78,1999.76,2339.72,2493.25,2445.05,2199.75,1782.24,1240.16,652.69,159.67,11.38,0.0,0.0,0.0,0.0,18184.6,2493.3,12,0.0,0.0,0.0,0.0,0.0,0.0,0.0,98.69,689.76,1341.46,1871.01,2217.04,2349.14,2256.53,1946.48,1445.24,806.03,172.92,0.0,0.0,0.0,0.0,0.0,0.0,15194.3,2349.1,12,0.0,0.0,0.0,0.0,0.0,0.0,0.0,0.0,0.0,862.72,1578.66,1989.75,2122.9,1983.29,1564.69,838.18,0.0,0.0,0.0,0.0,0.0,0.0,0.0,0.0,10940.2,2122.9,12,0.0,0.0,0.0,0.0,0.0,0.0,0.0,0.0,0.0,0.0,364.44,997.57,1237.35,1066.23,484.45,0.0,0.0,0.0,0.0,0.0,0.0,0.0,0.0,0.0,4150.0,1237.4,12
France,46.5,2.5,0,0.0,0.0,0.0,0.0,0.0,0.0,0.0,0.0,84.28,821.67,1438.02,1797.54,1898.43,1740.28,1323.71,653.9,13.09,0.0,0.0,0.0,0.0,0.0,0.0,0.0,9770.9,1898.4,12,0.0,0.0,0.0,0.0,0.0,0.0,39.33,508.04,1167.38,1786.71,2272.18,2572.39,2659.81,2526.85,2185.28,1667.22,1030.5,384.55,10.39,0.0,0.0,0.0,0.0,0.0,18810.6,2659.8,12,0.0,0.0,0.0,0.0,0.0,81.07,232.94,733.8,1301.49,1826.07,2238.8,2495.36,2570.77,2457.94,2167.48,1728.06,1188.24,623.13,180.96,52.51,0.0,0.0,0.0,0.0,19878.6,2570.8,12,0.0,0.0,0.0,0.0,0.0,0.0,2.71,427.07,1115.01,1733.08,2192.93,2451.34,2486.91,2296.72,1896.13,1320.49,637.54,55.92,0.0,0.0,0.0,0.0,0.0,0.0,16615.8,2486.9,12,0.0,0.0,0.0,0.0,0.0,0.0,0.0,0.0,84.28,821.67,1438.02,1797.54,1898.43,1740.28,1323.71,653.9,13.09,0.0,0.0,0.0,0.0,0.0,0.0,0.0,9770.9,1898.4,12,0.0,0.0,0.0,0.0,0.0,0.0,0.0,0.0,282.38,1053.2,1660.22,2040.47,2178.98,2070.22,1718.71,1138.42,376.66,0.0,0.0,0.0,0.0,0.0,0.0,0.0,12519.3,2179.0,12,0.0,0.0,0.0,0.0,0.0,0.0,0.0,98.95,788.7,1492.95,2046.52,2399.79,2526.58,2417.92,2081.64,1542.72,848.58,141.56,0.0,0.0,0.0,0.0,0.0,0.0,16385.9,2526.6,12,0.0,0.0,0.0,0.0,0.0,0.0,39.33,508.04,1167.38,1786.71,2272.18,2572.39,2659.81,2526.85,2185.28,1667.22,1030.5,384.55,10.39,0.0,0.0,0.0,0.0,0.0,18810.6,2659.8,12,0.0,0.0,0.0,0.0,0.0,16.04,210.02,741.8,1354.35,1913.5,2344.27,2600.96,2659.1,2513.38,2177.4,1684.46,1091.26,492.04,98.47,0.0,0.0,0.0,0.0,0.0,19897.1,2659.1,12,0.0,0.0,0.0,0.0,0.0,85.39,268.39,791.57,1369.49,1894.49,2299.75,2542.65,2599.89,2466.18,2154.05,1694.36,1138.52,566.54,162.16,31.12,0.0,0.0,0.0,0.0,20064.6,2599.9,12,0.0,0.0,0.0,0.0,0.0,81.07,232.94,733.8,1301.49,1826.07,2238.8,2495.36,2570.77,2457.94,2167.48,1728.06,1188.24,623.13,180.96,52.51,0.0,0.0,0.0,0.0,19878.6,2570.8,12,0.0,0.0,0.0,0.0,0.0,19.99,174.58,662.96,1249.49,1799.97,2236.95,2512.24,2598.74,2488.29,2191.25,1737.04,1176.76,592.85,142.78,7.86,0.0,0.0,0.0,0.0,19591.8,2598.7,12,0.0,0.0,0.0,0.0,0.0,0.0,99.39,601.73,1237.26,1825.94,2282.96,2559.66,2630.08,2487.86,2145.76,1636.77,1019.17,399.18,25.82,0.0,0.0,0.0,0.0,0.0,18951.6,2630.1,12,0.0,0.0,0.0,0.0,0.0,0.0,2.71,427.07,1115.01,1733.08,2192.93,2451.34,2486.91,2296.72,1896.13,1320.49,637.54,55.92,0.0,0.0,0.0,0.0,0.0,0.0,16615.8,2486.9,12,0.0,0.0,0.0,0.0,0.0,0.0,0.0,79.14,784.51,1457.97,1935.56,2187.89,2201.59,1975.85,1522.45,867.66,135.31,0.0,0.0,0.0,0.0,0.0,0.0,0.0,13147.9,2201.6,12,0.0,0.0,0.0,0.0,0.0,0.0,0.0,0.0,381.31,1177.24,1727.35,2021.15,2059.87,1843.3,1371.27,640.69,3.0,0.0,0.0,0.0,0.0,0.0,0.0,0.0,11225.2,2059.9,12
Gabon,-0.8,11.8,1,0.0,0.0,0.0,0.0,0.0,0.0,0.0,248.14,930.76,1596.51,2138.95,2507.74,2673.37,2623.2,2360.99,1907.08,1299.53,604.75,32.23,0.0,0.0,0.0,0.0,0.0,18923.2,2673.4,12,0.0,0.0,0.0,0.0,0.0,0.0,0.0,241.35,959.85,1661.12,2232.25,2620.83,2796.08,2744.78,2470.76,1995.07,1357.15,625.66,26.96,0.0,0.0,0.0,0.0,0.0,19731.8,2796.1,12,0.0,0.0,0.0,0.0,0.0,0.0,0.0,220.58,870.97,1501.01,2013.03,2361.42,2519.1,2474.31,2230.35,1805.63,1234.51,576.01,26.66,0.0,0.0,0.0,0.0,0.0,17833.6,2519.1,12,0.0,0.0,0.0,0.0,0.0,0.0,0.0,396.83,1126.76,1801.44,2331.85,2671.35,2793.31,2688.51,2364.88,1847.7,1181.84,450.49,0.38,0.0,0.0,0.0,0.0,0.0,19655.3,2793.3,12,0.0,0.0,0.0,0.0,0.0,0.0,0.0,248.14,930.76,1596.51,2138.95,2507.74,2673.37,2623.2,2360.99,1907.08,1299.53,604.75,32.23,0.0,0.0,0.0,0.0,0.0,18923.2,2673.4,12,0.0,0.0,0.0,0.0,0.0,0.0,0.0,153.8,836.34,1539.48,2126.97,2541.77,2750.28,2736.52,2501.51,2063.26,1457.67,746.07,92.28,0.0,0.0,0.0,0.0,0.0,19546.0,2750.3,12,0.0,0.0,0.0,0.0,0.0,0.0,0.0,161.68,864.45,1584.68,2184.57,2606.18,2815.44,2796.35,2550.34,2096.28,1471.46,739.82,78.72,0.0,0.0,0.0,0.0,0.0,19950.0,2815.4,12,0.0,0.0,0.0,0.0,0.0,0.0,0.0,241.35,959.85,1661.12,2232.25,2620.83,2796.08,2744.78,2470.76,1995.07,1357.15,625.66,26.96,0.0,0.0,0.0,0.0,0.0,19731.8,2796.1,12,0.0,0.0,0.0,0.0,0.0,0.0,0.0,298.52,994.4,1652.88,2179.74,2528.35,2671.49,2598.44,2314.67,1841.99,1219.9,518.64,6.23,0.0,0.0,0.0,0.0,0.0,18825.3,2671.5,12,0.0,0.0,0.0,0.0,0.0,0.0,0.0,272.78,931.9,1557.77,2059.56,2392.82,2531.56,2465.38,2199.25,1753.54,1165.31,500.33,7.34,0.0,0.0,0.0,0.0,0.0,17837.5,2531.6,12,0.0,0.0,0.0,0.0,0.0,0.0,0.0,220.58,870.97,1501.01,2013.03,2361.42,2519.1,2474.31,2230.35,1805.63,1234.51,576.01,26.66,0.0,0.0,0.0,0.0,0.0,17833.6,2519.1,12,0.0,0.0,0.0,0.0,0.0,0.0,0.0,217.23,896.31,1556.5,2095.27,2465.04,2637.21,2599.0,2353.19,1918.17,1328.56,642.76,42.64,0.0,0.0,0.0,0.0,0.0,18751.9,2637.2,12,0.0,0.0,0.0,0.0,0.0,0.0,0.0,286.32,1000.85,1681.7,2229.93,2597.03,2754.39,2690.22,2409.27,1932.93,1300.38,579.84,14.51,0.0,0.0,0.0,0.0,0.0,19477.4,2754.4,12,0.0,0.0,0.0,0.0,0.0,0.0,0.0,396.83,1126.76,1801.44,2331.85,2671.35,2793.31,2688.51,2364.88,1847.7,1181.84,450.49,0.38,0.0,0.0,0.0,0.0,0.0,19655.3,2793.3,12,0.0,0.0,0.0,0.0,0.0,0.0,1.13,462.74,1181.77,1834.47,2339.79,2653.78,2751.8,2626.45,2287.29,1761.16,1094.94,378.86,0.0,0.0,0.0,0.0,0.0,0.0,19374.2,2751.8,12,0.0,0.0,0.0,0.0,0.0,0.0,0.05,391.24,1086.8,1730.26,2236.18,2559.61,2674.99,2573.53,2262.99,1767.85,1131.58,434.91,0.75,0.0,0.0,0.0,0.0,0.0,18850.7,2675.0,12
Gambia,13.5,-15.3,-1,0.0,0.0,0.0,0.0,0.0,0.0,0.0,152.15,869.33,1550.38,2081.77,2423.1,2550.95,2456.69,2146.67,1642.05,980.03,248.1,0.0,0.0,0.0,0.0,0.0,0.0,17101.2,2550.9,12,0.0,0.0,0.0,0.0,0.0,0.0,0.03,373.12,1079.2,1747.19,2279.27,2624.99,2755.8,2661.42,2349.28,1844.93,1194.68,483.79,4.93,0.0,0.0,0.0,0.0,0.0,19398.6,2755.8,12,0.0,0.0,0.0,0.0,0.0,0.0,24.82,464.42,1083.25,1667.04,2134.39,2439.33,2555.56,2473.53,2199.93,1758.06,1189.95,568.13,66.17,0.0,0.0,0.0,0.0,0.0,18624.6,2555.6,12,0.0,0.0,0.0,0.0,0.0,0.0,0.69,405.39,1099.13,1737.03,2227.26,2523.42,2600.95,2453.65,2093.34,1550.67,881.31,212.21,0.0,0.0,0.0,0.0,0.0,0.0,17785.0,2600.9,12,0.0,0.0,0.0,0.0,0.0,0.0,0.0,152.15,869.33,1550.38,2081.77,2423.1,2550.95,2456.69,2146.67,1642.05,980.03,248.1,0.0,0.0,0.0,0.0,0.0,0.0,17101.2,2550.9,12,0.0,0.0,0.0,0.0,0.0,0.0,0.0,125.22,853.08,1569.48,2143.7,2529.42,2699.12,2640.96,2358.97,1872.92,1218.85,463.28,0.01,0.0,0.0,0.0,0.0,0.0,18475.0,2699.1,12,0.0,0.0,0.0,0.0,0.0,0.0,0.0,250.79,1012.64,1734.42,2313.2,2700.9,2868.66,2804.34,2512.58,2014.72,1349.47,583.46,4.83,0.0,0.0,0.0,0.0,0.0,20150.0,2868.7,12,0.0,0.0,0.0,0.0,0.0,0.0,0.03,373.12,1079.2,1747.19,2279.27,2624.99,2755.8,2661.42,2349.28,1844.93,1194.68,483.79,4.93,0.0,0.0,0.0,0.0,0.0,19398.6,2755.8,12,0.0,0.0,0.0,0.0,0.0,0.0,17.16,482.83,1138.96,1749.58,2229.9,2532.84,2632.3,2520.15,2205.64,1716.08,1100.13,446.35,9.29,0.0,0.0,0.0,0.0,0.0,18781.2,2632.3,12,0.0,0.0,0.0,0.0,0.0,0.0,42.81,525.91,1155.63,1738.1,2196.47,2486.72,2584.12,2480.74,2185.03,1722.3,1137.26,508.3,36.05,0.0,0.0,0.0,0.0,0.0,18799.4,2584.1,12,0.0,0.0,0.0,0.0,0.0,0.0,24.82,464.42,1083.25,1667.04,2134.39,2439.33,2555.56,2473.53,2199.93,1758.06,1189.95,568.13,66.17,0.0,0.0,0.0,0.0,0.0,18624.6,2555.6,12,0.0,0.0,0.0,0.0,0.0,0.0,5.54,411.43,1050.69,1661.17,2153.18,2477.67,2606.56,2529.26,2252.02,1798.35,1211.21,565.72,51.28,0.0,0.0,0.0,0.0,0.0,18774.1,2606.6,12,0.0,0.0,0.0,0.0,0.0,0.0,1.14,392.91,1061.57,1694.21,2195.98,2516.98,2629.55,2524.46,2210.25,1713.87,1084.21,413.51,2.26,0.0,0.0,0.0,0.0,0.0,18440.9,2629.5,12,0.0,0.0,0.0,0.0,0.0,0.0,0.69,405.39,1099.13,1737.03,2227.26,2523.42,2600.95,2453.65,2093.34,1550.67,881.31,212.21,0.0,0.0,0.0,0.0,0.0,0.0,17785.0,2600.9,12,0.0,0.0,0.0,0.0,0.0,0.0,0.09,414.3,1134.33,1772.93,2250.46,2527.35,2582.8,2412.76,2029.79,1463.68,768.01,100.99,0.0,0.0,0.0,0.0,0.0,0.0,17457.5,2582.8,12,0.0,0.0,0.0,0.0,0.0,0.0,0.0,321.67,1057.94,1708.98,2198.79,2491.54,2567.13,2420.47,2061.51,1515.16,824.02,117.03,0.0,0.0,0.0,0.0,0.0,0.0,17284.2,2567.1,12
Georgia,42.0,43.5,3,0.0,0.0,0.0,0.0,0.0,0.0,0.0,0.0,206.92,1124.09,1784.04,2190.98,2352.56,2267.38,1936.46,1357.63,504.63,0.0,0.0,0.0,0.0,0.0,0.0,0.0,13724.7,2352.6,12,0.0,0.0,0.0,0.0,0.0,0.0,6.46,502.93,1260.85,1960.24,2518.05,2886.05,3036.09,2959.34,2660.42,2160.05,1500.48,748.65,79.96,0.0,0.0,0.0,0.0,0.0,22279.6,3036.1,12,0.0,0.0,0.0,0.0,0.0,16.63,159.86,577.43,1149.85,1702.63,2156.62,2461.75,2588.29,2524.56,2276.38,1867.34,1340.24,762.8,247.8,62.14,0.0,0.0,0.0,0.0,19894.3,2588.3,12,0.0,0.0,0.0,0.0,0.0,0.0,0.0,315.8,1021.19,1681.23,2193.76,2511.24,2608.08,2476.74,2127.34,1588.2,911.16,218.65,0.0,0.0,0.0,0.0,0.0,0.0,17653.4,2608.1,12,0.0,0.0,0.0,0.0,0.0,0.0,0.0,0.0,206.92,1124.09,1784.04,2190.98,2352.56,2267.38,1936.46,1357.63,504.63,0.0,0.0,0.0,0.0,0.0,0.0,0.0,13724.7,2352.6,12,0.0,0.0,0.0,0.0,0.0,0.0,0.0,0.0,712.0,1592.92,2225.09,2644.78,2838.64,2797.52,2523.5,2028.69,1321.94,326.44,0.0,0.0,0.0,0.0,0.0,0.0,19011.5,2838.6,12,0.0,0.0,0.0,0.0,0.0,0.0,0.0,172.54,1041.45,1813.49,2419.01,2829.08,3017.31,2971.37,2694.28,2204.2,1530.61,706.96,0.0,0.0,0.0,0.0,0.0,0.0,21400.3,3017.3,12,0.0,0.0,0.0,0.0,0.0,0.0,6.46,502.93,1260.85,1960.24,2518.05,2886.05,3036.09,2959.34,2660.42,2160.05,1500.48,748.65,79.96,0.0,0.0,0.0,0.0,0.0,22279.6,3036.1,12,0.0,0.0,0.0,0.0,0.0,0.0,91.17,640.42,1316.41,1940.53,2435.84,2755.5,2872.31,2776.76,2476.69,1997.55,1384.04,708.87,120.18,0.72,0.0,0.0,0.0,0.0,21517.0,2872.3,12,0.0,0.0,0.0,0.0,0.0,23.88,153.34,645.31,1250.48,1817.9,2273.33,2569.97,2680.48,2595.14,2321.49,1884.55,1328.39,722.72,189.02,41.73,0.0,0.0,0.0,0.0,20497.7,2680.5,12,0.0,0.0,0.0,0.0,0.0,16.63,159.86,577.43,1149.85,1702.63,2156.62,2461.75,2588.29,2524.56,2276.38,1867.34,1340.24,762.8,247.8,62.14,0.0,0.0,0.0,0.0,19894.3,2588.3,12,0.0,0.0,0.0,0.0,0.0,0.0,109.6,513.48,1108.93,1692.37,2174.69,2501.99,2642.57,2583.57,2330.27,1906.38,1355.87,750.51,218.96,17.64,0.0,0.0,0.0,0.0,19906.8,2642.6,12,0.0,0.0,0.0,0.0,0.0,0.0,27.52,424.65,1047.69,1659.66,2158.16,2486.76,2613.86,2527.96,2236.7,1767.45,1170.92,536.99,64.8,0.0,0.0,0.0,0.0,0.0,18723.1,2613.9,12,0.0,0.0,0.0,0.0,0.0,0.0,0.0,315.8,1021.19,1681.23,2193.76,2511.24,2608.08,2476.74,2127.34,1588.2,911.16,218.65,0.0,0.0,0.0,0.0,0.0,0.0,17653.4,2608.1,12,0.0,0.0,0.0,0.0,0.0,0.0,0.0,173.44,1086.93,1820.29,2349.78,2660.3,2737.43,2577.19,2187.61,1584.95,778.36,0.0,0.0,0.0,0.0,0.0,0.0,0.0,17956.3,2737.4,12,0.0,0.0,0.0,0.0,0.0,0.0,0.0,0.0,450.16,1287.15,1874.97,2220.92,2323.49,2180.64,1794.95,1166.24,297.76,0.0,0.0,0.0,0.0,0.0,0.0,0.0,13596.3,2323.5,12
Germany,51.0,10.0,1,0.0,0.0,0.0,0.0,0.0,0.0,0.0,0.0,0.0,321.77,1158.95,1695.72,1941.72,1911.27,1603.02,997.61,143.75,0.0,0.0,0.0,0.0,0.0,0.0,0.0,9773.8,1941.7,12,0.0,0.0,0.0,0.0,0.0,0.0,0.36,253.36,888.17,1555.19,2121.67,2522.23,2719.43,2696.3,2454.86,2016.27,1422.91,748.79,155.08,0.0,0.0,0.0,0.0,0.0,19554.6,2719.4,12,0.0,0.0,0.0,0.0,0.0,40.72,170.28,467.17,979.31,1504.23,1957.67,2283.02,2444.82,2426.55,2230.02,1875.45,1402.28,871.94,375.79,145.16,19.17,0.0,0.0,0.0,19193.6,2444.8,12,0.0,0.0,0.0,0.0,0.0,0.0,0.0,104.88,704.99,1362.75,1903.67,2264.24,2411.85,2334.15,2037.44,1547.38,914.89,258.04,0.0,0.0,0.0,0.0,0.0,0.0,15844.3,2411.9,12,0.0,0.0,0.0,0.0,0.0,0.0,0.0,0.0,0.0,321.77,1158.95,1695.72,1941.72,1911.27,1603.02,997.61,143.75,0.0,0.0,0.0,0.0,0.0,0.0,0.0,9773.8,1941.7,12,0.0,0.0,0.0,0.0,0.0,0.0,0.0,0.0,4.23,693.96,1466.61,1986.16,2255.08,2270.45,2032.09,1543.27,802.37,24.12,0.0,0.0,0.0,0.0,0.0,0.0,13078.3,2270.5,13,0.0,0.0,0.0,0.0,0.0,0.0,0.0,0.0,394.86,1149.6,1795.32,2257.1,2500.97,2510.23,2284.33,1838.93,1206.83,456.79,0.0,0.0,0.0,0.0,0.0,0.0,16395.0,2510.2,13,0.0,0.0,0.0,0.0,0.0,0.0,0.36,253.36,888.17,1555.19,2121.67,2522.23,2719.43,2696.3,2454.86,2016.27,1422.91,748.79,155.08,0.0,0.0,0.0,0.0,0.0,19554.6,2719.4,12,0.0,0.0,0.0,0.0,0.0,0.41,99.3,465.21,1058.28,1651.64,2150.23,2495.95,2654.22,2610.22,2368.09,1951.08,1403.22,795.74,250.04,45.39,0.0,0.0,0.0,0.0,19999.0,2654.2,12,0.0,0.0,0.0,0.0,0.0,44.56,170.45,514.35,1052.09,1589.81,2045.03,2363.18,2510.76,2473.14,2254.05,1875.63,1379.46,830.06,325.12,123.05,7.47,0.0,0.0,0.0,19558.2,2510.8,12,0.0,0.0,0.0,0.0,0.0,40.72,170.28,467.17,979.31,1504.23,1957.67,2283.02,2444.82,2426.55,2230.02,1875.45,1402.28,871.94,375.79,145.16,19.17,0.0,0.0,0.0,19193.6,2444.8,12,0.0,0.0,0.0,0.0,0.0,0.75,105.31,380.9,883.61,1420.24,1891.82,2234.61,2409.43,2397.8,2200.87,1839.48,1355.51,816.28,326.73,85.26,0.03,0.0,0.0,0.0,18348.7,2409.4,12,0.0,0.0,0.0,0.0,0.0,0.0,11.79,272.27,806.5,1387.41,1890.54,2246.46,2415.5,2380.42,2144.65,1732.55,1192.52,608.33,136.79,0.05,0.0,0.0,0.0,0.0,17225.8,2415.5,12,0.0,0.0,0.0,0.0,0.0,0.0,0.0,104.88,704.99,1362.75,1903.67,2264.24,2411.85,2334.15,2037.44,1547.38,914.89,258.04,0.0,0.0,0.0,0.0,0.0,0.0,15844.3,2411.9,12,0.0,0.0,0.0,0.0,0.0,0.0,0.0,0.0,335.23,1114.01,1716.67,2093.45,2230.15,2121.13,1770.7,1191.76,422.09,0.0,0.0,0.0,0.0,0.0,0.0,0.0,12995.2,2230.2,12,0.0,0.0,0.0,0.0,0.0,0.0,0.0,0.0,0.0,586.46,1324.28,1774.32,1949.81,1855.92,1490.03,838.18,54.37,0.0,0.0,0.0,0.0,0.0,0.0,0.0,9873.4,1949.8,12
Ghana,8.0,-1.0,0,0.0,0.0,0.0,0.0,0.0,0.0,0.0,147.82,793.47,1445.19,1967.81,2310.48,2445.78,2363.44,2069.65,1587.47,960.47,286.37,0.0,0.0,0.0,0.0,0.0,0.0,16377.9,2445.8,12,0.0,0.0,0.0,0.0,0.0,0.0,0.0,287.03,967.06,1630.83,2166.29,2519.37,2659.84,2576.4,2275.75,1783.13,1145.41,451.33,3.59,0.0,0.0,0.0,0.0,0.0,18466.0,2659.8,12,0.0,0.0,0.0,0.0,0.0,0.0,0.63,324.21,918.09,1496.85,1966.5,2277.58,2402.19,2329.79,2066.45,1635.25,1078.97,474.55,25.91,0.0,0.0,0.0,0.0,0.0,16997.0,2402.2,12,0.0,0.0,0.0,0.0,0.0,0.0,0.46,413.87,1119.61,1767.55,2267.96,2574.79,2663.08,2525.94,2174.11,1636.68,965.71,272.53,0.0,0.0,0.0,0.0,0.0,0.0,18382.3,2663.1,12,0.0,0.0,0.0,0.0,0.0,0.0,0.0,147.82,793.47,1445.19,1967.81,2310.48,2445.78,2363.44,2069.65,1587.47,960.47,286.37,0.0,0.0,0.0,0.0,0.0,0.0,16377.9,2445.8,12,0.0,0.0,0.0,0.0,0.0,0.0,0.0,99.95,739.26,1423.89,1988.82,2375.7,2552.62,2505.91,2239.11,1773.18,1148.95,447.28,1.64,0.0,0.0,0.0,0.0,0.0,17296.3,2552.6,12,0.0,0.0,0.0,0.0,0.0,0.0,0.0,143.63,798.12,1485.59,2053.95,2442.35,2617.36,2564.91,2289.17,1812.77,1179.73,475.24,5.0,0.0,0.0,0.0,0.0,0.0,17867.8,2617.4,12,0.0,0.0,0.0,0.0,0.0,0.0,0.0,287.03,967.06,1630.83,2166.29,2519.37,2659.84,2576.4,2275.75,1783.13,1145.41,451.33,3.59,0.0,0.0,0.0,0.0,0.0,18466.0,2659.8,12,0.0,0.0,0.0,0.0,0.0,0.0,1.47,386.5,1036.34,1651.54,2139.66,2451.92,2561.3,2458.84,2152.99,1670.21,1058.43,407.59,2.98,0.0,0.0,0.0,0.0,0.0,17979.8,2561.3,12,0.0,0.0,0.0,0.0,0.0,0.0,2.92,358.78,954.46,1526.61,1984.41,2279.44,2384.93,2291.87,2008.24,1559.64,992.88,394.43,7.37,0.0,0.0,0.0,0.0,0.0,16746.0,2384.9,12,0.0,0.0,0.0,0.0,0.0,0.0,0.63,324.21,918.09,1496.85,1966.5,2277.58,2402.19,2329.79,2066.45,1635.25,1078.97,474.55,25.91,0.0,0.0,0.0,0.0,0.0,16997.0,2402.2,12,0.0,0.0,0.0,0.0,0.0,0.0,0.05,336.72,981.48,1602.73,2105.69,2440.97,2580.19,2512.14,2242.21,1792.66,1204.61,550.72,34.33,0.0,0.0,0.0,0.0,0.0,18384.5,2580.2,12,0.0,0.0,0.0,0.0,0.0,0.0,0.06,368.48,1054.99,1703.11,2218.25,2551.47,2675.14,2579.5,2272.04,1777.95,1142.87,451.63,2.83,0.0,0.0,0.0,0.0,0.0,18798.3,2675.1,12,0.0,0.0,0.0,0.0,0.0,0.0,0.46,413.87,1119.61,1767.55,2267.96,2574.79,2663.08,2525.94,2174.11,1636.68,965.71,272.53,0.0,0.0,0.0,0.0,0.0,0.0,18382.3,2663.1,12,0.0,0.0,0.0,0.0,0.0,0.0,0.36,409.15,1110.13,1743.23,2223.02,2506.82,2572.2,2414.18,2044.95,1494.72,818.14,154.15,0.0,0.0,0.0,0.0,0.0,0.0,17491.0,2572.2,12,0.0,0.0,0.0,0.0,0.0,0.0,0.0,283.2,955.01,1582.58,2066.42,2362.15,2446.36,2312.65,1971.27,1449.8,799.46,154.22,0.0,0.0,0.0,0.0,0.0,0.0,16383.1,2446.4,12
Greece,39.0,22.0,1,0.0,0.0,0.0,0.0,0.0,0.0,0.0,1.53,492.87,1176.64,1668.04,1930.07,1951.63,1731.84,1279.9,623.56,20.49,0.0,0.0,0.0,0.0,0.0,0.0,0.0,10876.6,1951.6,12,0.0,0.0,0.0,0.0,0.0,0.0,109.11,662.15,1319.24,1903.6,2336.69,2574.61,2595.83,2398.52,2000.5,1441.01,789.94,193.22,0.0,0.0,0.0,0.0,0.0,0.0,18324.4,2595.8,12,0.0,0.0,0.0,0.0,0.0,70.98,333.68,829.87,1372.26,1857.38,2220.52,2421.53,2440.12,2274.44,1941.05,1475.88,938.07,421.53,108.33,0.0,0.0,0.0,0.0,0.0,18705.6,2440.1,12,0.0,0.0,0.0,0.0,0.0,0.0,52.77,598.89,1261.32,1828.04,2225.76,2416.71,2384.48,2131.73,1680.4,1075.65,410.31,3.42,0.0,0.0,0.0,0.0,0.0,0.0,16069.5,2416.7,11,0.0,0.0,0.0,0.0,0.0,0.0,0.0,1.53,492.87,1176.64,1668.04,1930.07,1951.63,1731.84,1279.9,623.56,20.49,0.0,0.0,0.0,0.0,0.0,0.0,0.0,10876.6,1951.6,12,0.0,0.0,0.0,0.0,0.0,0.0,0.0,27.91,665.75,1362.47,1878.7,2176.47,2238.78,2062.13,1656.57,1046.74,307.35,0.0,0.0,0.0,0.0,0.0,0.0,0.0,13422.9,2238.8,12,0.0,0.0,0.0,0.0,0.0,0.0,0.0,312.18,1033.03,1688.49,2179.96,2464.52,2520.36,2343.35,1946.9,1363.04,653.6,41.73,0.0,0.0,0.0,0.0,0.0,0.0,16547.2,2520.4,12,0.0,0.0,0.0,0.0,0.0,0.0,109.11,662.15,1319.24,1903.6,2336.69,2574.61,2595.83,2398.52,2000.5,1441.01,789.94,193.22,0.0,0.0,0.0,0.0,0.0,0.0,18324.4,2595.8,12,0.0,0.0,0.0,0.0,0.0,18.66,305.62,856.86,1452.23,1973.42,2352.85,2550.44,2547.15,2343.34,1958.8,1434.41,838.89,292.61,15.88,0.0,0.0,0.0,0.0,0.0,18941.2,2550.4,11,0.0,0.0,0.0,0.0,0.0,81.6,372.6,891.5,1443.86,1928.65,2283.39,2469.83,2469.51,2282.47,1927.3,1442.35,890.19,371.87,81.82,0.0,0.0,0.0,0.0,0.0,18936.9,2469.8,11,0.0,0.0,0.0,0.0,0.0,70.98,333.68,829.87,1372.26,1857.38,2220.52,2421.53,2440.12,2274.44,1941.05,1475.88,938.07,421.53,108.33,0.0,0.0,0.0,0.0,0.0,18705.6,2440.1,12,0.0,0.0,0.0,0.0,0.0,16.29,260.69,765.34,1334.95,1849.14,2236.99,2455.48,2482.68,2315.92,1971.6,1486.45,922.38,382.63,58.48,0.0,0.0,0.0,0.0,0.0,18539.0,2482.7,12,0.0,0.0,0.0,0.0,0.0,0.0,170.23,706.66,1321.88,1867.78,2269.28,2483.54,2489.97,2287.92,1896.6,1357.25,742.29,193.44,0.0,0.0,0.0,0.0,0.0,0.0,17786.8,2490.0,12,0.0,0.0,0.0,0.0,0.0,0.0,52.77,598.89,1261.32,1828.04,2225.76,2416.71,2384.48,2131.73,1680.4,1075.65,410.31,3.42,0.0,0.0,0.0,0.0,0.0,0.0,16069.5,2416.7,11,0.0,0.0,0.0,0.0,0.0,0.0,0.0,362.82,1075.52,1668.8,2068.23,2245.21,2188.13,1900.64,1401.88,733.41,74.47,0.0,0.0,0.0,0.0,0.0,0.0,0.0,13719.1,2245.2,11,0.0,0.0,0.0,0.0,0.0,0.0,0.0,65.04,743.56,1387.31,1822.89,2027.16,1991.34,1716.93,1215.78,522.77,2.35,0.0,0.0,0.0,0.0,0.0,0.0,0.0,11495.1,2027.2,11
Guatemala,15.5,-90.5,-6,0.0,0.0,0.0,0.0,0.0,0.0,0.0,178.11,960.1,1660.86,2201.53,2548.77,2680.82,2589.27,2279.94,1772.28,1097.56,312.77,0.0,0.0,0.0,0.0,0.0,0.0,18282.0,2680.8,12,0.0,0.0,0.0,0.0,0.0,0.0,0.16,441.2,1180.56,1864.17,2405.45,2757.23,2891.98,2799.54,2486.89,1978.33,1316.93,577.63,14.3,0.0,0.0,0.0,0.0,0.0,20714.4,2892.0,12,0.0,0.0,0.0,0.0,0.0,0.0,34.5,479.81,1098.61,1683.15,2152.17,2459.43,2578.34,2499.12,2228.23,1788.77,1222.45,600.59,87.05,0.0,0.0,0.0,0.0,0.0,18912.2,2578.3,12,0.0,0.0,0.0,0.0,0.0,0.0,2.25,529.21,1278.43,1940.89,2444.48,2748.45,2830.0,2683.13,2318.64,1764.21,1066.77,320.03,0.0,0.0,0.0,0.0,0.0,0.0,19926.5,2830.0,12,0.0,0.0,0.0,0.0,0.0,0.0,0.0,178.11,960.1,1660.86,2201.53,2548.77,2680.82,2589.27,2279.94,1772.28,1097.56,312.77,0.0,0.0,0.0,0.0,0.0,0.0,18282.0,2680.8,12,0.0,0.0,0.0,0.0,0.0,0.0,0.0,153.76,945.48,1680.52,2263.66,2655.16,2829.03,2773.69,2492.81,2005.03,1342.87,556.61,0.0,0.0,0.0,0.0,0.0,0.0,19698.6,2829.0,12,0.0,0.0,0.0,0.0,0.0,0.0,0.0,263.65,1045.11,1775.3,2359.47,2751.39,2922.64,2861.05,2570.99,2073.21,1405.0,627.83,6.87,0.0,0.0,0.0,0.0,0.0,20662.5,2922.6,12,0.0,0.0,0.0,0.0,0.0,0.0,0.16,441.2,1180.56,1864.17,2405.45,2757.23,2891.98,2799.54,2486.89,1978.33,1316.93,577.63,14.3,0.0,0.0,0.0,0.0,0.0,20714.4,2892.0,12,0.0,0.0,0.0,0.0,0.0,0.0,32.22,553.56,1235.9,1860.82,2350.1,2659.01,2762.22,2651.67,2336.07,1841.44,1213.34,531.88,25.35,0.0,0.0,0.0,0.0,0.0,20053.6,2762.2,12,0.0,0.0,0.0,0.0,0.0,0.0,54.15,546.65,1179.04,1763.77,2224.63,2517.63,2617.86,2517.19,2223.83,1762.74,1178.01,545.92,53.97,0.0,0.0,0.0,0.0,0.0,19185.4,2617.9,12,0.0,0.0,0.0,0.0,0.0,0.0,34.5,479.81,1098.61,1683.15,2152.17,2459.43,2578.34,2499.12,2228.23,1788.77,1222.45,600.59,87.05,0.0,0.0,0.0,0.0,0.0,18912.2,2578.3,12,0.0,0.0,0.0,0.0,0.0,0.0,11.34,444.7,1095.66,1713.09,2210.17,2538.73,2670.88,2595.94,2319.88,1865.62,1274.93,619.61,75.25,0.0,0.0,0.0,0.0,0.0,19435.8,2670.9,12,0.0,0.0,0.0,0.0,0.0,0.0,3.79,472.18,1177.45,1828.5,2341.17,2669.08,2785.72,2682.02,2365.97,1862.97,1217.95,511.34,9.14,0.0,0.0,0.0,0.0,0.0,19927.3,2785.7,12,0.0,0.0,0.0,0.0,0.0,0.0,2.25,529.21,1278.43,1940.89,2444.48,2748.45,2830.0,2683.13,2318.64,1764.21,1066.77,320.03,0.0,0.0,0.0,0.0,0.0,0.0,19926.5,2830.0,12,0.0,0.0,0.0,0.0,0.0,0.0,0.03,515.25,1283.63,1940.85,2428.21,2711.14,2770.2,2601.36,2216.19,1641.39,919.99,159.3,0.0,0.0,0.0,0.0,0.0,0.0,19187.5,2770.2,12,0.0,0.0,0.0,0.0,0.0,0.0,0.0,345.65,1118.34,1783.03,2280.33,2578.21,2657.54,2513.21,2154.55,1604.55,899.29,137.98,0.0,0.0,0.0,0.0,0.0,0.0,18072.7,2657.5,12
Guinea,11.0,-11.3,-1,0.0,0.0,0.0,0.0,0.0,0.0,0.0,370.41,1098.19,1738.46,2218.83,2503.23,2571.69,2419.47,2057.11,1510.43,823.75,124.89,0.0,0.0,0.0,0.0,0.0,0.0,17436.5,2571.7,12,0.0,0.0,0.0,0.0,0.0,0.0,13.46,527.85,1233.53,1869.35,2354.33,2644.13,2715.02,2561.42,2195.59,1648.43,974.25,284.99,0.0,0.0,0.0,0.0,0.0,0.0,19022.4,2715.0,12,0.0,0.0,0.0,0.0,0.0,0.0,58.12,539.46,1140.85,1689.31,2111.4,2365.17,2428.17,2295.04,1977.18,1503.52,924.89,335.84,1.68,0.0,0.0,0.0,0.0,0.0,17370.6,2428.2,12,0.0,0.0,0.0,0.0,0.0,0.0,44.93,641.79,1350.38,1961.47,2406.5,2647.3,2664.86,2457.82,2042.41,1453.52,752.91,104.37,0.0,0.0,0.0,0.0,0.0,0.0,18528.2,2664.9,12,0.0,0.0,0.0,0.0,0.0,0.0,0.0,370.41,1098.19,1738.46,2218.83,2503.23,2571.69,2419.47,2057.11,1510.43,823.75,124.89,0.0,0.0,0.0,0.0,0.0,0.0,17436.5,2571.7,12,0.0,0.0,0.0,0.0,0.0,0.0,0.0,300.89,1037.74,1713.39,2236.56,2564.62,2673.43,2555.19,2218.35,1687.72,1006.92,272.36,0.0,0.0,0.0,0.0,0.0,0.0,18267.2,2673.4,12,0.0,0.0,0.0,0.0,0.0,0.0,0.0,375.7,1110.4,1786.25,2311.26,2639.32,2744.8,2619.75,2273.62,1733.6,1048.04,317.61,0.0,0.0,0.0,0.0,0.0,0.0,18960.3,2744.8,12,0.0,0.0,0.0,0.0,0.0,0.0,13.46,527.85,1233.53,1869.35,2354.33,2644.13,2715.02,2561.42,2195.59,1648.43,974.25,284.99,0.0,0.0,0.0,0.0,0.0,0.0,19022.4,2715.0,12,0.0,0.0,0.0,0.0,0.0,0.0,73.54,628.45,1285.68,1868.65,2305.9,2556.67,2599.82,2431.87,2066.75,1536.82,898.29,263.91,0.0,0.0,0.0,0.0,0.0,0.0,18516.4,2599.8,12,0.0,0.0,0.0,0.0,0.0,0.0,91.8,614.87,1228.55,1776.33,2189.39,2428.08,2471.71,2316.67,1976.13,1480.98,884.85,290.37,0.08,0.0,0.0,0.0,0.0,0.0,17749.8,2471.7,12,0.0,0.0,0.0,0.0,0.0,0.0,58.12,539.46,1140.85,1689.31,2111.4,2365.17,2428.17,2295.04,1977.18,1503.52,924.89,335.84,1.68,0.0,0.0,0.0,0.0,0.0,17370.6,2428.2,12,0.0,0.0,0.0,0.0,0.0,0.0,35.29,524.71,1161.24,1742.74,2191.96,2465.36,2539.38,2407.87,2081.74,1589.67,982.2,354.6,0.87,0.0,0.0,0.0,0.0,0.0,18077.6,2539.4,12,0.0,0.0,0.0,0.0,0.0,0.0,35.8,582.62,1268.34,1878.87,2339.55,2608.46,2663.47,2500.19,2131.7,1589.42,928.19,261.46,0.0,0.0,0.0,0.0,0.0,0.0,18788.1,2663.5,12,0.0,0.0,0.0,0.0,0.0,0.0,44.93,641.79,1350.38,1961.47,2406.5,2647.3,2664.86,2457.82,2042.41,1453.52,752.91,104.37,0.0,0.0,0.0,0.0,0.0,0.0,18528.2,2664.9,12,0.0,0.0,0.0,0.0,0.0,0.0,38.84,660.11,1375.52,1976.51,2403.26,2622.26,2617.31,2388.8,1953.65,1346.21,628.15,26.75,0.0,0.0,0.0,0.0,0.0,0.0,18037.4,2622.3,11,0.0,0.0,0.0,0.0,0.0,0.0,4.65,545.73,1263.53,1870.28,2307.25,2542.06,2558.16,2354.45,1945.26,1360.53,652.82,30.3,0.0,0.0,0.0,0.0,0.0,0.0,17435.0,2558.2,12
Guinea-Bissau,12.0,-15.2,-1,0.0,0.0,0.0,0.0,0.0,0.0,0.0,191.61,919.79,1598.13,2126.76,2465.82,2591.89,2496.38,2185.79,1681.47,1020.55,283.67,0.0,0.0,0.0,0.0,0.0,0.0,17561.9,2591.9,12,0.0,0.0,0.0,0.0,0.0,0.0,0.03,385.29,1098.92,1769.61,2302.28,2647.46,2777.05,2680.96,2366.68,1859.63,1205.55,488.32,4.25,0.0,0.0,0.0,0.0,0.0,19586.0,2777.0,12,0.0,0.0,0.0,0.0,0.0,0.0,18.37,453.39,1074.48,1659.39,2126.8,2431.09,2546.2,2462.72,2187.43,1743.63,1173.31,549.4,53.21,0.0,0.0,0.0,0.0,0.0,18479.4,2546.2,12,0.0,0.0,0.0,0.0,0.0,0.0,1.31,439.62,1146.0,1788.18,2279.63,2575.48,2651.77,2502.52,2139.47,1592.75,916.27,230.47,0.0,0.0,0.0,0.0,0.0,0.0,18263.5,2651.8,12,0.0,0.0,0.0,0.0,0.0,0.0,0.0,191.61,919.79,1598.13,2126.76,2465.82,2591.89,2496.38,2185.79,1681.47,1020.55,283.67,0.0,0.0,0.0,0.0,0.0,0.0,17561.9,2591.9,12,0.0,0.0,0.0,0.0,0.0,0.0,0.0,159.11,903.65,1619.64,2192.19,2576.14,2744.15,2684.53,2401.37,1914.55,1259.86,500.62,0.12,0.0,0.0,0.0,0.0,0.0,18955.9,2744.2,12,0.0,0.0,0.0,0.0,0.0,0.0,0.0,272.78,1040.68,1762.54,2340.33,2726.64,2892.85,2826.98,2533.75,2034.54,1367.91,599.36,6.1,0.0,0.0,0.0,0.0,0.0,20404.5,2892.9,12,0.0,0.0,0.0,0.0,0.0,0.0,0.03,385.29,1098.92,1769.61,2302.28,2647.46,2777.05,2680.96,2366.68,1859.63,1205.55,488.32,4.25,0.0,0.0,0.0,0.0,0.0,19586.0,2777.0,12,0.0,0.0,0.0,0.0,0.0,0.0,15.6,490.18,1154.89,1769.65,2251.56,2554.55,2652.99,2538.97,2221.75,1728.38,1106.79,444.51,6.71,0.0,0.0,0.0,0.0,0.0,18936.5,2653.0,12,0.0,0.0,0.0,0.0,0.0,0.0,36.12,519.78,1153.64,1738.1,2196.97,2486.77,2583.08,2478.11,2180.38,1715.12,1126.78,493.84,27.04,0.0,0.0,0.0,0.0,0.0,18735.7,2583.1,12,0.0,0.0,0.0,0.0,0.0,0.0,18.37,453.39,1074.48,1659.39,2126.8,2431.09,2546.2,2462.72,2187.43,1743.63,1173.31,549.4,53.21,0.0,0.0,0.0,0.0,0.0,18479.4,2546.2,12,0.0,0.0,0.0,0.0,0.0,0.0,4.12,413.73,1061.28,1675.9,2169.55,2494.18,2622.19,2543.24,2263.61,1806.61,1214.7,562.08,44.08,0.0,0.0,0.0,0.0,0.0,18875.3,2622.2,12,0.0,0.0,0.0,0.0,0.0,0.0,1.31,414.87,1097.49,1736.35,2240.65,2562.13,2673.82,2566.78,2249.51,1748.52,1111.48,427.63,1.97,0.0,0.0,0.0,0.0,0.0,18832.5,2673.8,12,0.0,0.0,0.0,0.0,0.0,0.0,1.31,439.62,1146.0,1788.18,2279.63,2575.48,2651.77,2502.52,2139.47,1592.75,916.27,230.47,0.0,0.0,0.0,0.0,0.0,0.0,18263.5,2651.8,12,0.0,0.0,0.0,0.0,0.0,0.0,0.43,456.87,1183.84,1822.84,2299.41,2574.93,2628.88,2457.36,2072.96,1505.19,806.03,120.58,0.0,0.0,0.0,0.0,0.0,0.0,17929.3,2628.9,12,0.0,0.0,0.0,0.0,0.0,0.0,0.0,364.02,1101.96,1750.01,2237.21,2527.83,2601.78,2454.0,2094.64,1548.82,858.99,142.19,0.0,0.0,0.0,0.0,0.0,0.0,17681.4,2601.8,12
Guyana,5.0,-59.0,-4,0.0,0.0,0.0,0.0,0.0,0.0,0.0,299.68,987.58,1629.16,2130.22,2446.39,2553.05,2442.19,2122.12,1617.78,974.03,287.21,0.0,0.0,0.0,0.0,0.0,0.0,17489.4,2553.0,12,0.0,0.0,0.0,0.0,0.0,0.0,0.49,471.97,1213.72,1887.29,2412.01,2743.29,2855.58,2740.54,2406.73,1879.98,1205.16,463.78,0.33,0.0,0.0,0.0,0.0,0.0,20280.9,2855.6,12,0.0,0.0,0.0,0.0,0.0,0.0,9.75,509.4,1178.07,1780.5,2249.6,2546.25,2647.74,2546.49,2250.03,1781.06,1178.64,509.85,9.8,0.0,0.0,0.0,0.0,0.0,19197.2,2647.7,12,0.0,0.0,0.0,0.0,0.0,0.0,27.51,668.83,1421.36,2071.81,2557.29,2839.86,2898.69,2729.52,2344.68,1773.12,1062.57,306.84,0.0,0.0,0.0,0.0,0.0,0.0,20702.1,2898.7,12,0.0,0.0,0.0,0.0,0.0,0.0,0.0,299.68,987.58,1629.16,2130.22,2446.39,2553.05,2442.19,2122.12,1617.78,974.03,287.21,0.0,0.0,0.0,0.0,0.0,0.0,17489.4,2553.0,12,0.0,0.0,0.0,0.0,0.0,0.0,0.0,207.03,888.48,1561.66,2104.22,2463.75,2611.01,2534.61,2240.38,1751.67,1112.09,408.0,0.29,0.0,0.0,0.0,0.0,0.0,17883.2,2611.0,12,0.0,0.0,0.0,0.0,0.0,0.0,0.0,287.4,1011.6,1704.39,2258.56,2623.23,2769.31,2685.67,2378.63,1872.24,1210.46,475.51,1.33,0.0,0.0,0.0,0.0,0.0,19278.3,2769.3,12,0.0,0.0,0.0,0.0,0.0,0.0,0.49,471.97,1213.72,1887.29,2412.01,2743.29,2855.58,2740.54,2406.73,1879.98,1205.16,463.78,0.33,0.0,0.0,0.0,0.0,0.0,20280.9,2855.6,12,0.0,0.0,0.0,0.0,0.0,0.0,9.88,497.11,1176.3,1791.59,2265.49,2555.21,2637.29,2505.32,2169.71,1658.17,1019.15,346.66,0.01,0.0,0.0,0.0,0.0,0.0,18631.9,2637.3,12,0.0,0.0,0.0,0.0,0.0,0.0,15.33,494.55,1140.01,1724.73,2176.14,2453.57,2534.53,2412.7,2097.67,1615.36,1010.97,369.56,0.35,0.0,0.0,0.0,0.0,0.0,18045.5,2534.5,12,0.0,0.0,0.0,0.0,0.0,0.0,9.75,509.4,1178.07,1780.5,2249.6,2546.25,2647.74,2546.49,2250.03,1781.06,1178.64,509.85,9.8,0.0,0.0,0.0,0.0,0.0,19197.2,2647.7,12,0.0,0.0,0.0,0.0,0.0,0.0,2.89,491.95,1190.62,1822.78,2317.49,2633.74,2747.46,2650.2,2349.12,1867.03,1243.39,545.3,10.83,0.0,0.0,0.0,0.0,0.0,19872.8,2747.5,12,0.0,0.0,0.0,0.0,0.0,0.0,7.61,574.07,1314.06,1969.98,2473.89,2785.44,2881.33,2754.56,2414.37,1886.28,1213.32,470.8,0.06,0.0,0.0,0.0,0.0,0.0,20745.8,2881.3,12,0.0,0.0,0.0,0.0,0.0,0.0,27.51,668.83,1421.36,2071.81,2557.29,2839.86,2898.69,2729.52,2344.68,1773.12,1062.57,306.84,0.0,0.0,0.0,0.0,0.0,0.0,20702.1,2898.7,12,0.0,0.0,0.0,0.0,0.0,0.0,30.67,662.5,1396.94,2024.82,2485.53,2743.25,2779.03,2590.31,2190.88,1611.06,901.23,179.29,0.0,0.0,0.0,0.0,0.0,0.0,19595.5,2779.0,12,0.0,0.0,0.0,0.0,0.0,0.0,4.02,528.93,1245.25,1868.52,2333.67,2604.05,2659.73,2496.72,2126.9,1578.14,897.64,195.02,0.0,0.0,0.0,0.0,0.0,0.0,18538.6,2659.7,12
Haiti,19.0,-72.5,-5,0.0,0.0,0.0,0.0,0.0,0.0,0.0,228.69,1014.54,1696.14,2205.7,2513.76,2601.9,2464.73,2110.6,1560.52,846.57,86.48,0.0,0.0,0.0,0.0,0.0,0.0,17329.6,2601.9,12,0.0,0.0,0.0,0.0,0.0,0.0,18.29,578.07,1310.54,1967.49,2472.46,2781.85,2871.32,2734.07,2380.65,1839.29,1158.57,428.78,0.26,0.0,0.0,0.0,0.0,0.0,20541.6,2871.3,12,0.0,0.0,0.0,0.0,0.0,0.0,111.12,623.65,1238.4,1800.09,2236.98,2506.72,2585.86,2467.79,2162.39,1696.57,1117.15,505.31,55.5,0.0,0.0,0.0,0.0,0.0,19107.5,2585.9,12,0.0,0.0,0.0,0.0,0.0,0.0,28.3,640.03,1374.39,2007.14,2472.59,2733.07,2768.87,2577.33,2172.77,1586.88,873.64,163.95,0.0,0.0,0.0,0.0,0.0,0.0,19398.9,2768.9,12,0.0,0.0,0.0,0.0,0.0,0.0,0.0,228.69,1014.54,1696.14,2205.7,2513.76,2601.9,2464.73,2110.6,1560.52,846.57,86.48,0.0,0.0,0.0,0.0,0.0,0.0,17329.6,2601.9,12,0.0,0.0,0.0,0.0,0.0,0.0,0.0,221.3,1018.11,1732.13,2282.94,2634.27,2763.31,2661.63,2335.85,1807.14,1110.15,311.55,0.0,0.0,0.0,0.0,0.0,0.0,18878.4,2763.3,12,0.0,0.0,0.0,0.0,0.0,0.0,0.0,371.24,1152.41,1858.04,2407.15,2757.0,2882.28,2774.1,2440.15,1904.54,1208.69,428.05,0.0,0.0,0.0,0.0,0.0,0.0,20183.7,2882.3,12,0.0,0.0,0.0,0.0,0.0,0.0,18.29,578.07,1310.54,1967.49,2472.46,2781.85,2871.32,2734.07,2380.65,1839.29,1158.57,428.78,0.26,0.0,0.0,0.0,0.0,0.0,20541.6,2871.3,12,0.0,0.0,0.0,0.0,0.0,0.0,110.98,689.22,1358.33,1954.69,2407.47,2675.13,2735.41,2583.48,2231.75,1710.49,1071.63,410.5,5.52,0.0,0.0,0.0,0.0,0.0,19944.6,2735.4,12,0.0,0.0,0.0,0.0,0.0,0.0,143.68,682.7,1303.27,1861.02,2287.22,2541.16,2600.89,2461.48,2134.65,1649.54,1056.15,442.96,30.12,0.0,0.0,0.0,0.0,0.0,19194.8,2600.9,12,0.0,0.0,0.0,0.0,0.0,0.0,111.12,623.65,1238.4,1800.09,2236.98,2506.72,2585.86,2467.79,2162.39,1696.57,1117.15,505.31,55.5,0.0,0.0,0.0,0.0,0.0,19107.5,2585.9,12,0.0,0.0,0.0,0.0,0.0,0.0,66.7,576.56,1218.57,1809.38,2271.55,2560.32,2650.75,2535.37,2223.67,1742.72,1140.16,499.95,34.96,0.0,0.0,0.0,0.0,0.0,19330.7,2650.7,12,0.0,0.0,0.0,0.0,0.0,0.0,42.11,594.83,1287.0,1908.82,2384.19,2669.84,2742.27,2595.69,2241.78,1710.28,1052.82,368.15,0.13,0.0,0.0,0.0,0.0,0.0,19597.9,2742.3,12,0.0,0.0,0.0,0.0,0.0,0.0,28.3,640.03,1374.39,2007.14,2472.59,2733.07,2768.87,2577.33,2172.77,1586.88,873.64,163.95,0.0,0.0,0.0,0.0,0.0,0.0,19398.9,2768.9,12,0.0,0.0,0.0,0.0,0.0,0.0,4.09,594.51,1348.49,1977.57,2427.86,2667.83,2681.14,2466.92,2039.71,1429.21,684.98,23.07,0.0,0.0,0.0,0.0,0.0,0.0,18345.4,2681.1,12,0.0,0.0,0.0,0.0,0.0,0.0,0.0,418.96,1190.39,1832.8,2296.59,2553.75,2588.47,2398.58,1995.84,1404.67,663.31,9.56,0.0,0.0,0.0,0.0,0.0,0.0,17352.9,2588.5,12
Honduras,15.0,-86.5,-6,0.0,0.0,0.0,0.0,0.0,0.0,0.0,398.19,1179.28,1840.23,2331.48,2622.61,2695.17,2544.53,2180.28,1625.32,914.11,136.56,0.0,0.0,0.0,0.0,0.0,0.0,18467.8,2695.2,12,0.0,0.0,0.0,0.0,0.0,0.0,29.39,625.97,1361.95,2012.73,2506.72,2802.37,2876.78,2724.34,2356.67,1802.86,1112.38,379.27,0.0,0.0,0.0,0.0,0.0,0.0,20591.4,2876.8,12,0.0,0.0,0.0,0.0,0.0,0.0,107.08,638.48,1261.31,1821.92,2251.93,2511.1,2577.52,2445.75,2126.6,1647.7,1056.66,438.45,20.03,0.0,0.0,0.0,0.0,0.0,18904.5,2577.5,12,0.0,0.0,0.0,0.0,0.0,0.0,62.89,732.72,1469.82,2095.08,2548.61,2794.8,2815.34,2608.73,2190.23,1592.15,868.4,150.86,0.0,0.0,0.0,0.0,0.0,0.0,19929.6,2815.3,12,0.0,0.0,0.0,0.0,0.0,0.0,0.0,398.19,1179.28,1840.23,2331.48,2622.61,2695.17,2544.53,2180.28,1625.32,914.11,136.56,0.0,0.0,0.0,0.0,0.0,0.0,18467.8,2695.2,12,0.0,0.0,0.0,0.0,0.0,0.0,0.0,365.16,1166.29,1864.98,2399.9,2735.12,2848.3,2731.89,2393.62,1856.02,1155.26,353.85,0.0,0.0,0.0,0.0,0.0,0.0,19870.4,2848.3,12,0.0,0.0,0.0,0.0,0.0,0.0,0.0,460.63,1244.28,1940.45,2476.6,2811.57,2921.18,2797.64,2449.73,1902.62,1198.72,414.79,0.0,0.0,0.0,0.0,0.0,0.0,20618.2,2921.2,12,0.0,0.0,0.0,0.0,0.0,0.0,29.39,625.97,1361.95,2012.73,2506.72,2802.37,2876.78,2724.34,2356.67,1802.86,1112.38,379.27,0.0,0.0,0.0,0.0,0.0,0.0,20591.4,2876.8,12,0.0,0.0,0.0,0.0,0.0,0.0,119.7,723.61,1400.17,1993.81,2438.03,2693.63,2739.9,2573.24,2206.97,1672.0,1020.77,352.82,0.13,0.0,0.0,0.0,0.0,0.0,19934.8,2739.9,12,0.0,0.0,0.0,0.0,0.0,0.0,144.25,706.39,1336.47,1893.69,2313.16,2556.44,2603.21,2449.68,2108.48,1609.26,1002.58,380.98,5.73,0.0,0.0,0.0,0.0,0.0,19110.3,2603.2,12,0.0,0.0,0.0,0.0,0.0,0.0,107.08,638.48,1261.31,1821.92,2251.93,2511.1,2577.52,2445.75,2126.6,1647.7,1056.66,438.45,20.03,0.0,0.0,0.0,0.0,0.0,18904.5,2577.5,12,0.0,0.0,0.0,0.0,0.0,0.0,69.25,609.15,1264.44,1856.27,2312.33,2590.59,2667.89,2538.02,2211.39,1715.6,1098.46,446.24,10.78,0.0,0.0,0.0,0.0,0.0,19390.4,2667.9,12,0.0,0.0,0.0,0.0,0.0,0.0,58.92,657.0,1361.41,1981.97,2449.22,2722.76,2780.86,2619.0,2249.76,1703.26,1030.91,333.04,0.0,0.0,0.0,0.0,0.0,0.0,19948.1,2780.9,12,0.0,0.0,0.0,0.0,0.0,0.0,62.89,732.72,1469.82,2095.08,2548.61,2794.8,2815.34,2608.73,2190.23,1592.15,868.4,150.86,0.0,0.0,0.0,0.0,0.0,0.0,19929.6,2815.3,12,0.0,0.0,0.0,0.0,0.0,0.0,36.72,728.62,1475.14,2090.72,2525.98,2750.34,2748.38,2520.23,2081.61,1463.36,715.2,30.96,0.0,0.0,0.0,0.0,0.0,0.0,19167.3,2750.3,11,0.0,0.0,0.0,0.0,0.0,0.0,0.58,570.32,1324.85,1947.94,2394.17,2634.85,2654.41,2451.59,2039.55,1444.78,708.12,22.32,0.0,0.0,0.0,0.0,0.0,0.0,18193.5,2654.4,12
Hungary,47.0,19.0,1,0.0,0.0,0.0,0.0,0.0,0.0,0.0,0.0,95.28,795.76,1381.6,1715.29,1790.35,1605.93,1164.3,486.67,0.89,0.0,0.0,0.0,0.0,0.0,0.0,0.0,9036.1,1790.3,12,0.0,0.0,0.0,0.0,0.0,0.0,62.95,561.55,1218.19,1824.46,2291.68,2570.76,2636.06,2481.87,2122.0,1591.07,950.91,321.26,3.59,0.0,0.0,0.0,0.0,0.0,18636.4,2636.1,12,0.0,0.0,0.0,0.0,0.15,97.4,280.13,777.49,1332.03,1839.37,2232.71,2469.13,2525.07,2395.17,2091.99,1646.56,1110.52,563.26,176.61,39.92,0.0,0.0,0.0,0.0,19577.5,2525.1,12,0.0,0.0,0.0,0.0,0.0,0.0,6.14,416.21,1067.96,1656.69,2089.97,2323.33,2335.99,2126.78,1714.02,1138.79,484.71,18.0,0.0,0.0,0.0,0.0,0.0,0.0,15378.6,2336.0,12,0.0,0.0,0.0,0.0,0.0,0.0,0.0,0.0,95.28,795.76,1381.6,1715.29,1790.35,1605.93,1164.3,486.67,0.89,0.0,0.0,0.0,0.0,0.0,0.0,0.0,9036.1,1790.3,12,0.0,0.0,0.0,0.0,0.0,0.0,0.0,0.0,298.69,1038.9,1620.65,1976.66,2090.47,1957.15,1582.66,984.98,244.9,0.0,0.0,0.0,0.0,0.0,0.0,0.0,11795.0,2090.5,12,0.0,0.0,0.0,0.0,0.0,0.0,0.0,118.9,789.51,1469.84,2000.27,2329.76,2432.65,2301.39,1945.83,1394.27,703.14,68.7,0.0,0.0,0.0,0.0,0.0,0.0,15554.3,2432.7,12,0.0,0.0,0.0,0.0,0.0,0.0,62.95,561.55,1218.19,1824.46,2291.68,2570.76,2636.06,2481.87,2122.0,1591.07,950.91,321.26,3.59,0.0,0.0,0.0,0.0,0.0,18636.4,2636.1,12,0.0,0.0,0.0,0.0,0.0,29.19,253.51,798.42,1406.99,1953.95,2367.71,2604.7,2642.3,2477.09,2124.64,1620.49,1024.41,436.3,84.97,0.0,0.0,0.0,0.0,0.0,19824.7,2642.3,12,0.0,0.0,0.0,0.0,0.24,101.89,316.03,837.27,1403.41,1912.07,2298.42,2521.35,2559.07,2408.05,2082.8,1616.55,1063.81,509.16,155.59,20.73,0.0,0.0,0.0,0.0,19806.4,2559.1,12,0.0,0.0,0.0,0.0,0.15,97.4,280.13,777.49,1332.03,1839.37,2232.71,2469.13,2525.07,2395.17,2091.99,1646.56,1110.52,563.26,176.61,39.92,0.0,0.0,0.0,0.0,19577.5,2525.1,12,0.0,0.0,0.0,0.0,0.0,32.06,214.5,703.54,1277.34,1810.24,2227.23,2481.59,2547.74,2419.27,2108.59,1647.68,1091.16,526.88,132.16,2.89,0.0,0.0,0.0,0.0,19222.9,2547.7,12,0.0,0.0,0.0,0.0,0.0,0.0,119.25,602.92,1208.02,1767.93,2198.05,2449.74,2497.95,2338.02,1985.32,1476.81,877.71,307.57,11.06,0.0,0.0,0.0,0.0,0.0,17840.4,2498.0,12,0.0,0.0,0.0,0.0,0.0,0.0,6.14,416.21,1067.96,1656.69,2089.97,2323.33,2335.99,2126.78,1714.02,1138.79,484.71,18.0,0.0,0.0,0.0,0.0,0.0,0.0,15378.6,2336.0,12,0.0,0.0,0.0,0.0,0.0,0.0,0.0,106.63,807.42,1459.03,1914.06,2142.7,2132.26,1883.25,1409.29,742.39,65.67,0.0,0.0,0.0,0.0,0.0,0.0,0.0,12662.7,2142.7,11,0.0,0.0,0.0,0.0,0.0,0.0,0.0,0.0,322.09,1047.77,1566.46,1834.64,1847.74,1605.5,1111.78,398.07,0.0,0.0,0.0,0.0,0.0,0.0,0.0,0.0,9734.1,1847.7,12
Iceland,65.0,-18.0,-1,0.0,0.0,0.0,0.0,0.0,0.0,0.0,0.0,0.0,0.0,0.0,469.04,795.63,687.39,219.46,0.0,0.0,0.0,0.0,0.0,0.0,0.0,0.0,0.0,2171.5,795.6,12,0.0,0.0,0.0,0.0,0.0,0.0,7.19,451.35,1159.86,1831.55,2378.85,2751.03,2917.56,2865.38,2598.63,2138.68,1525.1,821.92,156.91,0.32,0.0,0.0,0.0,0.0,21604.3,2917.6,12,0.0,0.0,1.63,17.74,45.83,78.03,111.9,670.41,1315.19,1903.14,2378.84,2702.32,2847.54,2803.03,2572.27,2173.6,1639.61,1016.8,370.06,95.78,62.42,31.61,7.69,0.0,22845.4,2847.5,12,0.0,0.0,0.0,0.0,0.0,0.0,0.0,226.79,942.8,1626.26,2160.01,2498.91,2618.01,2508.76,2178.76,1651.87,971.42,247.35,0.0,0.0,0.0,0.0,0.0,0.0,17630.9,2618.0,12,0.0,0.0,0.0,0.0,0.0,0.0,0.0,0.0,0.0,0.0,0.0,469.04,795.63,687.39,219.46,0.0,0.0,0.0,0.0,0.0,0.0,0.0,0.0,0.0,2171.5,795.6,12,0.0,0.0,0.0,0.0,0.0,0.0,0.0,0.0,0.0,0.0,942.85,1591.41,1879.22,1857.77,1524.67,821.71,0.0,0.0,0.0,0.0,0.0,0.0,0.0,0.0,8617.6,1879.2,12,0.0,0.0,0.0,0.0,0.0,0.0,0.0,0.0,478.09,1297.98,1940.58,2378.14,2591.25,2569.04,2312.85,1835.98,1159.77,328.47,0.0,0.0,0.0,0.0,0.0,0.0,16892.2,2591.3,12,0.0,0.0,0.0,0.0,0.0,0.0,7.19,451.35,1159.86,1831.55,2378.85,2751.03,2917.56,2865.38,2598.63,2138.68,1525.1,821.92,156.91,0.32,0.0,0.0,0.0,0.0,21604.3,2917.6,12,0.0,0.0,0.0,0.0,3.33,29.93,63.9,689.43,1375.32,1996.99,2493.27,2821.39,2954.75,2882.83,2611.36,2162.18,1573.16,899.32,219.71,40.71,10.34,0.0,0.0,0.0,22827.9,2954.8,12,0.0,0.0,0.26,14.81,44.31,77.8,112.52,731.06,1378.3,1963.3,2430.21,2739.98,2867.66,2803.16,2551.6,2133.11,1582.28,948.25,300.63,89.63,55.65,24.33,2.9,0.0,22851.7,2867.7,12,0.0,0.0,1.63,17.74,45.83,78.03,111.9,670.41,1315.19,1903.14,2378.84,2702.32,2847.54,2803.03,2572.27,2173.6,1639.61,1016.8,370.06,95.78,62.42,31.61,7.69,0.0,22845.4,2847.5,12,0.0,0.0,0.0,0.0,13.84,48.72,85.28,594.59,1253.71,1866.82,2366.09,2709.13,2867.68,2829.01,2596.15,2187.88,1637.42,997.06,342.65,70.28,33.61,3.27,0.0,0.0,22503.2,2867.7,12,0.0,0.0,0.0,0.0,0.0,0.68,37.23,513.09,1177.64,1809.54,2324.52,2670.96,2818.11,2753.46,2482.38,2028.24,1433.8,767.91,156.39,9.93,0.0,0.0,0.0,0.0,20983.9,2818.1,12,0.0,0.0,0.0,0.0,0.0,0.0,0.0,226.79,942.8,1626.26,2160.01,2498.91,2618.01,2508.76,2178.76,1651.87,971.42,247.35,0.0,0.0,0.0,0.0,0.0,0.0,17630.9,2618.0,12,0.0,0.0,0.0,0.0,0.0,0.0,0.0,0.0,0.0,761.91,1469.21,1870.5,1987.79,1826.31,1377.56,619.43,0.0,0.0,0.0,0.0,0.0,0.0,0.0,0.0,9912.7,1987.8,12,0.0,0.0,0.0,0.0,0.0,0.0,0.0,0.0,0.0,0.0,205.34,746.32,961.9,759.97,222.33,0.0,0.0,0.0,0.0,0.0,0.0,0.0,0.0,0.0,2895.9,961.9,12
India,20.0,80.0,5,0.0,0.0,0.0,0.0,0.0,0.0,0.0,350.98,1142.82,1801.48,2280.16,2552.46,2602.41,2426.99,2036.64,1453.59,710.02,14.0,0.0,0.0,0.0,0.0,0.0,0.0,17371.6,2602.4,12,0.0,0.0,0.0,0.0,0.0,0.0,63.9,686.64,1411.25,2045.63,2520.12,2794.22,2846.34,2672.52,2286.26,1719.09,1024.6,310.1,0.0,0.0,0.0,0.0,0.0,0.0,20380.7,2846.3,12,0.0,0.0,0.0,0.0,0.0,0.0,171.42,693.88,1288.33,1821.94,2226.8,2462.57,2508.02,2359.22,2029.2,1548.98,971.67,391.27,21.36,0.0,0.0,0.0,0.0,0.0,18494.7,2508.0,12,0.0,0.0,0.0,0.0,0.0,0.0,86.24,757.01,1480.41,2088.75,2522.45,2746.84,2744.99,2517.02,2080.1,1469.15,744.17,78.05,0.0,0.0,0.0,0.0,0.0,0.0,19315.2,2746.8,11,0.0,0.0,0.0,0.0,0.0,0.0,0.0,350.98,1142.82,1801.48,2280.16,2552.46,2602.41,2426.99,2036.64,1453.59,710.02,14.0,0.0,0.0,0.0,0.0,0.0,0.0,17371.6,2602.4,12,0.0,0.0,0.0,0.0,0.0,0.0,0.0,339.39,1143.19,1835.53,2356.1,2671.82,2762.47,2622.18,2260.01,1699.08,975.42,176.58,0.0,0.0,0.0,0.0,0.0,0.0,18841.8,2762.5,12,0.0,0.0,0.0,0.0,0.0,0.0,0.0,490.24,1270.57,1954.89,2473.86,2788.07,2874.98,2728.46,2358.89,1793.05,1075.51,296.69,0.0,0.0,0.0,0.0,0.0,0.0,20105.2,2875.0,12,0.0,0.0,0.0,0.0,0.0,0.0,63.9,686.64,1411.25,2045.63,2520.12,2794.22,2846.34,2672.52,2286.26,1719.09,1024.6,310.1,0.0,0.0,0.0,0.0,0.0,0.0,20380.7,2846.3,12,0.0,0.0,0.0,0.0,0.0,0.0,183.78,789.08,1447.42,2020.76,2443.56,2677.19,2702.08,2516.24,2135.14,1592.72,946.66,307.92,0.09,0.0,0.0,0.0,0.0,0.0,19762.6,2702.1,12,0.0,0.0,0.0,0.0,0.0,0.0,214.6,769.93,1376.69,1910.32,2306.65,2527.53,2553.58,2382.6,2029.44,1527.05,931.3,343.71,7.28,0.0,0.0,0.0,0.0,0.0,18880.7,2553.6,12,0.0,0.0,0.0,0.0,0.0,0.0,171.42,693.88,1288.33,1821.94,2226.8,2462.57,2508.02,2359.22,2029.2,1548.98,971.67,391.27,21.36,0.0,0.0,0.0,0.0,0.0,18494.7,2508.0,12,0.0,0.0,0.0,0.0,0.0,0.0,119.96,650.85,1275.2,1838.86,2269.07,2523.32,2579.03,2431.43,2093.19,1595.4,991.96,380.78,8.19,0.0,0.0,0.0,0.0,0.0,18757.2,2579.0,12,0.0,0.0,0.0,0.0,0.0,0.0,96.97,689.36,1369.29,1966.48,2410.6,2661.17,2697.36,2516.21,2132.51,1579.73,915.73,258.78,0.0,0.0,0.0,0.0,0.0,0.0,19294.2,2697.4,12,0.0,0.0,0.0,0.0,0.0,0.0,86.24,757.01,1480.41,2088.75,2522.45,2746.84,2744.99,2517.02,2080.1,1469.15,744.17,78.05,0.0,0.0,0.0,0.0,0.0,0.0,19315.2,2746.8,11,0.0,0.0,0.0,0.0,0.0,0.0,37.41,735.09,1479.37,2083.81,2501.99,2705.41,2680.41,2428.68,1967.15,1327.48,563.16,0.91,0.0,0.0,0.0,0.0,0.0,0.0,18510.9,2705.4,11,0.0,0.0,0.0,0.0,0.0,0.0,0.06,549.5,1313.22,1930.88,2362.78,2583.63,2580.05,2352.28,1914.1,1291.14,524.01,0.0,0.0,0.0,0.0,0.0,0.0,0.0,17401.6,2583.6,11
Indonesia,-2.0,120.0,8,0.0,0.0,0.0,0.0,0.0,0.0,0.22,422.03,1124.79,1771.34,2280.3,2607.39,2727.04,2630.19,2324.14,1832.67,1197.75,494.3,4.08,0.0,0.0,0.0,0.0,0.0,19416.2,2727.0,12,0.0,0.0,0.0,0.0,0.0,0.0,0.0,413.6,1163.11,1849.24,2388.32,2735.2,2863.47,2763.7,2443.23,1926.31,1255.42,505.81,1.03,0.0,0.0,0.0,0.0,0.0,20308.4,2863.5,12,0.0,0.0,0.0,0.0,0.0,0.0,0.0,345.25,1015.57,1629.37,2111.36,2421.58,2536.66,2448.16,2162.54,1701.19,1101.56,430.98,0.3,0.0,0.0,0.0,0.0,0.0,17904.5,2536.7,12,0.0,0.0,0.0,0.0,0.0,0.0,14.56,609.41,1357.41,2013.85,2510.43,2807.11,2881.61,2728.49,2359.03,1801.47,1103.17,354.74,0.0,0.0,0.0,0.0,0.0,0.0,20541.3,2881.6,12,0.0,0.0,0.0,0.0,0.0,0.0,0.22,422.03,1124.79,1771.34,2280.3,2607.39,2727.04,2630.19,2324.14,1832.67,1197.75,494.3,4.08,0.0,0.0,0.0,0.0,0.0,19416.2,2727.0,12,0.0,0.0,0.0,0.0,0.0,0.0,0.0,317.15,1040.15,1728.62,2284.27,2657.69,2819.58,2757.73,2476.74,1998.08,1361.21,633.73,31.18,0.0,0.0,0.0,0.0,0.0,20106.1,2819.6,12,0.0,0.0,0.0,0.0,0.0,0.0,0.0,328.09,1075.73,1782.96,2351.42,2731.37,2893.32,2825.16,2531.94,2035.9,1377.62,626.74,20.83,0.0,0.0,0.0,0.0,0.0,20581.1,2893.3,12,0.0,0.0,0.0,0.0,0.0,0.0,0.0,413.6,1163.11,1849.24,2388.32,2735.2,2863.47,2763.7,2443.23,1926.31,1255.42,505.81,1.03,0.0,0.0,0.0,0.0,0.0,20308.4,2863.5,12,0.0,0.0,0.0,0.0,0.0,0.0,0.35,470.61,1190.88,1833.95,2329.69,2638.07,2736.06,2616.54,2288.27,1775.9,1121.43,401.91,0.0,0.0,0.0,0.0,0.0,0.0,19403.7,2736.1,12,0.0,0.0,0.0,0.0,0.0,0.0,0.08,422.44,1101.81,1712.45,2184.33,2479.13,2574.78,2464.33,2155.86,1672.55,1054.09,374.23,0.0,0.0,0.0,0.0,0.0,0.0,18196.1,2574.8,12,0.0,0.0,0.0,0.0,0.0,0.0,0.0,345.25,1015.57,1629.37,2111.36,2421.58,2536.66,2448.16,2162.54,1701.19,1101.56,430.98,0.3,0.0,0.0,0.0,0.0,0.0,17904.5,2536.7,12,0.0,0.0,0.0,0.0,0.0,0.0,0.0,355.38,1057.47,1701.25,2209.18,2539.62,2667.83,2584.45,2295.51,1822.42,1202.78,501.64,1.96,0.0,0.0,0.0,0.0,0.0,18939.5,2667.8,12,0.0,0.0,0.0,0.0,0.0,0.0,0.07,467.93,1207.53,1872.44,2388.75,2714.74,2826.07,2714.61,2388.45,1871.95,1206.83,466.84,0.06,0.0,0.0,0.0,0.0,0.0,20126.3,2826.1,12,0.0,0.0,0.0,0.0,0.0,0.0,14.56,609.41,1357.41,2013.85,2510.43,2807.11,2881.61,2728.49,2359.03,1801.47,1103.17,354.74,0.0,0.0,0.0,0.0,0.0,0.0,20541.3,2881.6,12,0.0,0.0,0.0,0.0,0.0,0.0,47.05,679.25,1409.18,2040.88,2511.08,2781.74,2832.39,2659.32,2275.48,1710.77,1015.12,289.2,0.0,0.0,0.0,0.0,0.0,0.0,20251.5,2832.4,12,0.0,0.0,0.0,0.0,0.0,0.0,23.42,590.84,1296.34,1918.79,2390.15,2671.15,2740.21,2592.15,2238.17,1706.06,1042.95,340.03,0.0,0.0,0.0,0.0,0.0,0.0,19550.2,2740.2,12
Iran,32.0,53.0,4,0.0,0.0,0.0,0.0,0.0,0.0,0.0,0.0,581.1,1467.15,2112.19,2556.86,2787.24,2792.08,2571.11,2135.21,1498.65,627.39,0.0,0.0,0.0,0.0,0.0,0.0,19129.0,2792.1,13,0.0,0.0,0.0,0.0,0.0,0.0,0.0,212.96,925.56,1652.31,2265.19,2705.61,2938.02,2944.7,2725.18,2296.25,1692.45,970.73,250.58,0.0,0.0,0.0,0.0,0.0,21579.5,2944.7,13,0.0,0.0,0.0,0.0,0.0,0.0,54.17,353.3,945.83,1551.56,2071.68,2449.52,2650.29,2656.77,2468.4,2101.28,1588.96,986.35,388.09,64.78,0.0,0.0,0.0,0.0,20331.0,2656.8,13,0.0,0.0,0.0,0.0,0.0,0.0,0.0,223.02,983.84,1709.81,2296.19,2694.96,2876.73,2828.48,2553.6,2071.89,1419.68,657.03,17.24,0.0,0.0,0.0,0.0,0.0,20332.5,2876.7,12,0.0,0.0,0.0,0.0,0.0,0.0,0.0,0.0,581.1,1467.15,2112.19,2556.86,2787.24,2792.08,2571.11,2135.21,1498.65,627.39,0.0,0.0,0.0,0.0,0.0,0.0,19129.0,2792.1,13,0.0,0.0,0.0,0.0,0.0,0.0,0.0,0.0,553.91,1431.37,2114.84,2600.4,2873.4,2918.03,2731.61,2325.17,1716.01,918.14,0.0,0.0,0.0,0.0,0.0,0.0,20182.9,2918.0,13,0.0,0.0,0.0,0.0,0.0,0.0,0.0,9.76,736.59,1541.73,2210.96,2698.37,2971.5,3012.08,2817.41,2400.54,1789.36,1025.04,188.92,0.0,0.0,0.0,0.0,0.0,21402.2,3012.1,13,0.0,0.0,0.0,0.0,0.0,0.0,0.0,212.96,925.56,1652.31,2265.19,2705.61,2938.02,2944.7,2725.18,2296.25,1692.45,970.73,250.58,0.0,0.0,0.0,0.0,0.0,21579.5,2944.7,13,0.0,0.0,0.0,0.0,0.0,0.0,17.66,373.31,1032.11,1688.82,2240.1,2629.61,2823.41,2805.66,2577.84,2158.79,1585.7,919.96,279.81,2.71,0.0,0.0,0.0,0.0,21135.5,2823.4,12,0.0,0.0,0.0,0.0,0.0,0.0,63.75,405.97,1021.41,1634.25,2151.31,2518.54,2703.03,2689.24,2478.34,2088.22,1554.4,934.58,331.1,42.03,0.0,0.0,0.0,0.0,20616.2,2703.0,12,0.0,0.0,0.0,0.0,0.0,0.0,54.17,353.3,945.83,1551.56,2071.68,2449.52,2650.29,2656.77,2468.4,2101.28,1588.96,986.35,388.09,64.78,0.0,0.0,0.0,0.0,20331.0,2656.8,13,0.0,0.0,0.0,0.0,0.0,0.0,11.6,297.23,903.64,1537.77,2086.05,2487.39,2704.82,2719.78,2530.98,2154.38,1624.04,996.72,374.39,30.97,0.0,0.0,0.0,0.0,20459.8,2719.8,13,0.0,0.0,0.0,0.0,0.0,0.0,0.0,266.26,935.23,1618.68,2195.77,2607.1,2817.34,2809.57,2584.35,2159.78,1572.5,884.14,224.75,0.0,0.0,0.0,0.0,0.0,20675.5,2817.3,12,0.0,0.0,0.0,0.0,0.0,0.0,0.0,223.02,983.84,1709.81,2296.19,2694.96,2876.73,2828.48,2553.6,2071.89,1419.68,657.03,17.24,0.0,0.0,0.0,0.0,0.0,20332.5,2876.7,12,0.0,0.0,0.0,0.0,0.0,0.0,0.0,64.89,901.99,1663.99,2251.0,2635.8,2796.88,2724.65,2423.44,1910.58,1212.03,359.79,0.0,0.0,0.0,0.0,0.0,0.0,18945.0,2796.9,12,0.0,0.0,0.0,0.0,0.0,0.0,0.0,0.0,742.71,1568.52,2177.34,2578.94,2759.21,2709.49,2432.29,1939.88,1242.79,299.69,0.0,0.0,0.0,0.0,0.0,0.0,18450.9,2759.2,12
Iraq,33.0,44.0,3,0.0,0.0,0.0,0.0,0.0,0.0,0.0,0.0,518.82,1320.44,1914.63,2290.54,2436.82,2347.6,2026.54,1484.48,730.91,7.07,0.0,0.0,0.0,0.0,0.0,0.0,15077.8,2436.8,12,0.0,0.0,0.0,0.0,0.0,0.0,1.9,413.54,1119.69,1792.19,2332.44,2688.32,2830.02,2746.25,2443.73,1947.43,1302.99,591.33,39.59,0.0,0.0,0.0,0.0,0.0,20249.4,2830.0,12,0.0,0.0,0.0,0.0,0.0,0.0,129.37,562.46,1147.9,1710.07,2167.96,2472.31,2594.4,2523.3,2265.32,1844.3,1303.49,713.32,202.05,7.1,0.0,0.0,0.0,0.0,19643.3,2594.4,12,0.0,0.0,0.0,0.0,0.0,0.0,0.02,410.63,1143.35,1807.31,2317.06,2628.82,2718.45,2579.22,2221.56,1673.37,983.79,260.83,0.0,0.0,0.0,0.0,0.0,0.0,18744.4,2718.5,12,0.0,0.0,0.0,0.0,0.0,0.0,0.0,0.0,518.82,1320.44,1914.63,2290.54,2436.82,2347.6,2026.54,1484.48,730.91,7.07,0.0,0.0,0.0,0.0,0.0,0.0,15077.8,2436.8,12,0.0,0.0,0.0,0.0,0.0,0.0,0.0,0.0,615.53,1413.79,2032.7,2445.73,2632.69,2583.48,2300.82,1799.63,1102.76,259.15,0.0,0.0,0.0,0.0,0.0,0.0,17186.3,2632.7,12,0.0,0.0,0.0,0.0,0.0,0.0,0.0,118.58,875.07,1618.74,2215.68,2618.87,2799.78,2745.9,2460.99,1964.96,1294.06,512.36,0.0,0.0,0.0,0.0,0.0,0.0,19225.0,2799.8,12,0.0,0.0,0.0,0.0,0.0,0.0,1.9,413.54,1119.69,1792.19,2332.44,2688.32,2830.02,2746.25,2443.73,1947.43,1302.99,591.33,39.59,0.0,0.0,0.0,0.0,0.0,20249.4,2830.0,12,0.0,0.0,0.0,0.0,0.0,0.0,88.65,589.43,1235.61,1841.83,2324.12,2633.39,2741.93,2640.5,2337.82,1861.03,1258.41,612.18,99.59,0.0,0.0,0.0,0.0,0.0,20264.5,2741.9,12,0.0,0.0,0.0,0.0,0.0,0.09,139.22,620.11,1219.91,1784.4,2235.94,2527.34,2631.61,2539.56,2259.34,1816.82,1257.77,657.23,157.26,0.74,0.0,0.0,0.0,0.0,19847.3,2631.6,12,0.0,0.0,0.0,0.0,0.0,0.0,129.37,562.46,1147.9,1710.07,2167.96,2472.31,2594.4,2523.3,2265.32,1844.3,1303.49,713.32,202.05,7.1,0.0,0.0,0.0,0.0,19643.3,2594.4,12,0.0,0.0,0.0,0.0,0.0,0.0,78.68,498.58,1104.88,1695.33,2179.58,2504.77,2640.24,2573.92,2311.61,1877.32,1315.38,699.86,174.07,0.03,0.0,0.0,0.0,0.0,19654.2,2640.2,12,0.0,0.0,0.0,0.0,0.0,0.0,20.07,464.99,1129.38,1762.11,2268.94,2598.14,2720.58,2625.93,2322.07,1835.51,1214.47,544.93,44.15,0.0,0.0,0.0,0.0,0.0,19551.3,2720.6,12,0.0,0.0,0.0,0.0,0.0,0.0,0.02,410.63,1143.35,1807.31,2317.06,2628.82,2718.45,2579.22,2221.56,1673.37,983.79,260.83,0.0,0.0,0.0,0.0,0.0,0.0,18744.4,2718.5,12,0.0,0.0,0.0,0.0,0.0,0.0,0.0,208.93,990.19,1678.86,2187.78,2485.38,2553.56,2388.13,1999.18,1410.13,661.2,10.84,0.0,0.0,0.0,0.0,0.0,0.0,16574.2,2553.6,12,0.0,0.0,0.0,0.0,0.0,0.0,0.0,11.25,718.0,1458.49,1997.92,2319.24,2409.7,2265.23,1892.22,1304.59,523.27,0.0,0.0,0.0,0.0,0.0,0.0,0.0,14899.9,2409.7,12
Ireland,53.0,-8.0,-1,0.0,0.0,0.0,0.0,0.0,0.0,0.0,0.0,33.11,720.22,1332.89,1646.87,1672.54,1411.08,852.25,107.39,0.0,0.0,0.0,0.0,0.0,0.0,0.0,0.0,7776.4,1672.5,12,0.0,0.0,0.0,0.0,0.0,0.0,150.29,725.25,1387.03,1972.46,2405.67,2643.52,2664.71,2467.46,2069.39,1509.2,854.71,242.08,0.82,0.0,0.0,0.0,0.0,0.0,19092.6,2664.7,12,0.0,0.0,0.0,0.0,40.86,141.99,379.66,929.28,1494.83,1990.4,2358.32,2561.3,2580.09,2412.93,2075.55,1601.5,1044.03,482.33,159.01,61.42,0.0,0.0,0.0,0.0,20313.5,2580.1,12,0.0,0.0,0.0,0.0,0.0,0.0,26.78,508.18,1155.17,1716.75,2112.21,2302.15,2269.76,2017.72,1568.56,969.87,327.04,0.64,0.0,0.0,0.0,0.0,0.0,0.0,14974.8,2302.1,11,0.0,0.0,0.0,0.0,0.0,0.0,0.0,0.0,33.11,720.22,1332.89,1646.87,1672.54,1411.08,852.25,107.39,0.0,0.0,0.0,0.0,0.0,0.0,0.0,0.0,7776.4,1672.5,12,0.0,0.0,0.0,0.0,0.0,0.0,0.0,0.0,264.74,1021.81,1593.3,1916.55,1983.86,1793.73,1350.79,671.37,21.98,0.0,0.0,0.0,0.0,0.0,0.0,0.0,10618.1,1983.9,12,0.0,0.0,0.0,0.0,0.0,0.0,0.0,184.94,891.23,1557.01,2055.27,2343.16,2399.7,2220.96,1819.9,1227.79,511.88,5.64,0.0,0.0,0.0,0.0,0.0,0.0,15217.5,2399.7,12,0.0,0.0,0.0,0.0,0.0,0.0,150.29,725.25,1387.03,1972.46,2405.67,2643.52,2664.71,2467.46,2069.39,1509.2,854.71,242.08,0.82,0.0,0.0,0.0,0.0,0.0,19092.6,2664.7,12,0.0,0.0,0.0,0.0,0.0,78.22,373.2,975.69,1593.14,2124.67,2509.06,2708.68,2705.34,2499.4,2109.74,1574.71,956.44,357.28,76.36,0.0,0.0,0.0,0.0,0.0,20641.9,2708.7,11,0.0,0.0,0.0,0.0,41.73,138.69,425.89,999.84,1576.97,2073.58,2434.01,2622.81,2622.53,2433.21,2072.41,1575.65,998.63,425.02,139.03,42.36,0.0,0.0,0.0,0.0,20622.4,2622.8,11,0.0,0.0,0.0,0.0,40.86,141.99,379.66,929.28,1494.83,1990.4,2358.32,2561.3,2580.09,2412.93,2075.55,1601.5,1044.03,482.33,159.01,61.42,0.0,0.0,0.0,0.0,20313.5,2580.1,12,0.0,0.0,0.0,0.0,0.52,90.48,311.74,842.31,1416.12,1928.7,2314.19,2531.14,2558.1,2392.44,2050.25,1567.15,1001.44,444.68,121.59,9.44,0.0,0.0,0.0,0.0,19580.3,2558.1,12,0.0,0.0,0.0,0.0,0.0,4.01,209.13,735.87,1335.97,1870.67,2265.13,2475.9,2482.04,2282.91,1898.05,1369.35,769.24,231.56,6.13,0.0,0.0,0.0,0.0,0.0,17935.9,2482.0,12,0.0,0.0,0.0,0.0,0.0,0.0,26.78,508.18,1155.17,1716.75,2112.21,2302.15,2269.76,2017.72,1568.56,969.87,327.04,0.64,0.0,0.0,0.0,0.0,0.0,0.0,14974.8,2302.1,11,0.0,0.0,0.0,0.0,0.0,0.0,0.0,89.24,780.91,1419.46,1843.66,2029.84,1969.55,1665.35,1131.09,415.75,0.0,0.0,0.0,0.0,0.0,0.0,0.0,0.0,11344.9,2029.8,11,0.0,0.0,0.0,0.0,0.0,0.0,0.0,0.0,254.8,1039.04,1564.83,1802.35,1761.04,1439.3,824.54,66.56,0.0,0.0,0.0,0.0,0.0,0.0,0.0,0.0,8752.5,1802.3,11
Israel,31.5,34.8,2,0.0,0.0,0.0,0.0,0.0,0.0,0.0,31.92,712.52,1408.03,1912.09,2198.43,2253.59,2074.9,1670.94,1060.57,302.08,0.0,0.0,0.0,0.0,0.0,0.0,0.0,13625.1,2253.6,12,0.0,0.0,0.0,0.0,0.0,0.0,77.29,681.78,1394.98,2025.47,2499.73,2775.49,2830.37,2660.06,2278.2,1717.06,1032.17,333.2,0.0,0.0,0.0,0.0,0.0,0.0,20305.8,2830.4,12,0.0,0.0,0.0,0.0,0.0,14.58,246.19,786.84,1383.81,1918.17,2324.35,2562.18,2610.22,2464.29,2137.21,1659.57,1082.9,493.55,99.51,0.0,0.0,0.0,0.0,0.0,19783.4,2610.2,12,0.0,0.0,0.0,0.0,0.0,0.0,47.5,655.35,1366.66,1972.84,2407.58,2634.28,2635.24,2410.36,1977.09,1371.73,659.99,48.75,0.0,0.0,0.0,0.0,0.0,0.0,18187.4,2635.2,12,0.0,0.0,0.0,0.0,0.0,0.0,0.0,31.92,712.52,1408.03,1912.09,2198.43,2253.59,2074.9,1670.94,1060.57,302.08,0.0,0.0,0.0,0.0,0.0,0.0,0.0,13625.1,2253.6,12,0.0,0.0,0.0,0.0,0.0,0.0,0.0,80.93,827.27,1542.39,2079.33,2405.13,2500.92,2361.05,1993.78,1420.42,678.87,15.78,0.0,0.0,0.0,0.0,0.0,0.0,15905.9,2500.9,12,0.0,0.0,0.0,0.0,0.0,0.0,0.0,378.16,1156.52,1847.2,2371.97,2690.94,2781.45,2637.18,2268.3,1701.32,981.28,214.59,0.0,0.0,0.0,0.0,0.0,0.0,19028.9,2781.4,12,0.0,0.0,0.0,0.0,0.0,0.0,77.29,681.78,1394.98,2025.47,2499.73,2775.49,2830.37,2660.06,2278.2,1717.06,1032.17,333.2,0.0,0.0,0.0,0.0,0.0,0.0,20305.8,2830.4,12,0.0,0.0,0.0,0.0,0.0,0.22,237.99,833.77,1480.83,2048.29,2469.16,2703.5,2731.0,2549.37,2174.26,1640.24,1005.75,377.04,18.97,0.0,0.0,0.0,0.0,0.0,20270.4,2731.0,12,0.0,0.0,0.0,0.0,0.0,22.44,287.31,851.12,1455.67,1987.64,2384.02,2606.42,2635.07,2467.51,2118.48,1620.74,1028.94,436.36,74.35,0.0,0.0,0.0,0.0,0.0,19976.1,2635.1,12,0.0,0.0,0.0,0.0,0.0,14.58,246.19,786.84,1383.81,1918.17,2324.35,2562.18,2610.22,2464.29,2137.21,1659.57,1082.9,493.55,99.51,0.0,0.0,0.0,0.0,0.0,19783.4,2610.2,12,0.0,0.0,0.0,0.0,0.0,0.04,187.36,729.56,1351.33,1913.16,2343.4,2599.13,2657.3,2512.83,2178.34,1684.87,1085.73,473.2,63.03,0.0,0.0,0.0,0.0,0.0,19779.3,2657.3,12,0.0,0.0,0.0,0.0,0.0,0.0,127.64,708.34,1376.56,1968.58,2411.44,2663.05,2701.74,2524.25,2145.53,1599.81,946.48,301.93,0.13,0.0,0.0,0.0,0.0,0.0,19475.5,2701.7,12,0.0,0.0,0.0,0.0,0.0,0.0,47.5,655.35,1366.66,1972.84,2407.58,2634.28,2635.24,2410.36,1977.09,1371.73,659.99,48.75,0.0,0.0,0.0,0.0,0.0,0.0,18187.4,2635.2,12,0.0,0.0,0.0,0.0,0.0,0.0,0.11,476.95,1227.03,1844.3,2271.71,2480.96,2458.62,2206.11,1739.58,1090.38,331.35,0.0,0.0,0.0,0.0,0.0,0.0,0.0,16127.1,2481.0,11,0.0,0.0,0.0,0.0,0.0,0.0,0.0,187.65,954.16,1605.59,2058.01,2289.7,2289.26,2056.71,1603.45,951.18,184.64,0.0,0.0,0.0,0.0,0.0,0.0,0.0,14180.4,2289.7,11
Italy,43.0,12.5,1,0.0,0.0,0.0,0.0,0.0,0.0,0.0,0.0,76.81,928.29,1614.89,2044.53,2225.07,2155.63,1836.85,1266.93,436.97,0.0,0.0,0.0,0.0,0.0,0.0,0.0,12586.0,2225.1,12,0.0,0.0,0.0,0.0,0.0,0.0,1.18,323.63,978.97,1637.39,2181.3,2550.91,2712.43,2652.07,2375.01,1905.71,1290.73,613.21,74.11,0.0,0.0,0.0,0.0,0.0,19296.7,2712.4,12,0.0,0.0,0.0,0.0,0.0,15.37,153.41,545.7,1117.45,1675.12,2137.8,2454.12,2593.2,2542.21,2305.79,1906.25,1384.83,806.74,278.94,78.99,0.0,0.0,0.0,0.0,19995.9,2593.2,12,0.0,0.0,0.0,0.0,0.0,0.0,0.0,290.63,1005.75,1678.99,2205.87,2538.59,2650.85,2534.11,2197.14,1666.45,990.1,274.98,0.0,0.0,0.0,0.0,0.0,0.0,18033.5,2650.9,12,0.0,0.0,0.0,0.0,0.0,0.0,0.0,0.0,76.81,928.29,1614.89,2044.53,2225.07,2155.63,1836.85,1266.93,436.97,0.0,0.0,0.0,0.0,0.0,0.0,0.0,12586.0,2225.1,12,0.0,0.0,0.0,0.0,0.0,0.0,0.0,0.0,235.22,1083.47,1757.21,2209.07,2426.17,2400.07,2131.9,1631.85,913.36,87.73,0.0,0.0,0.0,0.0,0.0,0.0,14876.1,2426.2,12,0.0,0.0,0.0,0.0,0.0,0.0,0.0,12.65,599.64,1338.6,1950.28,2374.08,2578.12,2547.88,2285.56,1810.13,1158.9,410.01,0.0,0.0,0.0,0.0,0.0,0.0,17065.8,2578.1,12,0.0,0.0,0.0,0.0,0.0,0.0,1.18,323.63,978.97,1637.39,2181.3,2550.91,2712.43,2652.07,2375.01,1905.71,1290.73,613.21,74.11,0.0,0.0,0.0,0.0,0.0,19296.7,2712.4,12,0.0,0.0,0.0,0.0,0.0,0.0,101.05,554.91,1182.16,1784.5,2273.78,2597.46,2725.19,2645.66,2365.95,1911.91,1330.34,698.53,163.8,2.42,0.0,0.0,0.0,0.0,20337.7,2725.2,12,0.0,0.0,0.0,0.0,0.0,18.0,160.55,594.5,1173.4,1729.73,2184.25,2486.94,2608.35,2537.27,2280.27,1861.92,1326.39,743.61,230.67,54.53,0.0,0.0,0.0,0.0,19990.4,2608.3,12,0.0,0.0,0.0,0.0,0.0,15.37,153.41,545.7,1117.45,1675.12,2137.8,2454.12,2593.2,2542.21,2305.79,1906.25,1384.83,806.74,278.94,78.99,0.0,0.0,0.0,0.0,19995.9,2593.2,12,0.0,0.0,0.0,0.0,0.0,0.0,100.23,491.98,1102.85,1701.85,2199.6,2542.16,2697.28,2651.18,2407.85,1989.24,1436.72,817.43,250.77,33.45,0.0,0.0,0.0,0.0,20422.6,2697.3,12,0.0,0.0,0.0,0.0,0.0,0.0,25.32,433.85,1087.12,1723.56,2242.8,2589.76,2732.95,2660.08,2377.28,1909.44,1302.81,637.81,97.14,0.0,0.0,0.0,0.0,0.0,19819.9,2733.0,12,0.0,0.0,0.0,0.0,0.0,0.0,0.0,290.63,1005.75,1678.99,2205.87,2538.59,2650.85,2534.11,2197.14,1666.45,990.1,274.98,0.0,0.0,0.0,0.0,0.0,0.0,18033.5,2650.9,12,0.0,0.0,0.0,0.0,0.0,0.0,0.0,27.98,755.19,1494.17,2040.3,2368.06,2461.55,2315.92,1938.54,1347.05,571.64,0.42,0.0,0.0,0.0,0.0,0.0,0.0,15320.8,2461.6,12,0.0,0.0,0.0,0.0,0.0,0.0,0.0,0.0,310.29,1156.86,1767.98,2133.67,2253.73,2126.22,1753.11,1134.14,282.98,0.0,0.0,0.0,0.0,0.0,0.0,0.0,12919.0,2253.7,12
Ivory Coast,7.5,-6.0,0,0.0,0.0,0.0,0.0,0.0,0.0,0.0,47.23,679.07,1379.05,1961.4,2372.14,2580.16,2570.44,2343.66,1916.22,1320.74,614.64,21.91,0.0,0.0,0.0,0.0,0.0,17806.7,2580.2,12,0.0,0.0,0.0,0.0,0.0,0.0,0.0,130.89,789.08,1490.51,2083.11,2504.76,2719.7,2710.96,2479.23,2042.92,1439.43,733.92,95.65,0.0,0.0,0.0,0.0,0.0,19220.1,2719.7,12,0.0,0.0,0.0,0.0,0.0,0.0,0.0,174.69,753.59,1363.94,1883.45,2254.96,2445.28,2438.65,2235.6,1852.98,1325.23,711.75,144.09,0.0,0.0,0.0,0.0,0.0,17584.2,2445.3,12,0.0,0.0,0.0,0.0,0.0,0.0,0.0,233.46,937.26,1627.69,2187.97,2565.09,2728.62,2666.01,2382.01,1898.89,1258.19,535.61,8.44,0.0,0.0,0.0,0.0,0.0,19029.2,2728.6,12,0.0,0.0,0.0,0.0,0.0,0.0,0.0,47.23,679.07,1379.05,1961.4,2372.14,2580.16,2570.44,2343.66,1916.22,1320.74,614.64,21.91,0.0,0.0,0.0,0.0,0.0,17806.7,2580.2,12,0.0,0.0,0.0,0.0,0.0,0.0,0.0,16.72,607.22,1336.79,1960.98,2416.66,2668.03,2696.53,2500.07,2093.02,1506.58,794.29,106.01,0.0,0.0,0.0,0.0,0.0,18702.9,2696.5,13,0.0,0.0,0.0,0.0,0.0,0.0,0.0,39.67,660.39,1392.63,2021.7,2480.77,2731.94,2755.95,2550.99,2132.65,1534.69,815.62,126.79,0.0,0.0,0.0,0.0,0.0,19243.8,2756.0,13,0.0,0.0,0.0,0.0,0.0,0.0,0.0,130.89,789.08,1490.51,2083.11,2504.76,2719.7,2710.96,2479.23,2042.92,1439.43,733.92,95.65,0.0,0.0,0.0,0.0,0.0,19220.1,2719.7,12,0.0,0.0,0.0,0.0,0.0,0.0,0.0,216.87,856.54,1507.59,2050.15,2427.73,2607.72,2575.59,2333.93,1902.59,1320.3,654.67,77.79,0.0,0.0,0.0,0.0,0.0,18531.5,2607.7,12,0.0,0.0,0.0,0.0,0.0,0.0,0.0,218.33,814.47,1425.1,1936.92,2294.98,2467.53,2440.31,2215.55,1812.09,1267.0,644.7,97.31,0.0,0.0,0.0,0.0,0.0,17634.3,2467.5,12,0.0,0.0,0.0,0.0,0.0,0.0,0.0,174.69,753.59,1363.94,1883.45,2254.96,2445.28,2438.65,2235.6,1852.98,1325.23,711.75,144.09,0.0,0.0,0.0,0.0,0.0,17584.2,2445.3,12,0.0,0.0,0.0,0.0,0.0,0.0,0.0,154.7,764.05,1410.19,1960.66,2356.57,2563.51,2564.77,2360.21,1966.3,1417.16,771.28,159.55,0.0,0.0,0.0,0.0,0.0,18449.0,2564.8,13,0.0,0.0,0.0,0.0,0.0,0.0,0.0,181.16,844.6,1525.63,2094.5,2493.68,2689.7,2667.11,2427.64,1990.25,1392.44,699.24,82.11,0.0,0.0,0.0,0.0,0.0,19088.1,2689.7,12,0.0,0.0,0.0,0.0,0.0,0.0,0.0,233.46,937.26,1627.69,2187.97,2565.09,2728.62,2666.01,2382.01,1898.89,1258.19,535.61,8.44,0.0,0.0,0.0,0.0,0.0,19029.2,2728.6,12,0.0,0.0,0.0,0.0,0.0,0.0,0.0,253.46,971.83,1654.54,2197.21,2552.4,2692.88,2608.3,2304.91,1805.66,1152.03,423.51,0.05,0.0,0.0,0.0,0.0,0.0,18616.8,2692.9,12,0.0,0.0,0.0,0.0,0.0,0.0,0.0,158.93,850.07,1529.22,2075.25,2440.74,2598.26,2536.43,2259.73,1788.47,1160.07,445.29,0.22,0.0,0.0,0.0,0.0,0.0,17842.7,2598.3,12
Jamaica,18.0,-77.5,-5,0.0,0.0,0.0,0.0,0.0,0.0,0.0,60.15,824.41,1553.79,2122.88,2499.75,2662.09,2599.94,2317.13,1830.73,1168.57,375.62,0.0,0.0,0.0,0.0,0.0,0.0,18015.1,2662.1,12,0.0,0.0,0.0,0.0,0.0,0.0,0.0,370.48,1112.03,1812.56,2377.62,2757.5,2922.51,2860.25,2575.42,2089.82,1443.35,702.95,59.35,0.0,0.0,0.0,0.0,0.0,21083.8,2922.5,12,0.0,0.0,0.0,0.0,0.0,0.0,28.81,446.28,1075.78,1678.81,2170.73,2503.74,2649.54,2596.38,2348.49,1926.27,1367.62,735.52,164.36,0.0,0.0,0.0,0.0,0.0,19692.3,2649.5,12,0.0,0.0,0.0,0.0,0.0,0.0,0.0,439.55,1196.3,1878.41,2407.45,2740.5,2852.67,2735.8,2398.38,1865.58,1180.7,423.43,0.0,0.0,0.0,0.0,0.0,0.0,20118.8,2852.7,12,0.0,0.0,0.0,0.0,0.0,0.0,0.0,60.15,824.41,1553.79,2122.88,2499.75,2662.09,2599.94,2317.13,1830.73,1168.57,375.62,0.0,0.0,0.0,0.0,0.0,0.0,18015.1,2662.1,12,0.0,0.0,0.0,0.0,0.0,0.0,0.0,47.54,801.42,1558.86,2168.13,2588.65,2793.22,2768.48,2516.03,2052.32,1407.32,626.22,1.33,0.0,0.0,0.0,0.0,0.0,19329.5,2793.2,12,0.0,0.0,0.0,0.0,0.0,0.0,0.0,170.01,946.93,1695.73,2304.5,2725.1,2927.29,2896.83,2635.86,2162.83,1512.24,739.17,35.54,0.0,0.0,0.0,0.0,0.0,20752.0,2927.3,12,0.0,0.0,0.0,0.0,0.0,0.0,0.0,370.48,1112.03,1812.56,2377.62,2757.5,2922.51,2860.25,2575.42,2089.82,1443.35,702.95,59.35,0.0,0.0,0.0,0.0,0.0,21083.8,2922.5,12,0.0,0.0,0.0,0.0,0.0,0.0,17.1,488.75,1169.87,1808.22,2318.71,2653.57,2785.09,2702.91,2413.52,1940.59,1326.69,644.46,76.01,0.0,0.0,0.0,0.0,0.0,20345.5,2785.1,12,0.0,0.0,0.0,0.0,0.0,0.0,42.54,497.84,1132.17,1730.72,2212.13,2529.84,2656.77,2582.64,2313.46,1871.78,1298.45,662.21,117.24,0.0,0.0,0.0,0.0,0.0,19647.8,2656.8,12,0.0,0.0,0.0,0.0,0.0,0.0,28.81,446.28,1075.78,1678.81,2170.73,2503.74,2649.54,2596.38,2348.49,1926.27,1367.62,735.52,164.36,0.0,0.0,0.0,0.0,0.0,19692.3,2649.5,12,0.0,0.0,0.0,0.0,0.0,0.0,5.72,402.16,1058.46,1692.34,2211.73,2566.3,2726.24,2678.76,2427.58,1993.03,1413.38,752.64,152.83,0.0,0.0,0.0,0.0,0.0,20081.2,2726.2,12,0.0,0.0,0.0,0.0,0.0,0.0,0.31,410.76,1119.16,1786.79,2322.74,2678.07,2824.13,2749.59,2460.17,1978.68,1346.63,635.26,47.03,0.0,0.0,0.0,0.0,0.0,20359.3,2824.1,12,0.0,0.0,0.0,0.0,0.0,0.0,0.0,439.55,1196.3,1878.41,2407.45,2740.5,2852.67,2735.8,2398.38,1865.58,1180.7,423.43,0.0,0.0,0.0,0.0,0.0,0.0,20118.8,2852.7,12,0.0,0.0,0.0,0.0,0.0,0.0,0.0,383.42,1163.38,1843.59,2358.02,2670.69,2760.43,2621.21,2262.41,1708.4,998.69,221.61,0.0,0.0,0.0,0.0,0.0,0.0,18991.8,2760.4,12,0.0,0.0,0.0,0.0,0.0,0.0,0.0,211.58,999.8,1692.26,2218.07,2545.82,2655.41,2540.02,2206.86,1676.35,980.14,193.0,0.0,0.0,0.0,0.0,0.0,0.0,17919.3,2655.4,12
Japan,36.0,138.0,9,0.0,0.0,0.0,0.0,0.0,0.0,0.0,34.32,1041.72,1808.65,2338.44,2645.65,2726.78,2578.26,2206.38,1609.94,758.63,0.0,0.0,0.0,0.0,0.0,0.0,0.0,17748.8,2726.8,12,0.0,0.0,0.0,0.0,0.0,0.0,59.01,702.51,1453.77,2112.65,2617.3,2922.97,3006.29,2861.05,2498.19,1945.93,1251.68,499.41,5.53,0.0,0.0,0.0,0.0,0.0,21936.3,3006.3,12,0.0,0.0,0.0,0.0,0.0,22.08,213.39,734.58,1327.41,1867.17,2287.94,2545.58,2616.33,2493.92,2189.25,1730.91,1167.72,578.96,140.14,1.0,0.0,0.0,0.0,0.0,19916.4,2616.3,12,0.0,0.0,0.0,0.0,0.0,0.0,22.3,621.57,1357.17,1993.89,2456.38,2711.69,2740.66,2541.09,2127.81,1533.04,812.24,116.13,0.0,0.0,0.0,0.0,0.0,0.0,19033.9,2740.7,12,0.0,0.0,0.0,0.0,0.0,0.0,0.0,34.32,1041.72,1808.65,2338.44,2645.65,2726.78,2578.26,2206.38,1609.94,758.63,0.0,0.0,0.0,0.0,0.0,0.0,0.0,17748.8,2726.8,12,0.0,0.0,0.0,0.0,0.0,0.0,0.0,151.53,1147.67,1897.51,2454.15,2802.5,2924.8,2814.11,2476.72,1930.05,1190.86,205.11,0.0,0.0,0.0,0.0,0.0,0.0,19995.0,2924.8,12,0.0,0.0,0.0,0.0,0.0,0.0,0.0,465.47,1313.04,2032.52,2583.39,2928.42,3046.94,2931.03,2588.45,2039.88,1317.56,473.29,0.0,0.0,0.0,0.0,0.0,0.0,21720.0,3046.9,12,0.0,0.0,0.0,0.0,0.0,0.0,59.01,702.51,1453.77,2112.65,2617.3,2922.97,3006.29,2861.05,2498.19,1945.93,1251.68,499.41,5.53,0.0,0.0,0.0,0.0,0.0,21936.3,3006.3,12,0.0,0.0,0.0,0.0,0.0,0.47,202.17,812.31,1480.74,2067.59,2513.76,2774.54,2827.92,2669.58,2312.66,1788.39,1149.35,486.75,58.11,0.0,0.0,0.0,0.0,0.0,21144.3,2827.9,12,0.0,0.0,0.0,0.0,0.0,30.47,248.8,806.08,1415.92,1960.45,2375.52,2620.08,2672.3,2527.7,2198.92,1716.31,1130.79,526.14,115.47,0.0,0.0,0.0,0.0,0.0,20345.0,2672.3,12,0.0,0.0,0.0,0.0,0.0,22.08,213.39,734.58,1327.41,1867.17,2287.94,2545.58,2616.33,2493.92,2189.25,1730.91,1167.72,578.96,140.14,1.0,0.0,0.0,0.0,0.0,19916.4,2616.3,12,0.0,0.0,0.0,0.0,0.0,0.15,157.91,669.58,1282.66,1850.67,2295.58,2571.81,2653.79,2534.21,2223.66,1751.25,1167.65,558.05,106.18,0.0,0.0,0.0,0.0,0.0,19823.2,2653.8,12,0.0,0.0,0.0,0.0,0.0,0.0,97.68,650.33,1319.68,1927.46,2390.99,2667.3,2732.38,2580.74,2225.12,1697.29,1052.67,394.83,8.49,0.0,0.0,0.0,0.0,0.0,19745.0,2732.4,12,0.0,0.0,0.0,0.0,0.0,0.0,22.3,621.57,1357.17,1993.89,2456.38,2711.69,2740.66,2541.09,2127.81,1533.04,812.24,116.13,0.0,0.0,0.0,0.0,0.0,0.0,19033.9,2740.7,12,0.0,0.0,0.0,0.0,0.0,0.0,0.0,502.99,1329.21,1993.66,2453.0,2692.22,2698.0,2469.99,2020.87,1372.77,551.06,0.0,0.0,0.0,0.0,0.0,0.0,0.0,18083.8,2698.0,12,0.0,0.0,0.0,0.0,0.0,0.0,0.0,221.21,1190.9,1899.18,2382.01,2641.58,2668.89,2462.78,2030.98,1380.17,470.15,0.0,0.0,0.0,0.0,0.0,0.0,0.0,17347.8,2668.9,12
Jordan,31.0,36.5,2,0.0,0.0,0.0,0.0,0.0,0.0,0.0,103.62,870.16,1550.51,2030.9,2291.24,2319.77,2115.14,1686.79,1052.63,268.54,0.0,0.0,0.0,0.0,0.0,0.0,0.0,14289.3,2319.8,12,0.0,0.0,0.0,0.0,0.0,0.0,115.66,738.98,1441.6,2053.86,2505.55,2756.24,2785.4,2590.73,2188.09,1612.51,924.4,250.04,0.0,0.0,0.0,0.0,0.0,0.0,19963.1,2785.4,12,0.0,0.0,0.0,0.0,0.0,27.47,295.63,850.56,1444.39,1966.69,2355.32,2572.33,2598.28,2430.89,2084.96,1593.24,1010.29,429.0,75.29,0.0,0.0,0.0,0.0,0.0,19734.3,2598.3,12,0.0,0.0,0.0,0.0,0.0,0.0,90.66,737.17,1441.27,2030.28,2442.73,2644.34,2619.4,2369.8,1915.02,1293.85,577.84,19.39,0.0,0.0,0.0,0.0,0.0,0.0,18181.7,2644.3,11,0.0,0.0,0.0,0.0,0.0,0.0,0.0,103.62,870.16,1550.51,2030.9,2291.24,2319.77,2115.14,1686.79,1052.63,268.54,0.0,0.0,0.0,0.0,0.0,0.0,0.0,14289.3,2319.8,12,0.0,0.0,0.0,0.0,0.0,0.0,0.0,161.06,942.5,1640.22,2154.24,2454.45,2523.49,2357.29,1965.64,1371.07,613.46,3.54,0.0,0.0,0.0,0.0,0.0,0.0,16187.0,2523.5,12,0.0,0.0,0.0,0.0,0.0,0.0,0.0,453.1,1223.82,1896.39,2398.59,2692.11,2755.95,2585.63,2193.26,1607.54,877.43,137.02,0.0,0.0,0.0,0.0,0.0,0.0,18820.8,2755.9,12,0.0,0.0,0.0,0.0,0.0,0.0,115.66,738.98,1441.6,2053.86,2505.55,2756.24,2785.4,2590.73,2188.09,1612.51,924.4,250.04,0.0,0.0,0.0,0.0,0.0,0.0,19963.1,2785.4,12,0.0,0.0,0.0,0.0,0.0,1.79,278.88,870.09,1500.07,2046.31,2443.56,2653.3,2656.86,2453.99,2062.78,1521.11,893.08,297.78,3.65,0.0,0.0,0.0,0.0,0.0,19683.3,2656.9,12,0.0,0.0,0.0,0.0,0.0,35.42,336.79,902.66,1496.35,2011.45,2387.35,2587.39,2593.57,2405.39,2039.74,1532.07,941.15,368.96,47.52,0.0,0.0,0.0,0.0,0.0,19685.8,2593.6,12,0.0,0.0,0.0,0.0,0.0,27.47,295.63,850.56,1444.39,1966.69,2355.32,2572.33,2598.28,2430.89,2084.96,1593.24,1010.29,429.0,75.29,0.0,0.0,0.0,0.0,0.0,19734.3,2598.3,12,0.0,0.0,0.0,0.0,0.0,1.01,233.41,793.35,1411.92,1960.95,2372.71,2606.65,2641.75,2474.94,2120.86,1612.91,1007.71,405.27,37.89,0.0,0.0,0.0,0.0,0.0,19681.3,2641.8,12,0.0,0.0,0.0,0.0,0.0,0.0,175.74,781.41,1446.25,2024.21,2447.06,2675.27,2689.29,2487.92,2088.21,1526.78,866.91,237.83,0.0,0.0,0.0,0.0,0.0,0.0,19446.9,2689.3,12,0.0,0.0,0.0,0.0,0.0,0.0,90.66,737.17,1441.27,2030.28,2442.73,2644.34,2619.4,2369.8,1915.02,1293.85,577.84,19.39,0.0,0.0,0.0,0.0,0.0,0.0,18181.7,2644.3,11,0.0,0.0,0.0,0.0,0.0,0.0,3.62,561.1,1297.94,1894.03,2297.11,2480.25,2431.55,2154.13,1666.04,1001.44,249.88,0.0,0.0,0.0,0.0,0.0,0.0,0.0,16037.1,2480.3,11,0.0,0.0,0.0,0.0,0.0,0.0,0.0,290.44,1064.47,1694.07,2121.64,2327.05,2300.12,2042.21,1565.92,893.89,130.55,0.0,0.0,0.0,0.0,0.0,0.0,0.0,14430.4,2327.1,11
Kazakhstan,48.0,67.0,4,0.0,0.0,0.0,0.0,0.0,0.0,0.0,0.0,755.6,1657.94,2194.12,2463.46,2485.16,2259.51,1774.16,952.45,0.0,0.0,0.0,0.0,0.0,0.0,0.0,0.0,14542.4,2485.2,12,0.0,0.0,0.0,0.0,0.0,0.0,179.28,837.02,1545.01,2155.79,2602.92,2847.3,2869.15,2666.79,2256.57,1673.75,978.09,289.9,0.11,0.0,0.0,0.0,0.0,0.0,20901.7,2869.1,12,0.0,0.0,0.0,0.0,4.68,130.07,367.36,854.31,1381.05,1852.9,2206.97,2403.28,2421.36,2259.39,1934.05,1481.28,958.97,454.43,158.58,17.85,0.0,0.0,0.0,0.0,18886.6,2421.4,12,0.0,0.0,0.0,0.0,0.0,0.0,53.37,629.63,1312.45,1889.79,2292.98,2486.2,2453.71,2198.03,1740.11,1122.46,432.17,2.88,0.0,0.0,0.0,0.0,0.0,0.0,16613.8,2486.2,11,0.0,0.0,0.0,0.0,0.0,0.0,0.0,0.0,755.6,1657.94,2194.12,2463.46,2485.16,2259.51,1774.16,952.45,0.0,0.0,0.0,0.0,0.0,0.0,0.0,0.0,14542.4,2485.2,12,0.0,0.0,0.0,0.0,0.0,0.0,0.0,0.0,1048.95,1842.61,2373.12,2673.0,2735.32,2557.86,2146.44,1498.41,542.65,0.0,0.0,0.0,0.0,0.0,0.0,0.0,17418.4,2735.3,12,0.0,0.0,0.0,0.0,0.0,0.0,0.0,597.96,1441.03,2125.31,2625.62,2912.97,2969.21,2790.76,2389.07,1789.16,1018.47,148.6,0.0,0.0,0.0,0.0,0.0,0.0,20808.2,2969.2,12,0.0,0.0,0.0,0.0,0.0,0.0,179.28,837.02,1545.01,2155.79,2602.92,2847.3,2869.15,2666.79,2256.57,1673.75,978.09,289.9,0.11,0.0,0.0,0.0,0.0,0.0,20901.7,2869.1,12,0.0,0.0,0.0,0.0,0.0,60.03,344.47,904.19,1499.13,2018.39,2396.23,2593.04,2589.84,2387.0,2004.18,1481.81,886.6,331.1,57.15,0.0,0.0,0.0,0.0,0.0,19553.2,2593.0,11,0.0,0.0,0.0,0.0,5.56,134.68,404.51,911.99,1448.45,1920.4,2266.66,2448.93,2448.57,2265.63,1918.9,1446.75,910.47,403.53,134.97,5.76,0.0,0.0,0.0,0.0,19075.8,2448.9,11,0.0,0.0,0.0,0.0,4.68,130.07,367.36,854.31,1381.05,1852.9,2206.97,2403.28,2421.36,2259.39,1934.05,1481.28,958.97,454.43,158.58,17.85,0.0,0.0,0.0,0.0,18886.6,2421.4,12,0.0,0.0,0.0,0.0,0.0,61.32,292.0,783.36,1334.79,1834.64,2213.07,2426.71,2453.33,2290.18,1953.93,1481.74,935.13,411.97,103.8,0.12,0.0,0.0,0.0,0.0,18576.1,2453.3,12,0.0,0.0,0.0,0.0,0.0,0.75,201.37,737.79,1347.86,1889.63,2288.55,2501.61,2508.09,2307.32,1918.62,1383.35,773.5,225.3,1.74,0.0,0.0,0.0,0.0,0.0,18085.5,2508.1,12,0.0,0.0,0.0,0.0,0.0,0.0,53.37,629.63,1312.45,1889.79,2292.98,2486.2,2453.71,2198.03,1740.11,1122.46,432.17,2.88,0.0,0.0,0.0,0.0,0.0,0.0,16613.8,2486.2,11,0.0,0.0,0.0,0.0,0.0,0.0,0.0,385.98,1224.85,1865.15,2283.44,2466.83,2407.76,2108.67,1580.47,835.18,38.45,0.0,0.0,0.0,0.0,0.0,0.0,0.0,15196.8,2466.8,11,0.0,0.0,0.0,0.0,0.0,0.0,0.0,0.0,1030.31,1798.35,2266.83,2480.21,2442.76,2154.17,1604.71,717.55,0.0,0.0,0.0,0.0,0.0,0.0,0.0,0.0,14494.9,2480.2,11
Kenya,1.0,38.0,3,0.0,0.0,0.0,0.0,0.0,0.0,0.0,106.4,770.99,1467.86,2053.34,2472.6,2692.77,2697.46,2486.31,2075.01,1495.67,801.79,127.64,0.0,0.0,0.0,0.0,0.0,19247.9,2697.5,13,0.0,0.0,0.0,0.0,0.0,0.0,0.0,117.59,811.47,1539.11,2151.97,2591.78,2823.64,2830.14,2610.82,2182.13,1577.94,854.69,148.47,0.0,0.0,0.0,0.0,0.0,20239.7,2830.1,13,0.0,0.0,0.0,0.0,0.0,0.0,0.0,112.56,727.05,1372.88,1918.12,2310.05,2517.24,2523.96,2329.71,1949.16,1412.67,771.0,144.14,0.0,0.0,0.0,0.0,0.0,18088.5,2524.0,13,0.0,0.0,0.0,0.0,0.0,0.0,0.0,254.34,987.81,1696.23,2272.45,2665.51,2844.95,2797.41,2526.42,2052.39,1413.42,674.06,38.75,0.0,0.0,0.0,0.0,0.0,20223.7,2844.9,12,0.0,0.0,0.0,0.0,0.0,0.0,0.0,106.4,770.99,1467.86,2053.34,2472.6,2692.77,2697.46,2486.31,2075.01,1495.67,801.79,127.64,0.0,0.0,0.0,0.0,0.0,19247.9,2697.5,13,0.0,0.0,0.0,0.0,0.0,0.0,0.0,45.03,692.36,1427.46,2058.83,2525.23,2789.96,2833.33,2652.13,2259.69,1685.91,980.37,247.35,0.0,0.0,0.0,0.0,0.0,20197.7,2833.3,13,0.0,0.0,0.0,0.0,0.0,0.0,0.0,55.35,726.22,1477.57,2121.61,2595.8,2862.64,2902.22,2711.63,2304.94,1713.4,988.81,241.46,0.0,0.0,0.0,0.0,0.0,20701.7,2902.2,13,0.0,0.0,0.0,0.0,0.0,0.0,0.0,117.59,811.47,1539.11,2151.97,2591.78,2823.64,2830.14,2610.82,2182.13,1577.94,854.69,148.47,0.0,0.0,0.0,0.0,0.0,20239.7,2830.1,13,0.0,0.0,0.0,0.0,0.0,0.0,0.0,172.01,847.32,1528.59,2094.16,2491.12,2687.96,2669.84,2438.13,2010.45,1421.33,728.98,88.87,0.0,0.0,0.0,0.0,0.0,19178.8,2688.0,12,0.0,0.0,0.0,0.0,0.0,0.0,0.0,158.56,793.61,1438.67,1975.82,2354.16,2543.43,2529.29,2312.81,1910.5,1354.99,701.36,93.46,0.0,0.0,0.0,0.0,0.0,18166.7,2543.4,12,0.0,0.0,0.0,0.0,0.0,0.0,0.0,112.56,727.05,1372.88,1918.12,2310.05,2517.24,2523.96,2329.71,1949.16,1412.67,771.0,144.14,0.0,0.0,0.0,0.0,0.0,18088.5,2524.0,13,0.0,0.0,0.0,0.0,0.0,0.0,0.0,102.94,744.85,1422.94,1996.92,2412.25,2636.03,2651.46,2457.37,2068.24,1514.47,846.41,177.57,0.0,0.0,0.0,0.0,0.0,19031.4,2651.5,13,0.0,0.0,0.0,0.0,0.0,0.0,0.0,158.64,857.45,1564.77,2154.02,2571.3,2783.98,2776.2,2548.51,2117.9,1518.19,805.39,120.31,0.0,0.0,0.0,0.0,0.0,19976.7,2784.0,12,0.0,0.0,0.0,0.0,0.0,0.0,0.0,254.34,987.81,1696.23,2272.45,2665.51,2844.95,2797.41,2526.42,2052.39,1413.42,674.06,38.75,0.0,0.0,0.0,0.0,0.0,20223.7,2844.9,12,0.0,0.0,0.0,0.0,0.0,0.0,0.0,308.63,1039.26,1728.56,2281.02,2648.86,2803.83,2734.45,2445.88,1959.9,1316.03,582.57,11.9,0.0,0.0,0.0,0.0,0.0,19860.9,2803.8,12,0.0,0.0,0.0,0.0,0.0,0.0,0.0,234.3,934.75,1612.95,2164.13,2539.5,2710.02,2663.03,2402.02,1946.63,1333.52,625.32,29.98,0.0,0.0,0.0,0.0,0.0,19196.2,2710.0,12
Kosovo,42.5,21.0,1,0.0,0.0,0.0,0.0,0.0,0.0,0.0,0.0,837.86,1647.35,2173.79,2455.43,2493.44,2287.33,1838.07,1126.74,118.09,0.0,0.0,0.0,0.0,0.0,0.0,0.0,14978.1,2493.4,12,0.0,0.0,0.0,0.0,0.0,0.0,130.58,755.8,1460.69,2077.71,2535.8,2793.8,2830.5,2643.02,2246.64,1675.75,989.41,305.86,0.07,0.0,0.0,0.0,0.0,0.0,20445.6,2830.5,12,0.0,0.0,0.0,0.0,0.0,90.99,322.01,878.92,1466.93,1986.06,2375.23,2595.97,2628.1,2468.74,2132.25,1650.78,1076.96,494.5,133.64,6.37,0.0,0.0,0.0,0.0,20307.5,2628.1,12,0.0,0.0,0.0,0.0,0.0,0.0,96.1,801.8,1536.69,2144.09,2569.75,2781.47,2763.84,2518.1,2062.05,1430.44,682.47,33.05,0.0,0.0,0.0,0.0,0.0,0.0,19419.9,2781.5,11,0.0,0.0,0.0,0.0,0.0,0.0,0.0,0.0,837.86,1647.35,2173.79,2455.43,2493.44,2287.33,1838.07,1126.74,118.09,0.0,0.0,0.0,0.0,0.0,0.0,0.0,14978.1,2493.4,12,0.0,0.0,0.0,0.0,0.0,0.0,0.0,41.56,942.14,1713.68,2259.34,2576.97,2656.01,2493.18,2095.11,1472.56,618.73,0.0,0.0,0.0,0.0,0.0,0.0,0.0,16869.3,2656.0,12,0.0,0.0,0.0,0.0,0.0,0.0,0.0,389.12,1189.2,1880.91,2396.68,2700.96,2773.37,2609.13,2219.27,1630.21,885.16,114.93,0.0,0.0,0.0,0.0,0.0,0.0,18788.9,2773.4,12,0.0,0.0,0.0,0.0,0.0,0.0,130.58,755.8,1460.69,2077.71,2535.8,2793.8,2830.5,2643.02,2246.64,1675.75,989.41,305.86,0.07,0.0,0.0,0.0,0.0,0.0,20445.6,2830.5,12,0.0,0.0,0.0,0.0,0.0,33.0,315.64,917.19,1550.53,2100.59,2503.1,2719.24,2729.77,2533.85,2148.88,1611.67,983.35,370.97,49.7,0.0,0.0,0.0,0.0,0.0,20567.5,2729.8,12,0.0,0.0,0.0,0.0,0.0,95.55,367.16,947.05,1544.16,2062.18,2442.36,2648.04,2660.79,2479.49,2120.37,1617.64,1026.7,437.03,112.92,0.62,0.0,0.0,0.0,0.0,20562.0,2660.8,12,0.0,0.0,0.0,0.0,0.0,90.99,322.01,878.92,1466.93,1986.06,2375.23,2595.97,2628.1,2468.74,2132.25,1650.78,1076.96,494.5,133.64,6.37,0.0,0.0,0.0,0.0,20307.5,2628.1,12,0.0,0.0,0.0,0.0,0.0,36.37,261.37,839.54,1463.64,2017.02,2434.04,2674.18,2716.0,2555.85,2207.7,1703.85,1098.21,480.62,93.25,0.0,0.0,0.0,0.0,0.0,20581.7,2716.0,12,0.0,0.0,0.0,0.0,0.0,0.0,219.17,865.9,1552.12,2144.55,2578.78,2816.38,2837.82,2641.33,2242.86,1676.83,1001.19,327.36,3.34,0.0,0.0,0.0,0.0,0.0,20907.6,2837.8,12,0.0,0.0,0.0,0.0,0.0,0.0,96.1,801.8,1536.69,2144.09,2569.75,2781.47,2763.84,2518.1,2062.05,1430.44,682.47,33.05,0.0,0.0,0.0,0.0,0.0,0.0,19419.9,2781.5,11,0.0,0.0,0.0,0.0,0.0,0.0,0.0,539.61,1370.92,2006.47,2430.66,2626.53,2584.49,2306.63,1805.82,1098.71,221.28,0.0,0.0,0.0,0.0,0.0,0.0,0.0,16991.1,2626.5,11,0.0,0.0,0.0,0.0,0.0,0.0,0.0,77.91,1010.8,1730.4,2196.04,2420.05,2400.05,2136.38,1630.82,864.58,12.28,0.0,0.0,0.0,0.0,0.0,0.0,0.0,14479.3,2420.1,11
Kuwait,29.3,47.7,3,0.0,0.0,0.0,0.0,0.0,0.0,0.0,48.18,849.28,1577.7,2107.02,2421.92,2508.98,2364.03,1993.91,1413.44,638.24,0.45,0.0,0.0,0.0,0.0,0.0,0.0,15923.2,2509.0,12,0.0,0.0,0.0,0.0,0.0,0.0,23.05,528.96,1224.18,1862.0,2356.05,2658.87,2744.73,2606.65,2256.03,1723.34,1062.6,377.77,0.81,0.0,0.0,0.0,0.0,0.0,19425.0,2744.7,12,0.0,0.0,0.0,0.0,0.0,0.19,174.87,657.37,1233.07,1767.44,2186.59,2445.61,2519.77,2402.3,2103.96,1653.73,1101.91,532.06,110.7,0.0,0.0,0.0,0.0,0.0,18889.6,2519.8,12,0.0,0.0,0.0,0.0,0.0,0.0,14.42,552.21,1265.86,1890.09,2350.6,2607.49,2640.46,2446.95,2041.98,1459.22,758.93,105.31,0.0,0.0,0.0,0.0,0.0,0.0,18133.5,2640.5,12,0.0,0.0,0.0,0.0,0.0,0.0,0.0,48.18,849.28,1577.7,2107.02,2421.92,2508.98,2364.03,1993.91,1413.44,638.24,0.45,0.0,0.0,0.0,0.0,0.0,0.0,15923.2,2509.0,12,0.0,0.0,0.0,0.0,0.0,0.0,0.0,67.73,845.76,1584.99,2147.68,2503.14,2631.26,2524.54,2189.24,1644.5,920.06,119.96,0.0,0.0,0.0,0.0,0.0,0.0,17178.9,2631.3,12,0.0,0.0,0.0,0.0,0.0,0.0,0.0,276.29,1042.62,1748.11,2297.04,2645.63,2768.61,2657.26,2319.52,1779.9,1081.26,313.57,0.0,0.0,0.0,0.0,0.0,0.0,18929.8,2768.6,12,0.0,0.0,0.0,0.0,0.0,0.0,23.05,528.96,1224.18,1862.0,2356.05,2658.87,2744.73,2606.65,2256.03,1723.34,1062.6,377.77,0.81,0.0,0.0,0.0,0.0,0.0,19425.0,2744.7,12,0.0,0.0,0.0,0.0,0.0,0.0,147.25,675.93,1301.43,1870.74,2307.02,2565.18,2621.4,2470.75,2126.8,1622.68,1015.77,408.0,24.95,0.0,0.0,0.0,0.0,0.0,19157.9,2621.4,12,0.0,0.0,0.0,0.0,0.0,0.9,207.01,716.61,1303.2,1837.49,2248.49,2493.25,2548.79,2410.13,2089.92,1619.38,1051.86,477.19,82.78,0.0,0.0,0.0,0.0,0.0,19087.0,2548.8,12,0.0,0.0,0.0,0.0,0.0,0.19,174.87,657.37,1233.07,1767.44,2186.59,2445.61,2519.77,2402.3,2103.96,1653.73,1101.91,532.06,110.7,0.0,0.0,0.0,0.0,0.0,18889.6,2519.8,12,0.0,0.0,0.0,0.0,0.0,0.0,111.34,580.32,1172.61,1730.54,2172.12,2448.79,2533.83,2419.4,2115.99,1653.21,1083.43,496.05,70.25,0.0,0.0,0.0,0.0,0.0,18587.9,2533.8,12,0.0,0.0,0.0,0.0,0.0,0.0,56.29,557.41,1206.05,1802.83,2263.42,2540.49,2608.94,2462.78,2114.75,1597.33,968.19,337.21,1.38,0.0,0.0,0.0,0.0,0.0,18517.1,2608.9,12,0.0,0.0,0.0,0.0,0.0,0.0,14.42,552.21,1265.86,1890.09,2350.6,2607.49,2640.46,2446.95,2041.98,1459.22,758.93,105.31,0.0,0.0,0.0,0.0,0.0,0.0,18133.5,2640.5,12,0.0,0.0,0.0,0.0,0.0,0.0,0.0,437.92,1204.43,1844.53,2299.69,2540.15,2550.5,2330.07,1892.93,1267.41,506.39,0.13,0.0,0.0,0.0,0.0,0.0,0.0,16874.2,2550.5,12,0.0,0.0,0.0,0.0,0.0,0.0,0.0,211.1,1029.41,1705.42,2183.76,2445.25,2477.31,2278.3,1858.04,1234.42,436.09,0.0,0.0,0.0,0.0,0.0,0.0,0.0,15859.1,2477.3,12
Kyrgyzstan,41.0,74.5,5,0.0,0.0,0.0,0.0,0.0,0.0,0.0,0.0,769.51,1671.18,2265.85,2632.59,2769.83,2673.37,2346.3,1792.69,963.71,0.0,0.0,0.0,0.0,0.0,0.0,0.0,17885.0,2769.8,12,0.0,0.0,0.0,0.0,0.0,0.0,3.66,631.0,1421.39,2125.26,2676.85,3034.06,3171.03,3078.0,2761.63,2244.79,1566.4,785.89,54.77,0.0,0.0,0.0,0.0,0.0,23554.7,3171.0,12,0.0,0.0,0.0,0.0,0.0,21.26,88.05,652.24,1314.02,1914.86,2391.08,2701.08,2820.59,2740.48,2466.85,2020.93,1440.45,784.04,150.14,36.26,0.0,0.0,0.0,0.0,21542.3,2820.6,12,0.0,0.0,0.0,0.0,0.0,0.0,0.0,693.58,1489.71,2169.78,2681.68,2989.68,3072.58,2924.68,2556.1,1992.21,1272.57,457.76,0.0,0.0,0.0,0.0,0.0,0.0,22300.3,3072.6,12,0.0,0.0,0.0,0.0,0.0,0.0,0.0,0.0,769.51,1671.18,2265.85,2632.59,2769.83,2673.37,2346.3,1792.69,963.71,0.0,0.0,0.0,0.0,0.0,0.0,0.0,17885.0,2769.8,12,0.0,0.0,0.0,0.0,0.0,0.0,0.0,0.0,907.57,1743.97,2358.03,2761.86,2939.87,2883.04,2594.35,2087.42,1373.8,377.89,0.0,0.0,0.0,0.0,0.0,0.0,20027.8,2939.9,12,0.0,0.0,0.0,0.0,0.0,0.0,0.0,311.16,1192.44,1951.47,2547.94,2945.83,3119.54,3057.65,2764.27,2258.54,1572.45,744.49,0.0,0.0,0.0,0.0,0.0,0.0,22465.8,3119.5,12,0.0,0.0,0.0,0.0,0.0,0.0,3.66,631.0,1421.39,2125.26,2676.85,3034.06,3171.03,3078.0,2761.63,2244.79,1566.4,785.89,54.77,0.0,0.0,0.0,0.0,0.0,23554.7,3171.0,12,0.0,0.0,0.0,0.0,0.0,0.0,46.41,760.03,1496.67,2144.71,2645.66,2960.38,3065.49,2953.33,2632.13,2125.87,1474.25,736.57,34.03,0.0,0.0,0.0,0.0,0.0,23075.5,3065.5,12,0.0,0.0,0.0,0.0,0.0,13.26,61.82,734.12,1421.33,2028.36,2499.59,2797.25,2898.68,2796.32,2497.85,2026.01,1418.67,731.53,59.75,13.33,0.0,0.0,0.0,0.0,21997.9,2898.7,12,0.0,0.0,0.0,0.0,0.0,21.26,88.05,652.24,1314.02,1914.86,2391.08,2701.08,2820.59,2740.48,2466.85,2020.93,1440.45,784.04,150.14,36.26,0.0,0.0,0.0,0.0,21542.3,2820.6,12,0.0,0.0,0.0,0.0,0.0,0.06,75.35,607.87,1289.09,1916.18,2417.6,2748.18,2880.64,2805.66,2528.35,2070.62,1472.47,796.15,157.9,13.2,0.0,0.0,0.0,0.0,21779.3,2880.6,12,0.0,0.0,0.0,0.0,0.0,0.0,29.46,639.49,1378.73,2044.29,2562.05,2892.16,3009.76,2906.14,2588.91,2081.95,1423.52,685.06,45.34,0.0,0.0,0.0,0.0,0.0,22286.9,3009.8,12,0.0,0.0,0.0,0.0,0.0,0.0,0.0,693.58,1489.71,2169.78,2681.68,2989.68,3072.58,2924.68,2556.1,1992.21,1272.57,457.76,0.0,0.0,0.0,0.0,0.0,0.0,22300.3,3072.6,12,0.0,0.0,0.0,0.0,0.0,0.0,0.0,501.29,1418.0,2114.97,2618.14,2907.7,2967.96,2795.44,2399.9,1800.8,1008.3,0.0,0.0,0.0,0.0,0.0,0.0,0.0,20532.5,2968.0,12,0.0,0.0,0.0,0.0,0.0,0.0,0.0,0.0,1084.73,1867.38,2401.38,2712.89,2794.68,2643.67,2265.22,1663.84,772.82,0.0,0.0,0.0,0.0,0.0,0.0,0.0,18206.6,2794.7,12
Laos,18.0,103.0,7,0.0,0.0,0.0,0.0,0.0,0.0,0.0,54.9,778.47,1496.59,2057.95,2426.92,2580.94,2510.42,2219.77,1726.86,1061.85,288.65,0.0,0.0,0.0,0.0,0.0,0.0,17203.3,2580.9,12,0.0,0.0,0.0,0.0,0.0,0.0,0.0,326.84,1033.38,1715.47,2267.94,2637.83,2794.59,2725.91,2437.19,1951.73,1312.65,596.26,30.65,0.0,0.0,0.0,0.0,0.0,19830.5,2794.6,12,0.0,0.0,0.0,0.0,0.0,0.0,20.07,398.78,977.97,1548.36,2018.34,2336.03,2471.52,2412.86,2165.15,1750.92,1212.36,621.14,122.37,0.0,0.0,0.0,0.0,0.0,18055.9,2471.5,12,0.0,0.0,0.0,0.0,0.0,0.0,0.01,395.12,1122.77,1790.07,2308.54,2632.72,2737.23,2614.15,2272.79,1739.95,1063.05,337.99,0.0,0.0,0.0,0.0,0.0,0.0,19014.4,2737.2,12,0.0,0.0,0.0,0.0,0.0,0.0,0.0,54.9,778.47,1496.59,2057.95,2426.92,2580.94,2510.42,2219.77,1726.86,1061.85,288.65,0.0,0.0,0.0,0.0,0.0,0.0,17203.3,2580.9,12,0.0,0.0,0.0,0.0,0.0,0.0,0.0,45.28,767.92,1515.11,2116.75,2529.51,2726.06,2693.4,2433.68,1964.04,1315.82,541.16,0.11,0.0,0.0,0.0,0.0,0.0,18648.8,2726.1,12,0.0,0.0,0.0,0.0,0.0,0.0,0.0,145.5,884.75,1619.68,2218.9,2631.02,2825.23,2787.51,2520.58,2043.85,1393.94,633.64,14.18,0.0,0.0,0.0,0.0,0.0,19718.8,2825.2,12,0.0,0.0,0.0,0.0,0.0,0.0,0.0,326.84,1033.38,1715.47,2267.94,2637.83,2794.59,2725.91,2437.19,1951.73,1312.65,596.26,30.65,0.0,0.0,0.0,0.0,0.0,19830.5,2794.6,12,0.0,0.0,0.0,0.0,0.0,0.0,13.28,445.77,1093.56,1711.08,2206.98,2530.75,2653.8,2565.89,2274.36,1804.71,1203.21,551.2,47.88,0.0,0.0,0.0,0.0,0.0,19102.5,2653.8,12,0.0,0.0,0.0,0.0,0.0,0.0,35.18,456.51,1052.87,1626.34,2090.26,2395.18,2512.96,2433.4,2163.39,1727.47,1170.37,568.75,85.48,0.0,0.0,0.0,0.0,0.0,18318.2,2513.0,12,0.0,0.0,0.0,0.0,0.0,0.0,20.07,398.78,977.97,1548.36,2018.34,2336.03,2471.52,2412.86,2165.15,1750.92,1212.36,621.14,122.37,0.0,0.0,0.0,0.0,0.0,18055.9,2471.5,12,0.0,0.0,0.0,0.0,0.0,0.0,3.19,350.85,956.49,1558.8,2057.26,2397.17,2547.05,2493.89,2242.2,1814.31,1252.65,630.31,105.23,0.0,0.0,0.0,0.0,0.0,18409.4,2547.0,12,0.0,0.0,0.0,0.0,0.0,0.0,0.28,363.0,1032.95,1678.56,2199.61,2543.77,2681.33,2601.05,2309.39,1830.94,1211.05,531.26,24.01,0.0,0.0,0.0,0.0,0.0,19007.2,2681.3,12,0.0,0.0,0.0,0.0,0.0,0.0,0.01,395.12,1122.77,1790.07,2308.54,2632.72,2737.23,2614.15,2272.79,1739.95,1063.05,337.99,0.0,0.0,0.0,0.0,0.0,0.0,19014.4,2737.2,12,0.0,0.0,0.0,0.0,0.0,0.0,0.0,353.54,1110.2,1780.06,2286.33,2591.12,2673.11,2526.65,2161.86,1604.5,898.42,160.2,0.0,0.0,0.0,0.0,0.0,0.0,18146.0,2673.1,12,0.0,0.0,0.0,0.0,0.0,0.0,0.0,191.26,947.46,1629.5,2147.48,2467.3,2568.68,2445.15,2104.61,1568.66,873.07,128.99,0.0,0.0,0.0,0.0,0.0,0.0,17072.2,2568.7,12
Latvia,57.0,25.0,2,0.0,0.0,0.0,0.0,0.0,0.0,0.0,0.0,0.0,0.0,438.33,1011.05,1288.1,1253.76,907.66,291.75,0.0,0.0,0.0,0.0,0.0,0.0,0.0,0.0,5190.6,1288.1,12,0.0,0.0,0.0,0.0,0.0,0.0,2.4,256.11,876.19,1531.92,2091.28,2487.72,2683.15,2660.34,2421.34,1987.62,1402.32,740.56,160.2,0.0,0.0,0.0,0.0,0.0,19301.2,2683.2,12,0.0,0.0,0.0,0.0,9.79,77.91,140.67,493.47,1094.92,1674.64,2161.43,2505.78,2675.88,2656.69,2449.87,2073.78,1563.67,972.91,378.28,128.77,63.28,2.52,0.0,0.0,21124.3,2675.9,12,0.0,0.0,0.0,0.0,0.0,0.0,0.0,136.13,803.49,1491.1,2045.77,2412.77,2562.6,2483.82,2182.25,1681.28,1025.37,314.5,0.0,0.0,0.0,0.0,0.0,0.0,17139.1,2562.6,12,0.0,0.0,0.0,0.0,0.0,0.0,0.0,0.0,0.0,0.0,438.33,1011.05,1288.1,1253.76,907.66,291.75,0.0,0.0,0.0,0.0,0.0,0.0,0.0,0.0,5190.6,1288.1,12,0.0,0.0,0.0,0.0,0.0,0.0,0.0,0.0,0.0,277.08,1061.36,1618.86,1905.0,1921.5,1668.58,1145.24,376.86,0.0,0.0,0.0,0.0,0.0,0.0,0.0,9974.5,1921.5,13,0.0,0.0,0.0,0.0,0.0,0.0,0.0,0.0,310.76,1065.69,1718.48,2184.1,2429.65,2439.11,2211.98,1763.36,1125.07,372.98,0.0,0.0,0.0,0.0,0.0,0.0,15621.2,2439.1,13,0.0,0.0,0.0,0.0,0.0,0.0,2.4,256.11,876.19,1531.92,2091.28,2487.72,2683.15,2660.34,2421.34,1987.62,1402.32,740.56,160.2,0.0,0.0,0.0,0.0,0.0,19301.2,2683.2,12,0.0,0.0,0.0,0.0,0.0,15.84,98.19,499.42,1126.96,1736.92,2243.98,2593.94,2753.84,2709.42,2464.66,2041.87,1482.69,852.62,258.25,65.13,0.17,0.0,0.0,0.0,20943.9,2753.8,12,0.0,0.0,0.0,0.0,7.99,76.95,140.71,549.07,1159.01,1739.54,2220.15,2552.37,2705.68,2666.6,2438.56,2041.93,1514.28,912.09,317.62,117.1,48.16,0.0,0.0,0.0,21207.8,2705.7,12,0.0,0.0,0.0,0.0,9.79,77.91,140.67,493.47,1094.92,1674.64,2161.43,2505.78,2675.88,2656.69,2449.87,2073.78,1563.67,972.91,378.28,128.77,63.28,2.52,0.0,0.0,21124.3,2675.9,12,0.0,0.0,0.0,0.0,0.0,27.8,108.15,429.65,1032.98,1631.59,2140.71,2504.91,2689.27,2677.1,2469.42,2085.06,1561.22,956.26,360.25,98.1,17.08,0.0,0.0,0.0,20789.5,2689.3,12,0.0,0.0,0.0,0.0,0.0,0.0,30.85,354.61,969.1,1595.72,2124.69,2494.57,2669.37,2633.26,2389.37,1960.04,1388.77,749.15,183.18,4.46,0.0,0.0,0.0,0.0,19547.1,2669.4,12,0.0,0.0,0.0,0.0,0.0,0.0,0.0,136.13,803.49,1491.1,2045.77,2412.77,2562.6,2483.82,2182.25,1681.28,1025.37,314.5,0.0,0.0,0.0,0.0,0.0,0.0,17139.1,2562.6,12,0.0,0.0,0.0,0.0,0.0,0.0,0.0,0.0,218.29,1074.64,1722.21,2116.74,2258.48,2145.3,1778.66,1158.43,306.14,0.0,0.0,0.0,0.0,0.0,0.0,0.0,12778.9,2258.5,12,0.0,0.0,0.0,0.0,0.0,0.0,0.0,0.0,0.0,125.97,842.97,1353.01,1550.43,1444.59,1029.48,326.03,0.0,0.0,0.0,0.0,0.0,0.0,0.0,0.0,6672.5,1550.4,12
Lebanon,33.9,35.8,2,0.0,0.0,0.0,0.0,0.0,0.0,0.0,107.1,1014.39,1732.35,2229.27,2501.99,2541.65,2346.67,1924.13,1281.92,408.38,0.0,0.0,0.0,0.0,0.0,0.0,0.0,16087.8,2541.6,12,0.0,0.0,0.0,0.0,0.0,0.0,123.85,781.59,1506.51,2135.16,2600.82,2864.02,2904.05,2717.86,2320.01,1743.14,1042.3,326.48,0.0,0.0,0.0,0.0,0.0,0.0,21065.8,2904.0,12,0.0,0.0,0.0,0.0,0.0,40.05,286.43,852.48,1455.93,1987.68,2386.01,2612.78,2647.99,2488.63,2148.51,1658.95,1071.97,474.28,99.06,0.0,0.0,0.0,0.0,0.0,20210.8,2648.0,12,0.0,0.0,0.0,0.0,0.0,0.0,101.84,803.53,1534.84,2141.62,2568.48,2782.59,2768.2,2526.32,2074.72,1448.35,706.72,46.4,0.0,0.0,0.0,0.0,0.0,0.0,19503.6,2782.6,11,0.0,0.0,0.0,0.0,0.0,0.0,0.0,107.1,1014.39,1732.35,2229.27,2501.99,2541.65,2346.67,1924.13,1281.92,408.38,0.0,0.0,0.0,0.0,0.0,0.0,0.0,16087.8,2541.6,12,0.0,0.0,0.0,0.0,0.0,0.0,0.0,201.37,1094.35,1820.95,2350.07,2662.6,2742.97,2586.85,2202.58,1608.27,821.17,13.8,0.0,0.0,0.0,0.0,0.0,0.0,18105.0,2743.0,12,0.0,0.0,0.0,0.0,0.0,0.0,0.0,488.0,1291.39,1981.05,2496.76,2802.63,2877.85,2717.33,2332.01,1748.31,1008.44,207.11,0.0,0.0,0.0,0.0,0.0,0.0,19950.9,2877.8,12,0.0,0.0,0.0,0.0,0.0,0.0,123.85,781.59,1506.51,2135.16,2600.82,2864.02,2904.05,2717.86,2320.01,1743.14,1042.3,326.48,0.0,0.0,0.0,0.0,0.0,0.0,21065.8,2904.0,12,0.0,0.0,0.0,0.0,0.0,6.19,292.52,926.18,1585.3,2152.62,2566.4,2789.39,2802.93,2605.95,2214.93,1664.68,1013.1,365.84,21.62,0.0,0.0,0.0,0.0,0.0,21007.7,2802.9,12,0.0,0.0,0.0,0.0,0.0,49.5,332.36,922.82,1534.72,2064.52,2453.18,2664.44,2679.98,2498.53,2135.72,1624.92,1020.91,416.96,76.07,0.0,0.0,0.0,0.0,0.0,20474.6,2680.0,12,0.0,0.0,0.0,0.0,0.0,40.05,286.43,852.48,1455.93,1987.68,2386.01,2612.78,2647.99,2488.63,2148.51,1658.95,1071.97,474.28,99.06,0.0,0.0,0.0,0.0,0.0,20210.8,2648.0,12,0.0,0.0,0.0,0.0,0.0,3.41,229.63,802.5,1432.9,1992.96,2415.55,2660.02,2704.89,2546.3,2197.86,1691.38,1080.63,458.77,63.89,0.0,0.0,0.0,0.0,0.0,20280.7,2704.9,12,0.0,0.0,0.0,0.0,0.0,0.0,182.66,810.71,1493.0,2085.26,2520.96,2760.94,2785.34,2592.14,2197.11,1634.74,963.73,300.23,0.05,0.0,0.0,0.0,0.0,0.0,20326.9,2785.3,12,0.0,0.0,0.0,0.0,0.0,0.0,101.84,803.53,1534.84,2141.62,2568.48,2782.59,2768.2,2526.32,2074.72,1448.35,706.72,46.4,0.0,0.0,0.0,0.0,0.0,0.0,19503.6,2782.6,11,0.0,0.0,0.0,0.0,0.0,0.0,1.5,650.38,1435.42,2052.93,2470.92,2666.53,2628.39,2358.71,1872.92,1196.49,371.95,0.0,0.0,0.0,0.0,0.0,0.0,0.0,17706.1,2666.5,11,0.0,0.0,0.0,0.0,0.0,0.0,0.0,326.74,1193.83,1852.15,2295.45,2513.32,2497.2,2247.77,1774.48,1086.61,204.67,0.0,0.0,0.0,0.0,0.0,0.0,0.0,15992.2,2513.3,11
Lesotho,-29.6,28.2,2,0.0,0.0,0.0,0.0,0.0,0.0,105.01,588.43,1256.7,1888.88,2401.31,2743.72,2886.33,2817.31,2542.32,2084.73,1487.03,818.16,211.21,4.46,0.0,0.0,0.0,0.0,21835.6,2886.3,12,0.0,0.0,0.0,0.0,0.0,0.0,0.0,300.91,1087.16,1807.77,2378.62,2756.16,2913.47,2839.5,2539.41,2034.36,1361.36,580.7,1.15,0.0,0.0,0.0,0.0,0.0,20600.6,2913.5,12,0.0,0.0,0.0,0.0,0.0,0.0,0.0,0.0,777.61,1518.44,2065.39,2419.18,2566.06,2498.8,2220.78,1744.36,1079.31,197.07,0.0,0.0,0.0,0.0,0.0,0.0,17087.0,2566.1,12,0.0,0.0,0.0,0.0,0.0,0.0,16.95,593.11,1343.21,2014.67,2533.27,2855.83,2957.63,2831.09,2485.72,1948.2,1264.16,514.22,3.97,0.0,0.0,0.0,0.0,0.0,21362.0,2957.6,12,0.0,0.0,0.0,0.0,0.0,0.0,105.01,588.43,1256.7,1888.88,2401.31,2743.72,2886.33,2817.31,2542.32,2084.73,1487.03,818.16,211.21,4.46,0.0,0.0,0.0,0.0,21835.6,2886.3,12,0.0,0.0,0.0,0.0,0.0,0.0,35.42,446.46,1138.08,1814.32,2375.51,2765.67,2951.15,2916.8,2665.34,2217.46,1612.92,917.17,258.88,0.74,0.0,0.0,0.0,0.0,22115.9,2951.2,12,0.0,0.0,0.0,0.0,0.0,0.0,0.01,371.04,1104.76,1816.11,2400.51,2803.26,2991.61,2950.91,2684.27,2212.51,1575.2,838.24,155.01,0.0,0.0,0.0,0.0,0.0,21903.4,2991.6,12,0.0,0.0,0.0,0.0,0.0,0.0,0.0,300.91,1087.16,1807.77,2378.62,2756.16,2913.47,2839.5,2539.41,2034.36,1361.36,580.7,1.15,0.0,0.0,0.0,0.0,0.0,20600.6,2913.5,12,0.0,0.0,0.0,0.0,0.0,0.0,0.0,164.92,998.49,1711.92,2254.63,2599.91,2727.92,2630.94,2314.82,1797.9,1106.29,274.9,0.0,0.0,0.0,0.0,0.0,0.0,18582.6,2727.9,12,0.0,0.0,0.0,0.0,0.0,0.0,0.0,17.58,827.81,1551.46,2085.62,2423.15,2549.92,2459.62,2156.8,1654.76,963.89,101.46,0.0,0.0,0.0,0.0,0.0,0.0,16792.1,2549.9,12,0.0,0.0,0.0,0.0,0.0,0.0,0.0,0.0,777.61,1518.44,2065.39,2419.18,2566.06,2498.8,2220.78,1744.36,1079.31,197.07,0.0,0.0,0.0,0.0,0.0,0.0,17087.0,2566.1,12,0.0,0.0,0.0,0.0,0.0,0.0,0.0,65.01,941.97,1670.95,2227.17,2591.69,2748.97,2689.49,2416.88,1945.73,1293.28,465.31,0.0,0.0,0.0,0.0,0.0,0.0,19056.4,2749.0,12,0.0,0.0,0.0,0.0,0.0,0.0,0.0,327.19,1133.11,1841.9,2393.79,2751.9,2892.28,2805.55,2497.53,1988.85,1313.58,521.7,0.0,0.0,0.0,0.0,0.0,0.0,20467.4,2892.3,12,0.0,0.0,0.0,0.0,0.0,0.0,16.95,593.11,1343.21,2014.67,2533.27,2855.83,2957.63,2831.09,2485.72,1948.2,1264.16,514.22,3.97,0.0,0.0,0.0,0.0,0.0,21362.0,2957.6,12,0.0,0.0,0.0,0.0,0.0,0.0,140.1,763.39,1471.34,2103.02,2586.5,2878.52,2955.21,2810.53,2456.07,1921.46,1257.07,550.18,50.92,0.0,0.0,0.0,0.0,0.0,21944.3,2955.2,12,0.0,0.0,0.0,0.0,0.0,0.0,149.8,736.61,1412.22,2026.11,2504.91,2803.77,2897.31,2777.9,2455.37,1957.37,1331.47,656.22,114.11,0.0,0.0,0.0,0.0,0.0,21823.2,2897.3,12
Liberia,6.4,-9.4,-1,0.0,0.0,0.0,0.0,0.0,0.0,8.71,589.0,1313.16,1930.92,2384.87,2641.08,2681.27,2502.61,2117.74,1554.71,859.73,148.76,0.0,0.0,0.0,0.0,0.0,0.0,18732.6,2681.3,12,0.0,0.0,0.0,0.0,0.0,0.0,50.02,674.63,1401.55,2032.44,2500.12,2765.59,2808.33,2625.12,2229.98,1654.66,953.06,240.46,0.0,0.0,0.0,0.0,0.0,0.0,19936.0,2808.3,12,0.0,0.0,0.0,0.0,0.0,0.0,87.71,650.22,1285.68,1840.92,2254.37,2490.0,2528.9,2368.02,2020.06,1514.09,899.55,274.72,0.0,0.0,0.0,0.0,0.0,0.0,18214.2,2528.9,12,0.0,0.0,0.0,0.0,0.0,0.0,132.67,827.13,1545.93,2145.95,2570.11,2784.67,2773.47,2537.34,2094.13,1479.41,753.6,84.33,0.0,0.0,0.0,0.0,0.0,0.0,19728.7,2784.7,11,0.0,0.0,0.0,0.0,0.0,0.0,8.71,589.0,1313.16,1930.92,2384.87,2641.08,2681.27,2502.61,2117.74,1554.71,859.73,148.76,0.0,0.0,0.0,0.0,0.0,0.0,18732.6,2681.3,12,0.0,0.0,0.0,0.0,0.0,0.0,0.45,509.69,1262.36,1922.19,2421.75,2722.43,2802.39,2655.91,2293.44,1741.57,1044.74,293.09,0.0,0.0,0.0,0.0,0.0,0.0,19670.0,2802.4,12,0.0,0.0,0.0,0.0,0.0,0.0,4.23,555.79,1312.65,1979.33,2484.1,2786.1,2862.68,2708.2,2334.05,1768.75,1060.69,307.87,0.0,0.0,0.0,0.0,0.0,0.0,20164.5,2862.7,12,0.0,0.0,0.0,0.0,0.0,0.0,50.02,674.63,1401.55,2032.44,2500.12,2765.59,2808.33,2625.12,2229.98,1654.66,953.06,240.46,0.0,0.0,0.0,0.0,0.0,0.0,19936.0,2808.3,12,0.0,0.0,0.0,0.0,0.0,0.0,120.45,750.2,1429.06,2010.09,2432.67,2661.16,2677.6,2480.77,2086.09,1526.37,857.19,199.53,0.0,0.0,0.0,0.0,0.0,0.0,19231.2,2677.6,12,0.0,0.0,0.0,0.0,0.0,0.0,126.66,716.97,1355.43,1904.68,2305.9,2524.56,2543.19,2360.34,1990.56,1465.09,836.91,217.05,0.0,0.0,0.0,0.0,0.0,0.0,18347.3,2543.2,12,0.0,0.0,0.0,0.0,0.0,0.0,87.71,650.22,1285.68,1840.92,2254.37,2490.0,2528.9,2368.02,2020.06,1514.09,899.55,274.72,0.0,0.0,0.0,0.0,0.0,0.0,18214.2,2528.9,12,0.0,0.0,0.0,0.0,0.0,0.0,65.27,644.03,1312.18,1897.5,2335.72,2589.25,2638.03,2478.28,2122.38,1599.37,958.61,297.58,0.0,0.0,0.0,0.0,0.0,0.0,18938.2,2638.0,12,0.0,0.0,0.0,0.0,0.0,0.0,82.6,717.7,1421.95,2027.44,2471.24,2716.43,2743.96,2551.75,2154.52,1584.47,896.08,208.7,0.0,0.0,0.0,0.0,0.0,0.0,19576.8,2744.0,12,0.0,0.0,0.0,0.0,0.0,0.0,132.67,827.13,1545.93,2145.95,2570.11,2784.67,2773.47,2537.34,2094.13,1479.41,753.6,84.33,0.0,0.0,0.0,0.0,0.0,0.0,19728.7,2784.7,11,0.0,0.0,0.0,0.0,0.0,0.0,155.64,871.66,1583.42,2165.7,2567.61,2758.72,2725.14,2469.31,2010.02,1382.92,648.72,25.68,0.0,0.0,0.0,0.0,0.0,0.0,19364.5,2758.7,11,0.0,0.0,0.0,0.0,0.0,0.0,80.49,757.87,1463.81,2047.23,2457.41,2663.93,2652.0,2422.49,1991.89,1392.42,678.18,38.39,0.0,0.0,0.0,0.0,0.0,0.0,18646.1,2663.9,11
Libya,27.0,17.0,1,0.0,0.0,0.0,0.0,0.0,0.0,0.0,63.92,866.75,1590.52,2123.21,2445.75,2543.02,2410.02,2053.53,1489.83,738.35,10.82,0.0,0.0,0.0,0.0,0.0,0.0,16335.7,2543.0,12,0.0,0.0,0.0,0.0,0.0,0.0,21.75,577.47,1309.55,1970.5,2481.78,2798.69,2896.09,2766.53,2420.03,1884.4,1207.76,477.73,3.7,0.0,0.0,0.0,0.0,0.0,20816.0,2896.1,12,0.0,0.0,0.0,0.0,0.0,0.0,145.95,670.27,1286.15,1849.88,2290.72,2565.85,2651.24,2539.71,2240.63,1780.35,1204.58,589.68,108.57,0.0,0.0,0.0,0.0,0.0,19923.6,2651.2,12,0.0,0.0,0.0,0.0,0.0,0.0,19.84,638.18,1387.02,2031.01,2506.47,2776.15,2820.11,2635.15,2234.76,1649.25,929.22,192.01,0.0,0.0,0.0,0.0,0.0,0.0,19819.1,2820.1,12,0.0,0.0,0.0,0.0,0.0,0.0,0.0,63.92,866.75,1590.52,2123.21,2445.75,2543.02,2410.02,2053.53,1489.83,738.35,10.82,0.0,0.0,0.0,0.0,0.0,0.0,16335.7,2543.0,12,0.0,0.0,0.0,0.0,0.0,0.0,0.0,90.6,897.38,1639.78,2208.13,2571.99,2710.4,2615.04,2291.67,1759.14,1046.43,218.85,0.0,0.0,0.0,0.0,0.0,0.0,18049.4,2710.4,12,0.0,0.0,0.0,0.0,0.0,0.0,0.0,305.52,1095.67,1812.65,2371.91,2731.21,2865.15,2764.43,2436.07,1903.25,1205.68,415.82,0.0,0.0,0.0,0.0,0.0,0.0,19907.4,2865.2,12,0.0,0.0,0.0,0.0,0.0,0.0,21.75,577.47,1309.55,1970.5,2481.78,2798.69,2896.09,2766.53,2420.03,1884.4,1207.76,477.73,3.7,0.0,0.0,0.0,0.0,0.0,20816.0,2896.1,12,0.0,0.0,0.0,0.0,0.0,0.0,140.61,721.81,1390.41,1989.38,2447.16,2721.3,2788.73,2644.01,2299.05,1783.71,1149.11,485.72,37.08,0.0,0.0,0.0,0.0,0.0,20598.1,2788.7,12,0.0,0.0,0.0,0.0,0.0,0.03,181.97,731.34,1354.01,1914.81,2345.72,2605.54,2671.76,2538.85,2218.04,1737.84,1146.93,527.95,85.68,0.0,0.0,0.0,0.0,0.0,20060.5,2671.8,12,0.0,0.0,0.0,0.0,0.0,0.0,145.95,670.27,1286.15,1849.88,2290.72,2565.85,2651.24,2539.71,2240.63,1780.35,1204.58,589.68,108.57,0.0,0.0,0.0,0.0,0.0,19923.6,2651.2,12,0.0,0.0,0.0,0.0,0.0,0.0,99.38,625.99,1272.34,1867.52,2335.29,2630.59,2727.97,2619.35,2313.68,1837.32,1236.53,590.24,82.9,0.0,0.0,0.0,0.0,0.0,20239.1,2728.0,12,0.0,0.0,0.0,0.0,0.0,0.0,62.61,638.34,1339.91,1969.85,2453.42,2747.31,2827.61,2687.97,2339.39,1810.61,1151.26,452.1,6.18,0.0,0.0,0.0,0.0,0.0,20486.5,2827.6,12,0.0,0.0,0.0,0.0,0.0,0.0,19.84,638.18,1387.02,2031.01,2506.47,2776.15,2820.11,2635.15,2234.76,1649.25,929.22,192.01,0.0,0.0,0.0,0.0,0.0,0.0,19819.1,2820.1,12,0.0,0.0,0.0,0.0,0.0,0.0,0.0,519.97,1308.1,1957.33,2421.56,2672.15,2693.36,2483.86,2056.81,1438.54,669.37,6.17,0.0,0.0,0.0,0.0,0.0,0.0,18227.2,2693.4,12,0.0,0.0,0.0,0.0,0.0,0.0,0.0,258.46,1085.49,1761.67,2244.93,2514.76,2557.46,2370.74,1964.38,1357.15,572.41,0.0,0.0,0.0,0.0,0.0,0.0,0.0,16687.5,2557.5,12
Liechtenstein,47.1,9.6,1,0.0,0.0,0.0,0.0,0.0,0.0,0.0,0.0,0.0,1151.73,1924.68,2394.85,2617.79,2597.25,2333.25,1819.31,975.14,0.0,0.0,0.0,0.0,0.0,0.0,0.0,15814.0,2617.8,12,0.0,0.0,0.0,0.0,0.0,0.0,0.0,330.33,1078.03,1802.64,2399.19,2816.3,3023.68,3005.97,2764.51,2317.33,1696.84,960.37,229.81,0.0,0.0,0.0,0.0,0.0,22425.0,3023.7,12,0.0,0.0,0.0,0.0,0.0,21.8,132.97,457.92,1042.97,1623.12,2115.49,2466.6,2643.0,2628.83,2425.32,2050.85,1541.58,954.43,378.52,118.12,8.9,0.0,0.0,0.0,20610.4,2643.0,12,0.0,0.0,0.0,0.0,0.0,0.0,0.0,260.16,1031.48,1750.57,2321.66,2699.81,2857.78,2784.37,2484.7,1980.03,1307.88,532.87,0.0,0.0,0.0,0.0,0.0,0.0,20011.3,2857.8,12,0.0,0.0,0.0,0.0,0.0,0.0,0.0,0.0,0.0,1151.73,1924.68,2394.85,2617.79,2597.25,2333.25,1819.31,975.14,0.0,0.0,0.0,0.0,0.0,0.0,0.0,15814.0,2617.8,12,0.0,0.0,0.0,0.0,0.0,0.0,0.0,0.0,266.67,1326.67,2046.02,2533.27,2791.4,2812.05,2594.41,2146.19,1470.2,481.39,0.0,0.0,0.0,0.0,0.0,0.0,18468.3,2812.1,13,0.0,0.0,0.0,0.0,0.0,0.0,0.0,0.0,826.04,1636.97,2292.68,2759.16,3007.98,3023.27,2804.07,2364.45,1731.65,940.34,81.0,0.0,0.0,0.0,0.0,0.0,21467.6,3023.3,13,0.0,0.0,0.0,0.0,0.0,0.0,0.0,330.33,1078.03,1802.64,2399.19,2816.3,3023.68,3005.97,2764.51,2317.33,1696.84,960.37,229.81,0.0,0.0,0.0,0.0,0.0,22425.0,3023.7,12,0.0,0.0,0.0,0.0,0.0,0.0,67.83,487.72,1163.59,1811.31,2345.35,2713.72,2884.71,2844.33,2595.89,2160.11,1575.89,905.1,257.1,33.64,0.0,0.0,0.0,0.0,21846.3,2884.7,12,0.0,0.0,0.0,0.0,0.0,25.04,125.84,513.48,1127.8,1720.93,2214.27,2557.19,2718.38,2683.86,2456.63,2056.67,1521.7,910.47,316.73,94.85,1.64,0.0,0.0,0.0,21045.5,2718.4,12,0.0,0.0,0.0,0.0,0.0,21.8,132.97,457.92,1042.97,1623.12,2115.49,2466.6,2643.0,2628.83,2425.32,2050.85,1541.58,954.43,378.52,118.12,8.9,0.0,0.0,0.0,20610.4,2643.0,12,0.0,0.0,0.0,0.0,0.0,0.0,86.97,395.79,995.22,1603.31,2123.71,2498.01,2690.32,2683.37,2477.73,2091.82,1562.88,951.18,357.37,77.21,0.0,0.0,0.0,0.0,20594.9,2690.3,12,0.0,0.0,0.0,0.0,0.0,0.0,12.69,352.9,1012.33,1673.11,2225.89,2612.18,2797.49,2766.28,2521.08,2082.57,1491.1,814.82,194.91,0.0,0.0,0.0,0.0,0.0,20557.3,2797.5,12,0.0,0.0,0.0,0.0,0.0,0.0,0.0,260.16,1031.48,1750.57,2321.66,2699.81,2857.78,2784.37,2484.7,1980.03,1307.88,532.87,0.0,0.0,0.0,0.0,0.0,0.0,20011.3,2857.8,12,0.0,0.0,0.0,0.0,0.0,0.0,0.0,0.0,853.64,1673.33,2266.32,2636.2,2773.48,2675.63,2344.7,1787.77,1007.95,51.41,0.0,0.0,0.0,0.0,0.0,0.0,18070.4,2773.5,12,0.0,0.0,0.0,0.0,0.0,0.0,0.0,0.0,308.28,1403.73,2070.22,2474.78,2638.47,2560.84,2242.48,1676.06,764.17,0.0,0.0,0.0,0.0,0.0,0.0,0.0,16139.0,2638.5,12
Lithuania,56.0,24.0,2,0.0,0.0,0.0,0.0,0.0,0.0,0.0,0.0,0.0,5.2,504.63,1096.56,1388.82,1375.45,1056.08,442.66,0.0,0.0,0.0,0.0,0.0,0.0,0.0,0.0,5869.4,1388.8,12,0.0,0.0,0.0,0.0,0.0,0.0,0.98,290.53,999.39,1708.38,2303.53,2725.56,2938.71,2930.32,2701.09,2264.71,1659.16,945.91,246.82,0.17,0.0,0.0,0.0,0.0,21715.3,2938.7,12,0.0,0.0,0.0,0.0,3.68,61.95,119.68,451.54,1074.07,1673.4,2178.39,2539.6,2724.84,2718.31,2520.54,2148.42,1635.23,1031.68,410.82,115.86,57.3,1.87,0.0,0.0,21467.2,2724.8,12,0.0,0.0,0.0,0.0,0.0,0.0,0.0,154.35,870.86,1583.95,2157.73,2542.15,2708.4,2644.46,2354.81,1860.46,1200.16,449.16,0.0,0.0,0.0,0.0,0.0,0.0,18526.5,2708.4,12,0.0,0.0,0.0,0.0,0.0,0.0,0.0,0.0,0.0,5.2,504.63,1096.56,1388.82,1375.45,1056.08,442.66,0.0,0.0,0.0,0.0,0.0,0.0,0.0,0.0,5869.4,1388.8,12,0.0,0.0,0.0,0.0,0.0,0.0,0.0,0.0,0.0,409.06,1265.07,1838.71,2138.88,2172.76,1940.8,1439.25,651.15,0.0,0.0,0.0,0.0,0.0,0.0,0.0,11855.7,2172.8,13,0.0,0.0,0.0,0.0,0.0,0.0,0.0,0.0,438.79,1262.08,1939.63,2423.23,2685.49,2710.86,2497.88,2059.49,1421.26,623.34,0.0,0.0,0.0,0.0,0.0,0.0,18062.1,2710.9,13,0.0,0.0,0.0,0.0,0.0,0.0,0.98,290.53,999.39,1708.38,2303.53,2725.56,2938.71,2930.32,2701.09,2264.71,1659.16,945.91,246.82,0.17,0.0,0.0,0.0,0.0,21715.3,2938.7,12,0.0,0.0,0.0,0.0,0.0,7.88,60.18,484.96,1176.68,1831.38,2369.31,2741.62,2918.97,2887.48,2649.63,2224.28,1645.22,970.06,290.26,45.47,0.3,0.0,0.0,0.0,22303.7,2919.0,12,0.0,0.0,0.0,0.0,2.83,55.49,108.65,510.65,1155.74,1764.58,2268.76,2620.91,2790.64,2763.86,2542.79,2145.96,1608.24,982.0,343.09,95.41,40.33,0.0,0.0,0.0,21799.9,2790.6,12,0.0,0.0,0.0,0.0,3.68,61.95,119.68,451.54,1074.07,1673.4,2178.39,2539.6,2724.84,2718.31,2520.54,2148.42,1635.23,1031.68,410.82,115.86,57.3,1.87,0.0,0.0,21467.2,2724.8,12,0.0,0.0,0.0,0.0,0.0,18.16,95.44,392.68,1008.89,1622.5,2147.15,2526.88,2726.11,2727.22,2530.08,2152.04,1628.41,1014.95,397.84,95.2,17.62,0.0,0.0,0.0,21101.2,2727.2,13,0.0,0.0,0.0,0.0,0.0,0.0,23.34,338.26,977.58,1626.65,2175.55,2563.62,2754.84,2732.64,2498.84,2073.77,1497.72,838.21,224.92,7.21,0.0,0.0,0.0,0.0,20333.1,2754.8,12,0.0,0.0,0.0,0.0,0.0,0.0,0.0,154.35,870.86,1583.95,2157.73,2542.15,2708.4,2644.46,2354.81,1860.46,1200.16,449.16,0.0,0.0,0.0,0.0,0.0,0.0,18526.5,2708.4,12,0.0,0.0,0.0,0.0,0.0,0.0,0.0,0.0,354.11,1289.93,1946.14,2350.12,2506.17,2411.77,2068.43,1475.26,601.17,0.0,0.0,0.0,0.0,0.0,0.0,0.0,15003.1,2506.2,12,0.0,0.0,0.0,0.0,0.0,0.0,0.0,0.0,0.0,208.54,1018.87,1546.98,1760.43,1676.73,1288.99,572.65,0.0,0.0,0.0,0.0,0.0,0.0,0.0,0.0,8073.2,1760.4,12
Luxembourg,49.8,6.1,0,0.0,0.0,0.0,0.0,0.0,0.0,0.0,0.0,81.0,780.11,1358.87,1668.88,1709.14,1479.91,980.5,260.89,0.0,0.0,0.0,0.0,0.0,0.0,0.0,0.0,8319.3,1709.1,12,0.0,0.0,0.0,0.0,0.0,0.0,104.88,625.55,1267.57,1849.34,2287.42,2535.19,2569.34,2386.84,2004.66,1461.64,826.87,237.55,0.55,0.0,0.0,0.0,0.0,0.0,18157.4,2569.3,12,0.0,0.0,0.0,0.0,10.38,131.56,347.69,855.24,1400.5,1888.98,2258.25,2468.18,2497.74,2344.03,2022.22,1566.14,1030.45,497.75,169.76,41.44,0.0,0.0,0.0,0.0,19530.3,2497.7,12,0.0,0.0,0.0,0.0,0.0,0.0,28.2,547.95,1222.38,1803.8,2216.33,2421.68,2402.68,2160.78,1716.22,1111.35,433.82,4.53,0.0,0.0,0.0,0.0,0.0,0.0,16069.7,2421.7,11,0.0,0.0,0.0,0.0,0.0,0.0,0.0,0.0,81.0,780.11,1358.87,1668.88,1709.14,1479.91,980.5,260.89,0.0,0.0,0.0,0.0,0.0,0.0,0.0,0.0,8319.3,1709.1,12,0.0,0.0,0.0,0.0,0.0,0.0,0.0,0.0,341.81,1097.8,1665.6,1995.31,2076.09,1905.29,1488.77,842.23,103.7,0.0,0.0,0.0,0.0,0.0,0.0,0.0,11516.6,2076.1,12,0.0,0.0,0.0,0.0,0.0,0.0,0.0,153.68,824.17,1483.42,1986.57,2284.94,2355.04,2191.67,1807.39,1234.36,541.22,15.0,0.0,0.0,0.0,0.0,0.0,0.0,14877.5,2355.0,12,0.0,0.0,0.0,0.0,0.0,0.0,104.88,625.55,1267.57,1849.34,2287.42,2535.19,2569.34,2386.84,2004.66,1461.64,826.87,237.55,0.55,0.0,0.0,0.0,0.0,0.0,18157.4,2569.3,12,0.0,0.0,0.0,0.0,0.0,59.61,320.95,871.91,1465.62,1989.17,2375.2,2582.74,2591.64,2401.09,2029.63,1516.35,925.8,365.03,74.07,0.0,0.0,0.0,0.0,0.0,19568.8,2591.6,12,0.0,0.0,0.0,0.0,10.8,134.87,386.25,907.15,1456.79,1941.81,2301.07,2495.9,2506.87,2332.92,1991.36,1518.55,972.68,442.28,150.34,21.39,0.0,0.0,0.0,0.0,19571.0,2506.9,12,0.0,0.0,0.0,0.0,10.38,131.56,347.69,855.24,1400.5,1888.98,2258.25,2468.18,2497.74,2344.03,2022.22,1566.14,1030.45,497.75,169.76,41.44,0.0,0.0,0.0,0.0,19530.3,2497.7,12,0.0,0.0,0.0,0.0,0.0,66.06,276.83,782.31,1348.62,1862.96,2255.46,2482.45,2520.95,2367.15,2036.24,1563.28,1006.59,458.91,121.1,2.69,0.0,0.0,0.0,0.0,19151.6,2520.9,12,0.0,0.0,0.0,0.0,0.0,0.52,181.86,707.59,1317.87,1865.64,2274.06,2498.67,2517.55,2328.84,1950.66,1422.91,815.07,256.64,5.8,0.0,0.0,0.0,0.0,0.0,18143.7,2517.5,12,0.0,0.0,0.0,0.0,0.0,0.0,28.2,547.95,1222.38,1803.8,2216.33,2421.68,2402.68,2160.78,1716.22,1111.35,433.82,4.53,0.0,0.0,0.0,0.0,0.0,0.0,16069.7,2421.7,11,0.0,0.0,0.0,0.0,0.0,0.0,0.0,141.12,873.58,1515.83,1947.55,2145.79,2101.01,1815.26,1301.99,595.06,8.6,0.0,0.0,0.0,0.0,0.0,0.0,0.0,12445.8,2145.8,11,0.0,0.0,0.0,0.0,0.0,0.0,0.0,0.0,306.59,1033.46,1537.39,1777.96,1754.52,1467.06,916.66,181.77,0.0,0.0,0.0,0.0,0.0,0.0,0.0,0.0,8975.4,1778.0,11
Madagascar,-20.0,47.0,3,0.0,0.0,0.0,0.0,0.0,0.0,120.97,675.56,1339.43,1945.87,2418.51,2712.1,2801.37,2678.95,2354.96,1857.56,1235.71,573.57,73.28,0.0,0.0,0.0,0.0,0.0,20787.9,2801.4,12,0.0,0.0,0.0,0.0,0.0,0.0,0.0,502.23,1274.52,1956.09,2477.88,2799.77,2898.45,2766.89,2414.46,1866.75,1166.5,391.74,0.0,0.0,0.0,0.0,0.0,0.0,20515.3,2898.5,12,0.0,0.0,0.0,0.0,0.0,0.0,0.0,223.96,995.23,1644.22,2129.21,2425.85,2517.19,2397.78,2074.7,1566.24,897.26,129.01,0.0,0.0,0.0,0.0,0.0,0.0,17000.6,2517.2,12,0.0,0.0,0.0,0.0,0.0,0.0,87.41,765.64,1507.45,2145.54,2617.49,2885.55,2929.53,2746.19,2349.25,1769.55,1058.09,315.25,0.0,0.0,0.0,0.0,0.0,0.0,21176.9,2929.5,12,0.0,0.0,0.0,0.0,0.0,0.0,120.97,675.56,1339.43,1945.87,2418.51,2712.1,2801.37,2678.95,2354.96,1857.56,1235.71,573.57,73.28,0.0,0.0,0.0,0.0,0.0,20787.9,2801.4,12,0.0,0.0,0.0,0.0,0.0,0.0,37.7,537.91,1230.51,1881.41,2402.0,2741.9,2872.09,2781.98,2478.81,1988.04,1355.55,659.92,88.06,0.0,0.0,0.0,0.0,0.0,21055.9,2872.1,12,0.0,0.0,0.0,0.0,0.0,0.0,4.66,497.56,1237.49,1921.75,2463.16,2813.27,2944.05,2845.41,2524.89,2007.86,1339.38,597.97,25.34,0.0,0.0,0.0,0.0,0.0,21222.8,2944.1,12,0.0,0.0,0.0,0.0,0.0,0.0,0.0,502.23,1274.52,1956.09,2477.88,2799.77,2898.45,2766.89,2414.46,1866.75,1166.5,391.74,0.0,0.0,0.0,0.0,0.0,0.0,20515.3,2898.5,12,0.0,0.0,0.0,0.0,0.0,0.0,0.0,462.95,1237.27,1891.32,2377.82,2665.61,2736.0,2584.4,2220.72,1668.45,962.91,179.8,0.0,0.0,0.0,0.0,0.0,0.0,18987.2,2736.0,12,0.0,0.0,0.0,0.0,0.0,0.0,0.0,314.08,1081.22,1719.37,2190.57,2469.64,2540.21,2398.04,2051.66,1520.96,832.87,77.71,0.0,0.0,0.0,0.0,0.0,0.0,17196.3,2540.2,12,0.0,0.0,0.0,0.0,0.0,0.0,0.0,223.96,995.23,1644.22,2129.21,2425.85,2517.19,2397.78,2074.7,1566.24,897.26,129.01,0.0,0.0,0.0,0.0,0.0,0.0,17000.6,2517.2,12,0.0,0.0,0.0,0.0,0.0,0.0,0.0,332.92,1119.53,1784.9,2288.81,2601.85,2704.52,2590.28,2266.38,1752.95,1079.87,290.23,0.0,0.0,0.0,0.0,0.0,0.0,18812.2,2704.5,12,0.0,0.0,0.0,0.0,0.0,0.0,0.0,550.84,1323.38,1988.28,2489.8,2792.35,2874.98,2732.01,2373.29,1823.77,1123.22,341.44,0.0,0.0,0.0,0.0,0.0,0.0,20413.4,2875.0,12,0.0,0.0,0.0,0.0,0.0,0.0,87.41,765.64,1507.45,2145.54,2617.49,2885.55,2929.53,2746.19,2349.25,1769.55,1058.09,315.25,0.0,0.0,0.0,0.0,0.0,0.0,21176.9,2929.5,12,0.0,0.0,0.0,0.0,0.0,0.0,220.33,884.9,1583.74,2184.04,2622.66,2861.8,2882.28,2682.53,2278.53,1704.53,1017.8,329.19,0.0,0.0,0.0,0.0,0.0,0.0,21252.3,2882.3,12,0.0,0.0,0.0,0.0,0.0,0.0,218.05,832.47,1499.39,2084.38,2521.04,2769.56,2809.12,2636.51,2266.02,1730.12,1083.56,424.97,19.62,0.0,0.0,0.0,0.0,0.0,20894.8,2809.1,12
Malawi,-13.5,34.3,2,0.0,0.0,0.0,0.0,0.0,0.0,140.22,749.85,1431.48,2033.01,2487.21,2753.91,2811.47,2655.34,2297.91,1769.06,1119.35,440.35,9.29,0.0,0.0,0.0,0.0,0.0,20698.5,2811.5,12,0.0,0.0,0.0,0.0,0.0,0.0,15.46,658.15,1423.97,2083.29,2575.65,2863.87,2927.17,2761.04,2377.34,1804.11,1086.88,312.96,0.0,0.0,0.0,0.0,0.0,0.0,20889.9,2927.2,12,0.0,0.0,0.0,0.0,0.0,0.0,0.0,431.48,1151.79,1759.24,2208.47,2470.73,2529.06,2379.65,2032.21,1509.09,844.13,124.93,0.0,0.0,0.0,0.0,0.0,0.0,17440.8,2529.1,12,0.0,0.0,0.0,0.0,0.0,0.0,109.31,762.36,1472.34,2077.84,2515.14,2747.29,2756.06,2540.8,2118.41,1524.34,819.46,148.58,0.0,0.0,0.0,0.0,0.0,0.0,19591.9,2756.1,12,0.0,0.0,0.0,0.0,0.0,0.0,140.22,749.85,1431.48,2033.01,2487.21,2753.91,2811.47,2655.34,2297.91,1769.06,1119.35,440.35,9.29,0.0,0.0,0.0,0.0,0.0,20698.5,2811.5,12,0.0,0.0,0.0,0.0,0.0,0.0,48.79,624.87,1341.12,1988.51,2490.69,2803.16,2900.77,2775.94,2438.31,1915.19,1253.8,537.32,18.84,0.0,0.0,0.0,0.0,0.0,21137.3,2900.8,12,0.0,0.0,0.0,0.0,0.0,0.0,21.56,624.52,1383.06,2058.02,2576.8,2896.56,2992.89,2858.6,2503.67,1955.34,1259.91,499.2,1.12,0.0,0.0,0.0,0.0,0.0,21631.3,2992.9,12,0.0,0.0,0.0,0.0,0.0,0.0,15.46,658.15,1423.97,2083.29,2575.65,2863.87,2927.17,2761.04,2377.34,1804.11,1086.88,312.96,0.0,0.0,0.0,0.0,0.0,0.0,20889.9,2927.2,12,0.0,0.0,0.0,0.0,0.0,0.0,8.39,653.63,1397.59,2019.97,2473.4,2726.74,2762.77,2579.07,2188.13,1616.64,905.45,148.96,0.0,0.0,0.0,0.0,0.0,0.0,19480.7,2762.8,12,0.0,0.0,0.0,0.0,0.0,0.0,0.0,544.69,1266.34,1865.6,2301.5,2546.13,2583.61,2411.5,2041.02,1496.04,811.68,88.27,0.0,0.0,0.0,0.0,0.0,0.0,17956.4,2583.6,12,0.0,0.0,0.0,0.0,0.0,0.0,0.0,431.48,1151.79,1759.24,2208.47,2470.73,2529.06,2379.65,2032.21,1509.09,844.13,124.93,0.0,0.0,0.0,0.0,0.0,0.0,17440.8,2529.1,12,0.0,0.0,0.0,0.0,0.0,0.0,0.0,441.91,1172.63,1800.76,2270.6,2549.42,2618.26,2472.44,2121.82,1590.32,916.28,187.14,0.0,0.0,0.0,0.0,0.0,0.0,18141.6,2618.3,12,0.0,0.0,0.0,0.0,0.0,0.0,6.86,547.77,1269.15,1896.09,2361.48,2627.85,2675.28,2500.27,2115.78,1551.51,858.37,161.87,0.0,0.0,0.0,0.0,0.0,0.0,18572.3,2675.3,12,0.0,0.0,0.0,0.0,0.0,0.0,109.31,762.36,1472.34,2077.84,2515.14,2747.29,2756.06,2540.8,2118.41,1524.34,819.46,148.58,0.0,0.0,0.0,0.0,0.0,0.0,19591.9,2756.1,12,0.0,0.0,0.0,0.0,0.0,0.0,245.62,917.14,1602.66,2179.63,2588.63,2794.57,2780.96,2548.91,2117.17,1523.38,831.2,179.94,0.0,0.0,0.0,0.0,0.0,0.0,20309.8,2794.6,11,0.0,0.0,0.0,0.0,0.0,0.0,250.12,900.96,1573.16,2145.94,2559.75,2778.92,2785.8,2579.89,2177.76,1613.87,945.81,287.05,0.0,0.0,0.0,0.0,0.0,0.0,20599.0,2785.8,12
Malaysia,3.5,112.5,8,0.0,0.0,0.0,0.0,0.0,0.0,0.0,68.46,730.27,1438.29,2032.97,2460.51,2688.4,2700.06,2494.64,2087.04,1508.0,808.17,119.2,0.0,0.0,0.0,0.0,0.0,19136.0,2700.1,13,0.0,0.0,0.0,0.0,0.0,0.0,0.0,106.75,793.04,1522.22,2139.69,2585.9,2825.19,2839.55,2627.92,2206.2,1607.75,888.09,175.34,0.0,0.0,0.0,0.0,0.0,20317.6,2839.5,13,0.0,0.0,0.0,0.0,0.0,0.0,0.0,122.82,728.87,1370.68,1916.76,2312.42,2525.12,2538.43,2351.32,1978.18,1449.3,815.48,187.91,0.0,0.0,0.0,0.0,0.0,18297.3,2538.4,13,0.0,0.0,0.0,0.0,0.0,0.0,0.0,223.01,951.23,1662.74,2244.55,2644.58,2831.72,2792.02,2528.42,2060.75,1426.54,689.32,45.81,0.0,0.0,0.0,0.0,0.0,20100.7,2831.7,12,0.0,0.0,0.0,0.0,0.0,0.0,0.0,68.46,730.27,1438.29,2032.97,2460.51,2688.4,2700.06,2494.64,2087.04,1508.0,808.17,119.2,0.0,0.0,0.0,0.0,0.0,19136.0,2700.1,13,0.0,0.0,0.0,0.0,0.0,0.0,0.0,22.9,653.22,1397.31,2036.91,2511.28,2783.89,2834.82,2660.38,2273.15,1702.0,994.39,249.76,0.0,0.0,0.0,0.0,0.0,20120.0,2834.8,13,0.0,0.0,0.0,0.0,0.0,0.0,0.0,36.38,688.55,1443.69,2093.71,2574.98,2849.58,2897.09,2714.04,2313.87,1727.1,1004.35,252.44,0.0,0.0,0.0,0.0,0.0,20595.8,2897.1,13,0.0,0.0,0.0,0.0,0.0,0.0,0.0,106.75,793.04,1522.22,2139.69,2585.9,2825.19,2839.55,2627.92,2206.2,1607.75,888.09,175.34,0.0,0.0,0.0,0.0,0.0,20317.6,2839.5,13,0.0,0.0,0.0,0.0,0.0,0.0,0.0,181.64,859.22,1542.9,2113.02,2516.07,2719.91,2709.11,2484.53,2063.25,1479.21,788.97,129.81,0.0,0.0,0.0,0.0,0.0,19587.6,2719.9,12,0.0,0.0,0.0,0.0,0.0,0.0,0.0,175.24,808.52,1453.3,1993.26,2376.44,2571.82,2564.43,2354.85,1959.2,1409.77,760.64,138.93,0.0,0.0,0.0,0.0,0.0,18566.4,2571.8,12,0.0,0.0,0.0,0.0,0.0,0.0,0.0,122.82,728.87,1370.68,1916.76,2312.42,2525.12,2538.43,2351.32,1978.18,1449.3,815.48,187.91,0.0,0.0,0.0,0.0,0.0,18297.3,2538.4,13,0.0,0.0,0.0,0.0,0.0,0.0,0.0,102.3,727.08,1399.47,1973.87,2392.96,2622.52,2644.95,2458.54,2077.43,1532.09,873.45,211.0,0.0,0.0,0.0,0.0,0.0,19015.7,2645.0,13,0.0,0.0,0.0,0.0,0.0,0.0,0.0,138.92,816.23,1519.3,2110.28,2532.39,2751.71,2751.6,2532.03,2109.65,1518.35,814.94,137.35,0.0,0.0,0.0,0.0,0.0,19732.8,2751.7,12,0.0,0.0,0.0,0.0,0.0,0.0,0.0,223.01,951.23,1662.74,2244.55,2644.58,2831.72,2792.02,2528.42,2060.75,1426.54,689.32,45.81,0.0,0.0,0.0,0.0,0.0,20100.7,2831.7,12,0.0,0.0,0.0,0.0,0.0,0.0,0.0,273.92,1013.08,1711.45,2272.36,2648.46,2811.4,2749.3,2466.69,1984.51,1340.78,600.32,11.88,0.0,0.0,0.0,0.0,0.0,19884.1,2811.4,12,0.0,0.0,0.0,0.0,0.0,0.0,0.0,190.22,897.34,1586.02,2146.2,2529.84,2708.04,2667.86,2412.21,1959.87,1345.94,629.78,24.2,0.0,0.0,0.0,0.0,0.0,19097.5,2708.0,12
Maldives,3.2,73.5,5,0.0,0.0,0.0,0.0,0.0,0.0,0.0,299.4,1019.72,1689.99,2222.37,2572.93,2715.53,2639.81,2351.25,1871.08,1237.1,515.33,2.02,0.0,0.0,0.0,0.0,0.0,19136.5,2715.5,12,0.0,0.0,0.0,0.0,0.0,0.0,0.0,362.91,1109.31,1805.53,2360.94,2728.02,2878.59,2801.53,2502.5,2004.15,1347.04,600.68,13.81,0.0,0.0,0.0,0.0,0.0,20515.0,2878.6,12,0.0,0.0,0.0,0.0,0.0,0.0,0.0,311.44,947.13,1553.75,2041.97,2366.11,2499.74,2432.45,2169.46,1731.71,1157.64,515.33,19.6,0.0,0.0,0.0,0.0,0.0,17746.3,2499.7,12,0.0,0.0,0.0,0.0,0.0,0.0,2.07,546.48,1305.72,1978.69,2495.06,2813.73,2911.04,2779.93,2429.95,1887.23,1195.82,434.9,0.0,0.0,0.0,0.0,0.0,0.0,20780.6,2911.0,12,0.0,0.0,0.0,0.0,0.0,0.0,0.0,299.4,1019.72,1689.99,2222.37,2572.93,2715.53,2639.81,2351.25,1871.08,1237.1,515.33,2.02,0.0,0.0,0.0,0.0,0.0,19136.5,2715.5,12,0.0,0.0,0.0,0.0,0.0,0.0,0.0,196.65,916.82,1622.96,2199.35,2595.22,2780.21,2740.68,2479.49,2016.01,1386.84,654.32,30.65,0.0,0.0,0.0,0.0,0.0,19619.2,2780.2,12,0.0,0.0,0.0,0.0,0.0,0.0,0.0,237.62,981.07,1702.05,2289.13,2690.64,2875.61,2830.34,2558.13,2079.35,1432.15,681.2,36.49,0.0,0.0,0.0,0.0,0.0,20393.8,2875.6,12,0.0,0.0,0.0,0.0,0.0,0.0,0.0,362.91,1109.31,1805.53,2360.94,2728.02,2878.59,2801.53,2502.5,2004.15,1347.04,600.68,13.81,0.0,0.0,0.0,0.0,0.0,20515.0,2878.6,12,0.0,0.0,0.0,0.0,0.0,0.0,0.16,414.94,1113.35,1757.04,2263.82,2589.31,2707.96,2610.79,2305.18,1815.06,1182.64,483.63,3.26,0.0,0.0,0.0,0.0,0.0,19247.1,2708.0,12,0.0,0.0,0.0,0.0,0.0,0.0,0.29,387.11,1041.37,1648.91,2129.27,2439.32,2554.29,2465.36,2179.38,1719.02,1124.72,468.95,6.21,0.0,0.0,0.0,0.0,0.0,18164.2,2554.3,12,0.0,0.0,0.0,0.0,0.0,0.0,0.0,311.44,947.13,1553.75,2041.97,2366.11,2499.74,2432.45,2169.46,1731.71,1157.64,515.33,19.6,0.0,0.0,0.0,0.0,0.0,17746.3,2499.7,12,0.0,0.0,0.0,0.0,0.0,0.0,0.0,304.63,973.41,1612.42,2128.36,2473.98,2621.61,2559.91,2293.55,1843.31,1247.42,572.43,27.08,0.0,0.0,0.0,0.0,0.0,18658.1,2621.6,12,0.0,0.0,0.0,0.0,0.0,0.0,0.0,416.04,1149.01,1821.75,2353.01,2698.27,2831.19,2741.95,2437.1,1939.64,1290.03,557.82,6.98,0.0,0.0,0.0,0.0,0.0,20242.8,2831.2,12,0.0,0.0,0.0,0.0,0.0,0.0,2.07,546.48,1305.72,1978.69,2495.06,2813.73,2911.04,2779.93,2429.95,1887.23,1195.82,434.9,0.0,0.0,0.0,0.0,0.0,0.0,20780.6,2911.0,12,0.0,0.0,0.0,0.0,0.0,0.0,7.72,596.77,1346.93,2000.25,2492.9,2786.72,2860.25,2708.24,2341.66,1787.71,1091.27,337.83,0.0,0.0,0.0,0.0,0.0,0.0,20358.2,2860.3,12,0.0,0.0,0.0,0.0,0.0,0.0,0.3,489.22,1221.16,1868.26,2363.4,2667.98,2759.75,2632.14,2294.35,1771.22,1104.47,371.51,0.0,0.0,0.0,0.0,0.0,0.0,19543.8,2759.7,12
Mali,17.0,-2.0,0,0.0,0.0,0.0,0.0,0.0,0.0,0.0,44.13,706.54,1409.12,1965.67,2333.05,2486.91,2417.21,2128.48,1639.67,985.04,249.56,0.0,0.0,0.0,0.0,0.0,0.0,16365.4,2486.9,12,0.0,0.0,0.0,0.0,0.0,0.0,0.0,284.44,962.62,1631.84,2177.55,2543.83,2699.05,2630.58,2344.0,1863.36,1233.84,537.72,20.63,0.0,0.0,0.0,0.0,0.0,18929.5,2699.0,12,0.0,0.0,0.0,0.0,0.0,0.0,12.9,373.51,944.11,1509.94,1977.44,2293.91,2429.05,2370.79,2124.26,1712.22,1177.42,592.82,106.74,0.0,0.0,0.0,0.0,0.0,17625.1,2429.1,12,0.0,0.0,0.0,0.0,0.0,0.0,0.0,350.66,1054.18,1711.49,2224.92,2546.5,2650.01,2527.34,2188.08,1660.01,993.43,294.98,0.0,0.0,0.0,0.0,0.0,0.0,18201.6,2650.0,12,0.0,0.0,0.0,0.0,0.0,0.0,0.0,44.13,706.54,1409.12,1965.67,2333.05,2486.91,2417.21,2128.48,1639.67,985.04,249.56,0.0,0.0,0.0,0.0,0.0,0.0,16365.4,2486.9,12,0.0,0.0,0.0,0.0,0.0,0.0,0.0,23.74,625.32,1341.37,1932.51,2341.04,2536.14,2503.91,2246.59,1782.71,1148.6,419.27,0.05,0.0,0.0,0.0,0.0,0.0,16901.3,2536.1,12,0.0,0.0,0.0,0.0,0.0,0.0,0.0,100.76,766.25,1477.31,2066.27,2473.46,2665.62,2628.04,2363.56,1892.76,1255.81,528.63,7.03,0.0,0.0,0.0,0.0,0.0,18225.5,2665.6,12,0.0,0.0,0.0,0.0,0.0,0.0,0.0,284.44,962.62,1631.84,2177.55,2543.83,2699.05,2630.58,2344.0,1863.36,1233.84,537.72,20.63,0.0,0.0,0.0,0.0,0.0,18929.5,2699.0,12,0.0,0.0,0.0,0.0,0.0,0.0,9.49,425.69,1066.6,1680.5,2174.29,2496.88,2619.44,2531.68,2240.99,1773.07,1174.77,528.86,39.89,0.0,0.0,0.0,0.0,0.0,18762.2,2619.4,12,0.0,0.0,0.0,0.0,0.0,0.0,27.5,437.96,1030.13,1601.52,2064.34,2368.74,2486.45,2407.19,2137.88,1703.15,1148.02,549.97,75.15,0.0,0.0,0.0,0.0,0.0,18038.0,2486.5,12,0.0,0.0,0.0,0.0,0.0,0.0,12.9,373.51,944.11,1509.94,1977.44,2293.91,2429.05,2370.79,2124.26,1712.22,1177.42,592.82,106.74,0.0,0.0,0.0,0.0,0.0,17625.1,2429.1,12,0.0,0.0,0.0,0.0,0.0,0.0,1.49,326.03,921.75,1519.06,2014.78,2353.24,2502.51,2449.47,2198.68,1772.73,1214.73,599.45,89.8,0.0,0.0,0.0,0.0,0.0,17963.7,2502.5,12,0.0,0.0,0.0,0.0,0.0,0.0,0.09,327.8,979.51,1616.41,2132.76,2474.36,2610.8,2530.63,2240.48,1765.53,1152.64,487.69,16.22,0.0,0.0,0.0,0.0,0.0,18334.9,2610.8,12,0.0,0.0,0.0,0.0,0.0,0.0,0.0,350.66,1054.18,1711.49,2224.92,2546.5,2650.01,2527.34,2188.08,1660.01,993.43,294.98,0.0,0.0,0.0,0.0,0.0,0.0,18201.6,2650.0,12,0.0,0.0,0.0,0.0,0.0,0.0,0.0,299.31,1020.24,1678.18,2179.27,2481.76,2563.18,2417.67,2055.77,1504.84,814.46,127.5,0.0,0.0,0.0,0.0,0.0,0.0,17142.2,2563.2,12,0.0,0.0,0.0,0.0,0.0,0.0,0.0,176.58,904.7,1578.38,2093.26,2411.99,2513.38,2390.76,2052.22,1520.32,834.52,121.01,0.0,0.0,0.0,0.0,0.0,0.0,16597.1,2513.4,12
Malta,35.9,14.4,1,0.0,0.0,0.0,0.0,0.0,0.0,0.0,0.0,415.4,1229.54,1831.68,2208.14,2350.41,2253.69,1921.34,1361.9,583.41,0.0,0.0,0.0,0.0,0.0,0.0,0.0,14155.5,2350.4,12,0.0,0.0,0.0,0.0,0.0,0.0,5.52,452.11,1166.41,1839.34,2376.78,2728.02,2863.98,2773.93,2465.04,1962.61,1312.39,595.18,39.74,0.0,0.0,0.0,0.0,0.0,20581.0,2864.0,12,0.0,0.0,0.0,0.0,0.0,1.81,142.16,598.13,1192.57,1756.77,2213.22,2514.11,2631.53,2555.1,2291.53,1864.88,1318.29,721.29,199.41,18.2,0.0,0.0,0.0,0.0,20019.0,2631.5,12,0.0,0.0,0.0,0.0,0.0,0.0,0.07,420.08,1153.0,1814.22,2319.56,2625.79,2709.29,2563.77,2200.12,1646.75,953.62,234.43,0.0,0.0,0.0,0.0,0.0,0.0,18640.7,2709.3,12,0.0,0.0,0.0,0.0,0.0,0.0,0.0,0.0,415.4,1229.54,1831.68,2208.14,2350.41,2253.69,1921.34,1361.9,583.41,0.0,0.0,0.0,0.0,0.0,0.0,0.0,14155.5,2350.4,12,0.0,0.0,0.0,0.0,0.0,0.0,0.0,0.0,495.96,1288.68,1908.15,2318.92,2501.13,2445.28,2154.35,1643.22,936.08,132.46,0.0,0.0,0.0,0.0,0.0,0.0,15824.2,2501.1,12,0.0,0.0,0.0,0.0,0.0,0.0,0.0,123.22,889.64,1634.4,2228.75,2627.33,2802.44,2742.1,2450.46,1947.69,1269.9,481.38,0.0,0.0,0.0,0.0,0.0,0.0,19197.3,2802.4,12,0.0,0.0,0.0,0.0,0.0,0.0,5.52,452.11,1166.41,1839.34,2376.78,2728.02,2863.98,2773.93,2465.04,1962.61,1312.39,595.18,39.74,0.0,0.0,0.0,0.0,0.0,20581.0,2864.0,12,0.0,0.0,0.0,0.0,0.0,0.0,104.24,627.39,1278.78,1884.57,2363.77,2668.44,2771.54,2664.37,2356.07,1874.14,1267.02,616.61,99.8,0.0,0.0,0.0,0.0,0.0,20576.7,2771.5,12,0.0,0.0,0.0,0.0,0.0,4.26,146.2,661.21,1272.98,1841.33,2292.46,2580.88,2680.53,2582.8,2296.18,1846.58,1279.31,667.74,150.51,5.16,0.0,0.0,0.0,0.0,20308.1,2680.5,12,0.0,0.0,0.0,0.0,0.0,1.81,142.16,598.13,1192.57,1756.77,2213.22,2514.11,2631.53,2555.1,2291.53,1864.88,1318.29,721.29,199.41,18.2,0.0,0.0,0.0,0.0,20019.0,2631.5,12,0.0,0.0,0.0,0.0,0.0,0.0,95.81,549.47,1179.03,1779.76,2267.27,2591.41,2722.91,2650.46,2380.21,1935.98,1361.15,727.3,174.86,0.8,0.0,0.0,0.0,0.0,20416.4,2722.9,12,0.0,0.0,0.0,0.0,0.0,0.0,32.14,508.86,1183.61,1818.48,2323.58,2648.78,2765.81,2664.94,2354.45,1861.08,1232.94,555.34,46.52,0.0,0.0,0.0,0.0,0.0,19996.5,2765.8,12,0.0,0.0,0.0,0.0,0.0,0.0,0.07,420.08,1153.0,1814.22,2319.56,2625.79,2709.29,2563.77,2200.12,1646.75,953.62,234.43,0.0,0.0,0.0,0.0,0.0,0.0,18640.7,2709.3,12,0.0,0.0,0.0,0.0,0.0,0.0,0.0,208.96,1016.5,1712.11,2220.5,2514.17,2576.48,2403.78,2005.99,1404.94,635.21,2.76,0.0,0.0,0.0,0.0,0.0,0.0,16701.4,2576.5,12,0.0,0.0,0.0,0.0,0.0,0.0,0.0,3.94,711.09,1472.92,2016.93,2336.38,2421.61,2269.35,1885.23,1279.05,459.92,0.0,0.0,0.0,0.0,0.0,0.0,0.0,14856.4,2421.6,12
Mauritania,20.0,-11.0,-1,0.0,0.0,0.0,0.0,0.0,0.0,0.0,288.75,1080.57,1750.02,2242.01,2529.17,2594.64,2434.49,2058.28,1487.63,754.57,30.81,0.0,0.0,0.0,0.0,0.0,0.0,17250.9,2594.6,12,0.0,0.0,0.0,0.0,0.0,0.0,47.67,663.96,1397.77,2043.9,2531.95,2820.76,2887.87,2728.21,2354.01,1795.14,1102.24,372.12,0.0,0.0,0.0,0.0,0.0,0.0,20745.6,2887.9,12,0.0,0.0,0.0,0.0,0.0,0.0,158.03,698.67,1314.77,1867.42,2289.56,2541.14,2600.52,2462.78,2139.42,1659.05,1070.63,460.02,42.0,0.0,0.0,0.0,0.0,0.0,19304.0,2600.5,12,0.0,0.0,0.0,0.0,0.0,0.0,62.66,722.94,1454.33,2073.96,2521.09,2760.18,2773.3,2559.49,2134.67,1532.18,808.51,113.68,0.0,0.0,0.0,0.0,0.0,0.0,19517.0,2773.3,12,0.0,0.0,0.0,0.0,0.0,0.0,0.0,288.75,1080.57,1750.02,2242.01,2529.17,2594.64,2434.49,2058.28,1487.63,754.57,30.81,0.0,0.0,0.0,0.0,0.0,0.0,17250.9,2594.6,12,0.0,0.0,0.0,0.0,0.0,0.0,0.0,293.78,1101.5,1804.34,2337.85,2668.24,2774.41,2649.49,2301.55,1752.77,1038.08,231.59,0.0,0.0,0.0,0.0,0.0,0.0,18953.6,2774.4,12,0.0,0.0,0.0,0.0,0.0,0.0,0.0,455.26,1241.84,1936.61,2468.52,2797.38,2899.71,2768.3,2412.42,1857.62,1146.57,359.82,0.0,0.0,0.0,0.0,0.0,0.0,20344.0,2899.7,12,0.0,0.0,0.0,0.0,0.0,0.0,47.67,663.96,1397.77,2043.9,2531.95,2820.76,2887.87,2728.21,2354.01,1795.14,1102.24,372.12,0.0,0.0,0.0,0.0,0.0,0.0,20745.6,2887.9,12,0.0,0.0,0.0,0.0,0.0,0.0,164.58,775.34,1445.91,2032.64,2469.67,2717.95,2757.1,2584.02,2212.77,1675.29,1025.63,365.18,1.44,0.0,0.0,0.0,0.0,0.0,20227.5,2757.1,12,0.0,0.0,0.0,0.0,0.0,0.0,197.93,766.82,1390.71,1940.57,2352.55,2588.45,2628.24,2468.7,2123.13,1622.21,1017.81,403.12,20.11,0.0,0.0,0.0,0.0,0.0,19520.3,2628.2,12,0.0,0.0,0.0,0.0,0.0,0.0,158.03,698.67,1314.77,1867.42,2289.56,2541.14,2600.52,2462.78,2139.42,1659.05,1070.63,460.02,42.0,0.0,0.0,0.0,0.0,0.0,19304.0,2600.5,12,0.0,0.0,0.0,0.0,0.0,0.0,107.64,649.44,1291.61,1872.11,2318.46,2588.17,2658.09,2522.45,2192.45,1697.0,1086.18,449.53,21.45,0.0,0.0,0.0,0.0,0.0,19454.6,2658.1,12,0.0,0.0,0.0,0.0,0.0,0.0,79.98,672.69,1364.01,1974.28,2432.59,2697.94,2748.65,2580.67,2207.41,1660.44,994.03,315.19,0.0,0.0,0.0,0.0,0.0,0.0,19727.9,2748.7,12,0.0,0.0,0.0,0.0,0.0,0.0,62.66,722.94,1454.33,2073.96,2521.09,2760.18,2773.3,2559.49,2134.67,1532.18,808.51,113.68,0.0,0.0,0.0,0.0,0.0,0.0,19517.0,2773.3,12,0.0,0.0,0.0,0.0,0.0,0.0,18.23,683.87,1435.28,2050.78,2482.37,2700.65,2690.99,2454.03,2005.68,1376.52,617.12,4.72,0.0,0.0,0.0,0.0,0.0,0.0,18520.2,2700.7,11,0.0,0.0,0.0,0.0,0.0,0.0,0.0,482.94,1251.29,1880.0,2325.36,2561.13,2573.03,2360.32,1935.95,1324.97,567.2,0.38,0.0,0.0,0.0,0.0,0.0,0.0,17262.6,2573.0,12
Mauritius,-20.3,57.6,4,0.0,0.0,0.0,0.0,0.0,0.0,45.66,492.41,1149.73,1783.1,2300.73,2650.26,2800.97,2740.34,2473.32,2022.66,1430.6,767.62,179.39,0.0,0.0,0.0,0.0,0.0,20836.8,2801.0,12,0.0,0.0,0.0,0.0,0.0,0.0,0.0,266.83,1027.74,1742.97,2315.6,2698.83,2864.32,2800.14,2510.9,2017.6,1358.06,596.2,5.89,0.0,0.0,0.0,0.0,0.0,20205.1,2864.3,12,0.0,0.0,0.0,0.0,0.0,0.0,0.0,30.42,738.48,1430.56,1967.13,2321.72,2474.59,2416.73,2151.56,1694.35,1069.03,313.63,0.0,0.0,0.0,0.0,0.0,0.0,16608.2,2474.6,12,0.0,0.0,0.0,0.0,0.0,0.0,4.88,542.57,1293.87,1970.15,2495.46,2826.15,2936.97,2819.7,2483.1,1952.96,1273.61,522.81,2.98,0.0,0.0,0.0,0.0,0.0,21125.2,2937.0,12,0.0,0.0,0.0,0.0,0.0,0.0,45.66,492.41,1149.73,1783.1,2300.73,2650.26,2800.97,2740.34,2473.32,2022.66,1430.6,767.62,179.39,0.0,0.0,0.0,0.0,0.0,20836.8,2801.0,12,0.0,0.0,0.0,0.0,0.0,0.0,1.21,356.8,1033.8,1710.2,2276.06,2673.18,2866.93,2841.45,2598.75,2158.82,1560.88,870.72,224.0,0.0,0.0,0.0,0.0,0.0,21172.8,2866.9,12,0.0,0.0,0.0,0.0,0.0,0.0,0.0,292.99,1010.79,1721.21,2309.5,2718.89,2915.63,2884.35,2627.42,2165.03,1536.26,807.02,134.88,0.0,0.0,0.0,0.0,0.0,21124.0,2915.6,12,0.0,0.0,0.0,0.0,0.0,0.0,0.0,266.83,1027.74,1742.97,2315.6,2698.83,2864.32,2800.14,2510.9,2017.6,1358.06,596.2,5.89,0.0,0.0,0.0,0.0,0.0,20205.1,2864.3,12,0.0,0.0,0.0,0.0,0.0,0.0,0.0,208.16,982.32,1676.9,2216.22,2564.89,2700.22,2613.34,2309.96,1809.86,1145.51,372.05,0.0,0.0,0.0,0.0,0.0,0.0,18599.4,2700.2,12,0.0,0.0,0.0,0.0,0.0,0.0,0.0,83.28,825.82,1507.3,2030.93,2368.93,2501.82,2421.61,2133.16,1653.33,1008.06,247.03,0.0,0.0,0.0,0.0,0.0,0.0,16781.3,2501.8,12,0.0,0.0,0.0,0.0,0.0,0.0,0.0,30.42,738.48,1430.56,1967.13,2321.72,2474.59,2416.73,2151.56,1694.35,1069.03,313.63,0.0,0.0,0.0,0.0,0.0,0.0,16608.2,2474.6,12,0.0,0.0,0.0,0.0,0.0,0.0,0.0,90.62,858.5,1564.89,2120.07,2492.0,2657.83,2607.05,2342.88,1881.87,1251.66,490.0,0.0,0.0,0.0,0.0,0.0,0.0,18357.4,2657.8,12,0.0,0.0,0.0,0.0,0.0,0.0,0.0,302.85,1079.08,1781.64,2335.03,2698.65,2847.06,2770.01,2472.81,1976.17,1315.71,548.56,0.11,0.0,0.0,0.0,0.0,0.0,20127.7,2847.1,12,0.0,0.0,0.0,0.0,0.0,0.0,4.88,542.57,1293.87,1970.15,2495.46,2826.15,2936.97,2819.7,2483.1,1952.96,1273.61,522.81,2.98,0.0,0.0,0.0,0.0,0.0,21125.2,2937.0,12,0.0,0.0,0.0,0.0,0.0,0.0,85.21,681.75,1392.0,2030.04,2521.31,2821.95,2907.56,2771.47,2424.43,1895.12,1232.75,524.28,24.52,0.0,0.0,0.0,0.0,0.0,21312.4,2907.6,12,0.0,0.0,0.0,0.0,0.0,0.0,94.67,637.65,1307.48,1924.2,2408.95,2715.34,2817.19,2706.17,2391.41,1899.95,1279.22,610.2,82.08,0.0,0.0,0.0,0.0,0.0,20874.5,2817.2,12
Mexico,23.0,-102.0,-7,0.0,0.0,0.0,0.0,0.0,0.0,0.0,317.94,1183.78,1875.49,2383.49,2686.28,2767.43,2622.28,2259.09,1696.81,955.35,81.73,0.0,0.0,0.0,0.0,0.0,0.0,18829.7,2767.4,12,0.0,0.0,0.0,0.0,0.0,0.0,45.96,692.89,1448.74,2112.34,2616.86,2921.82,3004.32,2858.3,2494.59,1940.89,1243.43,482.83,0.69,0.0,0.0,0.0,0.0,0.0,21863.7,3004.3,12,0.0,0.0,0.0,0.0,0.0,0.0,148.26,715.98,1354.24,1925.18,2363.97,2631.12,2704.62,2578.61,2263.15,1784.64,1187.95,548.84,73.39,0.0,0.0,0.0,0.0,0.0,20280.0,2704.6,12,0.0,0.0,0.0,0.0,0.0,0.0,65.05,783.46,1542.91,2182.11,2646.66,2902.22,2930.56,2729.65,2313.76,1713.17,975.95,206.09,0.0,0.0,0.0,0.0,0.0,0.0,20991.6,2930.6,12,0.0,0.0,0.0,0.0,0.0,0.0,0.0,317.94,1183.78,1875.49,2383.49,2686.28,2767.43,2622.28,2259.09,1696.81,955.35,81.73,0.0,0.0,0.0,0.0,0.0,0.0,18829.7,2767.4,12,0.0,0.0,0.0,0.0,0.0,0.0,0.0,294.92,1152.87,1875.74,2425.36,2771.7,2893.77,2783.9,2448.98,1909.36,1194.91,339.87,0.0,0.0,0.0,0.0,0.0,0.0,20091.4,2893.8,12,0.0,0.0,0.0,0.0,0.0,0.0,0.0,468.49,1282.01,1993.87,2541.67,2886.57,3004.74,2888.07,2544.58,1998.02,1287.25,474.11,0.0,0.0,0.0,0.0,0.0,0.0,21369.4,3004.7,12,0.0,0.0,0.0,0.0,0.0,0.0,45.96,692.89,1448.74,2112.34,2616.86,2921.82,3004.32,2858.3,2494.59,1940.89,1243.43,482.83,0.69,0.0,0.0,0.0,0.0,0.0,21863.7,3004.3,12,0.0,0.0,0.0,0.0,0.0,0.0,163.94,805.02,1498.23,2103.39,2557.34,2821.61,2875.38,2714.55,2351.64,1816.11,1157.03,461.2,17.09,0.0,0.0,0.0,0.0,0.0,21342.5,2875.4,12,0.0,0.0,0.0,0.0,0.0,0.0,190.55,787.95,1433.9,2001.96,2430.57,2682.02,2735.88,2587.92,2249.94,1750.24,1136.11,488.8,52.46,0.0,0.0,0.0,0.0,0.0,20528.3,2735.9,12,0.0,0.0,0.0,0.0,0.0,0.0,148.26,715.98,1354.24,1925.18,2363.97,2631.12,2704.62,2578.61,2263.15,1784.64,1187.95,548.84,73.39,0.0,0.0,0.0,0.0,0.0,20280.0,2704.6,12,0.0,0.0,0.0,0.0,0.0,0.0,106.65,683.67,1354.08,1956.25,2421.26,2707.75,2792.43,2668.63,2346.06,1851.15,1229.21,557.97,53.38,0.0,0.0,0.0,0.0,0.0,20728.5,2792.4,12,0.0,0.0,0.0,0.0,0.0,0.0,88.85,730.08,1452.46,2085.16,2562.53,2845.04,2910.89,2755.08,2389.39,1842.52,1162.52,437.27,0.9,0.0,0.0,0.0,0.0,0.0,21262.7,2910.9,12,0.0,0.0,0.0,0.0,0.0,0.0,65.05,783.46,1542.91,2182.11,2646.66,2902.22,2930.56,2729.65,2313.76,1713.17,975.95,206.09,0.0,0.0,0.0,0.0,0.0,0.0,20991.6,2930.6,12,0.0,0.0,0.0,0.0,0.0,0.0,10.67,754.05,1537.24,2171.08,2618.98,2853.25,2858.95,2635.73,2197.85,1572.38,795.28,23.22,0.0,0.0,0.0,0.0,0.0,0.0,20028.7,2859.0,12,0.0,0.0,0.0,0.0,0.0,0.0,0.0,555.19,1374.5,2022.8,2483.95,2735.36,2762.8,2564.66,2152.34,1547.16,768.75,3.98,0.0,0.0,0.0,0.0,0.0,0.0,18971.5,2762.8,12
Moldova,47.0,29.0,2,0.0,0.0,0.0,0.0,0.0,0.0,0.0,0.0,51.65,968.5,1680.09,2102.07,2262.47,2165.07,1808.03,1172.95,230.67,0.0,0.0,0.0,0.0,0.0,0.0,0.0,12441.5,2262.5,12,0.0,0.0,0.0,0.0,0.0,0.0,9.24,396.5,1063.45,1714.7,2243.48,2593.51,2733.2,2650.7,2353.07,1866.72,1240.62,562.87,52.81,0.0,0.0,0.0,0.0,0.0,19480.9,2733.2,12,0.0,0.0,0.0,0.0,0.0,51.28,181.12,604.31,1163.07,1701.1,2142.1,2436.52,2554.89,2485.96,2236.22,1830.18,1311.69,748.78,249.09,88.01,0.01,0.0,0.0,0.0,19784.3,2554.9,12,0.0,0.0,0.0,0.0,0.0,0.0,0.0,354.9,1080.76,1745.34,2256.02,2568.3,2657.97,2518.26,2159.6,1609.99,919.6,209.5,0.0,0.0,0.0,0.0,0.0,0.0,18080.2,2658.0,12,0.0,0.0,0.0,0.0,0.0,0.0,0.0,0.0,51.65,968.5,1680.09,2102.07,2262.47,2165.07,1808.03,1172.95,230.67,0.0,0.0,0.0,0.0,0.0,0.0,0.0,12441.5,2262.5,12,0.0,0.0,0.0,0.0,0.0,0.0,0.0,0.0,182.41,1028.06,1701.06,2139.94,2336.63,2285.23,1987.52,1451.51,686.85,5.05,0.0,0.0,0.0,0.0,0.0,0.0,13804.3,2336.6,12,0.0,0.0,0.0,0.0,0.0,0.0,0.0,19.82,627.0,1359.34,1956.23,2360.35,2541.84,2487.99,2202.63,1706.29,1038.6,294.21,0.0,0.0,0.0,0.0,0.0,0.0,16594.3,2541.8,12,0.0,0.0,0.0,0.0,0.0,0.0,9.24,396.5,1063.45,1714.7,2243.48,2593.51,2733.2,2650.7,2353.07,1866.72,1240.62,562.87,52.81,0.0,0.0,0.0,0.0,0.0,19480.9,2733.2,12,0.0,0.0,0.0,0.0,0.0,2.47,121.89,623.11,1248.32,1837.8,2309.26,2612.56,2719.2,2619.63,2322.84,1856.77,1270.75,645.45,132.37,4.56,0.0,0.0,0.0,0.0,20327.0,2719.2,12,0.0,0.0,0.0,0.0,0.0,56.37,178.35,664.0,1244.9,1791.62,2230.72,2514.96,2616.84,2526.98,2253.69,1823.32,1281.78,700.41,195.82,65.87,0.0,0.0,0.0,0.0,20145.6,2616.8,12,0.0,0.0,0.0,0.0,0.0,51.28,181.12,604.31,1163.07,1701.1,2142.1,2436.52,2554.89,2485.96,2236.22,1830.18,1311.69,748.78,249.09,88.01,0.01,0.0,0.0,0.0,19784.3,2554.9,12,0.0,0.0,0.0,0.0,0.0,4.55,127.93,545.44,1137.43,1712.82,2186.37,2505.22,2638.22,2573.02,2315.57,1890.31,1342.0,742.55,216.18,37.02,0.0,0.0,0.0,0.0,19974.6,2638.2,12,0.0,0.0,0.0,0.0,0.0,0.0,46.36,502.74,1157.31,1782.11,2284.03,2610.55,2732.0,2637.9,2336.26,1854.07,1240.35,580.74,71.84,0.0,0.0,0.0,0.0,0.0,19836.3,2732.0,12,0.0,0.0,0.0,0.0,0.0,0.0,0.0,354.9,1080.76,1745.34,2256.02,2568.3,2657.97,2518.26,2159.6,1609.99,919.6,209.5,0.0,0.0,0.0,0.0,0.0,0.0,18080.2,2658.0,12,0.0,0.0,0.0,0.0,0.0,0.0,0.0,31.52,805.68,1552.39,2087.89,2396.93,2467.32,2295.87,1889.88,1263.13,438.46,0.0,0.0,0.0,0.0,0.0,0.0,0.0,15229.1,2467.3,12,0.0,0.0,0.0,0.0,0.0,0.0,0.0,0.0,264.08,1158.23,1778.08,2131.94,2230.07,2072.99,1659.29,972.86,84.25,0.0,0.0,0.0,0.0,0.0,0.0,0.0,12351.8,2230.1,12
Monaco,43.7,7.4,0,0.0,0.0,0.0,0.0,0.0,0.0,0.0,0.0,672.03,1467.24,1985.82,2251.82,2267.49,2032.75,1546.43,788.17,6.9,0.0,0.0,0.0,0.0,0.0,0.0,0.0,13018.6,2267.5,12,0.0,0.0,0.0,0.0,0.0,0.0,167.19,795.97,1487.51,2087.02,2525.14,2761.86,2777.39,2570.5,2158.52,1578.53,894.64,240.58,0.0,0.0,0.0,0.0,0.0,0.0,20044.9,2777.4,12,0.0,0.0,0.0,0.0,0.48,109.98,372.08,931.81,1511.73,2017.44,2390.1,2592.8,2606.87,2431.02,2081.33,1591.92,1017.95,446.97,128.21,4.47,0.0,0.0,0.0,0.0,20235.2,2606.9,12,0.0,0.0,0.0,0.0,0.0,0.0,95.66,751.43,1456.01,2039.15,2441.63,2630.61,2591.6,2327.47,1858.62,1224.82,502.27,4.63,0.0,0.0,0.0,0.0,0.0,0.0,17923.9,2630.6,11,0.0,0.0,0.0,0.0,0.0,0.0,0.0,0.0,672.03,1467.24,1985.82,2251.82,2267.49,2032.75,1546.43,788.17,6.9,0.0,0.0,0.0,0.0,0.0,0.0,0.0,13018.6,2267.5,12,0.0,0.0,0.0,0.0,0.0,0.0,0.0,25.16,803.99,1555.91,2086.89,2386.02,2443.15,2256.05,1831.89,1182.41,335.0,0.0,0.0,0.0,0.0,0.0,0.0,0.0,14906.5,2443.2,12,0.0,0.0,0.0,0.0,0.0,0.0,0.0,390.27,1165.0,1837.13,2332.58,2615.14,2665.33,2479.77,2071.27,1468.85,723.52,41.49,0.0,0.0,0.0,0.0,0.0,0.0,17790.3,2665.3,12,0.0,0.0,0.0,0.0,0.0,0.0,167.19,795.97,1487.51,2087.02,2525.14,2761.86,2777.39,2570.5,2158.52,1578.53,894.64,240.58,0.0,0.0,0.0,0.0,0.0,0.0,20044.9,2777.4,12,0.0,0.0,0.0,0.0,0.0,51.54,367.43,976.29,1602.76,2139.42,2524.74,2721.69,2712.73,2498.68,2098.8,1551.99,922.44,323.61,40.4,0.0,0.0,0.0,0.0,0.0,20532.5,2721.7,11,0.0,0.0,0.0,0.0,0.78,115.29,418.52,992.13,1575.45,2076.47,2437.95,2624.47,2618.96,2421.93,2051.51,1544.25,958.83,389.95,108.49,0.24,0.0,0.0,0.0,0.0,20335.2,2624.5,11,0.0,0.0,0.0,0.0,0.48,109.98,372.08,931.81,1511.73,2017.44,2390.1,2592.8,2606.87,2431.02,2081.33,1591.92,1017.95,446.97,128.21,4.47,0.0,0.0,0.0,0.0,20235.2,2606.9,12,0.0,0.0,0.0,0.0,0.0,54.45,309.89,888.59,1501.74,2039.56,2438.45,2659.23,2681.93,2504.49,2142.76,1631.31,1027.3,426.52,85.52,0.0,0.0,0.0,0.0,0.0,20391.7,2681.9,12,0.0,0.0,0.0,0.0,0.0,0.45,244.85,859.56,1515.91,2082.09,2491.85,2706.47,2707.27,2494.14,2085.49,1519.79,862.92,246.3,0.4,0.0,0.0,0.0,0.0,0.0,19817.5,2707.3,12,0.0,0.0,0.0,0.0,0.0,0.0,95.66,751.43,1456.01,2039.15,2441.63,2630.61,2591.6,2327.47,1858.62,1224.82,502.27,4.63,0.0,0.0,0.0,0.0,0.0,0.0,17923.9,2630.6,11,0.0,0.0,0.0,0.0,0.0,0.0,0.0,422.54,1204.83,1820.14,2224.85,2399.37,2334.7,2034.15,1512.5,795.55,53.63,0.0,0.0,0.0,0.0,0.0,0.0,0.0,14802.3,2399.4,11,0.0,0.0,0.0,0.0,0.0,0.0,0.0,45.66,858.03,1561.17,2012.95,2218.04,2174.45,1882.79,1344.08,552.56,0.0,0.0,0.0,0.0,0.0,0.0,0.0,0.0,12649.7,2218.0,11
Mongolia,46.5,103.0,7,0.0,0.0,0.0,0.0,0.0,0.0,0.0,0.0,96.34,1148.03,1863.68,2290.79,2463.44,2384.81,2054.04,1455.75,493.82,0.0,0.0,0.0,0.0,0.0,0.0,0.0,14250.7,2463.4,12,0.0,0.0,0.0,0.0,0.0,0.0,4.61,374.08,1052.74,1718.61,2262.85,2628.85,2784.34,2716.42,2430.77,1951.91,1325.78,633.53,75.74,0.0,0.0,0.0,0.0,0.0,19960.2,2784.3,12,0.0,0.0,0.0,0.0,0.0,40.52,116.0,596.37,1234.18,1827.64,2308.39,2631.29,2768.68,2709.21,2457.73,2035.38,1480.02,849.44,235.82,73.46,0.4,0.0,0.0,0.0,21364.5,2768.7,12,0.0,0.0,0.0,0.0,0.0,0.0,0.0,536.16,1337.79,2030.25,2558.16,2886.23,2991.72,2867.33,2521.61,1978.43,1273.36,466.17,0.0,0.0,0.0,0.0,0.0,0.0,21447.2,2991.7,12,0.0,0.0,0.0,0.0,0.0,0.0,0.0,0.0,96.34,1148.03,1863.68,2290.79,2463.44,2384.81,2054.04,1455.75,493.82,0.0,0.0,0.0,0.0,0.0,0.0,0.0,14250.7,2463.4,12,0.0,0.0,0.0,0.0,0.0,0.0,0.0,0.0,286.61,1231.3,1919.59,2369.71,2580.35,2545.7,2266.93,1750.81,992.52,61.65,0.0,0.0,0.0,0.0,0.0,0.0,16005.2,2580.4,12,0.0,0.0,0.0,0.0,0.0,0.0,0.0,16.78,663.88,1422.45,2037.61,2458.64,2656.7,2618.52,2346.75,1859.8,1192.21,413.17,0.0,0.0,0.0,0.0,0.0,0.0,17686.5,2656.7,12,0.0,0.0,0.0,0.0,0.0,0.0,4.61,374.08,1052.74,1718.61,2262.85,2628.85,2784.34,2716.42,2430.77,1951.91,1325.78,633.53,75.74,0.0,0.0,0.0,0.0,0.0,19960.2,2784.3,12,0.0,0.0,0.0,0.0,0.0,0.67,106.06,600.22,1243.66,1851.01,2339.65,2659.36,2781.07,2694.25,2406.45,1943.65,1352.14,707.31,151.8,8.65,0.0,0.0,0.0,0.0,20845.9,2781.1,12,0.0,0.0,0.0,0.0,0.0,46.27,143.57,648.1,1268.17,1845.51,2309.24,2613.48,2730.99,2651.66,2382.32,1946.87,1387.3,768.54,198.21,68.67,0.0,0.0,0.0,0.0,21008.9,2731.0,12,0.0,0.0,0.0,0.0,0.0,40.52,116.0,596.37,1234.18,1827.64,2308.39,2631.29,2768.68,2709.21,2457.73,2035.38,1480.02,849.44,235.82,73.46,0.4,0.0,0.0,0.0,21364.5,2768.7,12,0.0,0.0,0.0,0.0,0.0,3.76,83.44,548.14,1214.17,1840.1,2349.91,2695.52,2847.57,2793.62,2538.0,2101.85,1523.8,864.29,227.55,40.74,0.0,0.0,0.0,0.0,21672.5,2847.6,12,0.0,0.0,0.0,0.0,0.0,0.0,31.36,548.87,1267.43,1932.92,2464.25,2813.75,2953.2,2871.74,2575.61,2088.32,1451.8,734.99,97.19,0.0,0.0,0.0,0.0,0.0,21831.4,2953.2,12,0.0,0.0,0.0,0.0,0.0,0.0,0.0,536.16,1337.79,2030.25,2558.16,2886.23,2991.72,2867.33,2521.61,1978.43,1273.36,466.17,0.0,0.0,0.0,0.0,0.0,0.0,21447.2,2991.7,12,0.0,0.0,0.0,0.0,0.0,0.0,0.0,152.02,1155.03,1896.82,2428.69,2743.47,2827.61,2676.89,2298.64,1707.14,893.77,0.0,0.0,0.0,0.0,0.0,0.0,0.0,18780.1,2827.6,12,0.0,0.0,0.0,0.0,0.0,0.0,0.0,0.0,520.81,1495.15,2108.86,2462.83,2571.32,2438.82,2059.62,1417.04,396.44,0.0,0.0,0.0,0.0,0.0,0.0,0.0,15470.9,2571.3,12
Montenegro,42.8,19.3,1,0.0,0.0,0.0,0.0,0.0,0.0,0.0,0.0,699.43,1553.92,2111.7,2421.88,2487.79,2308.73,1885.62,1203.1,201.98,0.0,0.0,0.0,0.0,0.0,0.0,0.0,14874.2,2487.8,12,0.0,0.0,0.0,0.0,0.0,0.0,87.89,691.33,1404.74,2038.88,2518.93,2801.72,2864.12,2701.21,2326.13,1770.63,1089.39,386.84,2.91,0.0,0.0,0.0,0.0,0.0,20684.7,2864.1,12,0.0,0.0,0.0,0.0,0.0,76.48,266.5,817.75,1412.74,1945.9,2353.65,2595.6,2649.74,2511.26,2192.49,1723.25,1153.12,560.28,144.55,18.04,0.0,0.0,0.0,0.0,20421.4,2649.7,12,0.0,0.0,0.0,0.0,0.0,0.0,38.7,674.44,1409.96,2031.81,2478.49,2714.89,2723.46,2503.53,2071.27,1460.22,728.53,62.31,0.0,0.0,0.0,0.0,0.0,0.0,18897.6,2723.5,12,0.0,0.0,0.0,0.0,0.0,0.0,0.0,0.0,699.43,1553.92,2111.7,2421.88,2487.79,2308.73,1885.62,1203.1,201.98,0.0,0.0,0.0,0.0,0.0,0.0,0.0,14874.2,2487.8,12,0.0,0.0,0.0,0.0,0.0,0.0,0.0,5.97,806.4,1607.2,2179.83,2524.73,2631.41,2495.55,2122.66,1523.46,695.25,0.0,0.0,0.0,0.0,0.0,0.0,0.0,16592.5,2631.4,12,0.0,0.0,0.0,0.0,0.0,0.0,0.0,308.23,1114.26,1824.19,2362.5,2692.27,2791.55,2653.78,2288.18,1719.28,987.26,191.76,0.0,0.0,0.0,0.0,0.0,0.0,18933.2,2791.5,12,0.0,0.0,0.0,0.0,0.0,0.0,87.89,691.33,1404.74,2038.88,2518.93,2801.72,2864.12,2701.21,2326.13,1770.63,1089.39,386.84,2.91,0.0,0.0,0.0,0.0,0.0,20684.7,2864.1,12,0.0,0.0,0.0,0.0,0.0,20.1,260.87,856.4,1499.04,2065.62,2489.03,2728.47,2762.81,2589.12,2222.61,1697.4,1070.54,439.93,68.19,0.0,0.0,0.0,0.0,0.0,20770.1,2762.8,12,0.0,0.0,0.0,0.0,0.0,81.62,310.09,879.18,1480.12,2010.42,2408.33,2634.99,2669.97,2510.22,2169.97,1681.3,1096.82,500.54,127.43,4.82,0.0,0.0,0.0,0.0,20565.8,2670.0,12,0.0,0.0,0.0,0.0,0.0,76.48,266.5,817.75,1412.74,1945.9,2353.65,2595.6,2649.74,2511.26,2192.49,1723.25,1153.12,560.28,144.55,18.04,0.0,0.0,0.0,0.0,20421.4,2649.7,12,0.0,0.0,0.0,0.0,0.0,22.98,208.39,770.49,1397.26,1962.78,2397.79,2659.44,2724.26,2586.6,2258.42,1769.82,1171.81,548.29,108.37,0.09,0.0,0.0,0.0,0.0,20586.8,2724.3,12,0.0,0.0,0.0,0.0,0.0,0.0,155.62,756.2,1434.18,2034.28,2485.04,2744.47,2790.51,2619.33,2245.13,1700.96,1043.41,378.46,10.98,0.0,0.0,0.0,0.0,0.0,20398.6,2790.5,12,0.0,0.0,0.0,0.0,0.0,0.0,38.7,674.44,1409.96,2031.81,2478.49,2714.89,2723.46,2503.53,2071.27,1460.22,728.53,62.31,0.0,0.0,0.0,0.0,0.0,0.0,18897.6,2723.5,12,0.0,0.0,0.0,0.0,0.0,0.0,0.0,408.53,1255.66,1915.05,2364.73,2587.44,2572.46,2320.5,1843.37,1158.07,294.45,0.0,0.0,0.0,0.0,0.0,0.0,0.0,16720.3,2587.4,11,0.0,0.0,0.0,0.0,0.0,0.0,0.0,25.59,929.59,1684.17,2177.67,2429.14,2436.88,2200.71,1722.5,985.58,50.38,0.0,0.0,0.0,0.0,0.0,0.0,0.0,14642.2,2436.9,12
Morocco,32.0,-7.0,0,0.0,0.0,0.0,0.0,0.0,0.0,0.0,0.0,212.21,1060.35,1734.07,2196.16,2434.59,2439.91,2211.9,1759.68,1095.46,249.58,0.0,0.0,0.0,0.0,0.0,0.0,15393.9,2439.9,13,0.0,0.0,0.0,0.0,0.0,0.0,0.0,188.71,867.83,1580.11,2185.78,2622.38,2853.02,2859.49,2641.33,2215.81,1618.79,910.88,222.79,0.0,0.0,0.0,0.0,0.0,20766.9,2859.5,13,0.0,0.0,0.0,0.0,0.0,0.0,44.17,339.68,879.2,1451.23,1951.04,2317.3,2512.76,2519.17,2335.93,1980.07,1487.47,917.53,370.9,56.39,0.0,0.0,0.0,0.0,19162.8,2519.2,13,0.0,0.0,0.0,0.0,0.0,0.0,0.0,130.57,794.53,1488.98,2061.47,2453.52,2632.58,2584.68,2313.47,1840.39,1206.86,492.13,4.53,0.0,0.0,0.0,0.0,0.0,18003.7,2632.6,12,0.0,0.0,0.0,0.0,0.0,0.0,0.0,0.0,212.21,1060.35,1734.07,2196.16,2434.59,2439.91,2211.9,1759.68,1095.46,249.58,0.0,0.0,0.0,0.0,0.0,0.0,15393.9,2439.9,13,0.0,0.0,0.0,0.0,0.0,0.0,0.0,0.0,271.87,1101.81,1791.95,2288.56,2567.27,2612.93,2422.96,2007.96,1389.38,598.72,0.21,0.0,0.0,0.0,0.0,0.0,17053.6,2612.9,13,0.0,0.0,0.0,0.0,0.0,0.0,0.0,1.42,575.86,1357.06,2019.78,2504.62,2776.69,2817.06,2622.98,2207.93,1601.37,851.52,100.67,0.0,0.0,0.0,0.0,0.0,19437.0,2817.1,13,0.0,0.0,0.0,0.0,0.0,0.0,0.0,188.71,867.83,1580.11,2185.78,2622.38,2853.02,2859.49,2641.33,2215.81,1618.79,910.88,222.79,0.0,0.0,0.0,0.0,0.0,20766.9,2859.5,13,0.0,0.0,0.0,0.0,0.0,0.0,13.78,353.03,979.07,1617.38,2158.26,2542.04,2733.34,2715.76,2490.83,2078.08,1516.4,870.93,266.45,1.56,0.0,0.0,0.0,0.0,20336.9,2733.3,12,0.0,0.0,0.0,0.0,0.0,0.0,58.5,388.6,956.4,1540.13,2039.92,2397.49,2577.77,2564.39,2358.56,1979.16,1464.02,875.5,322.31,34.03,0.0,0.0,0.0,0.0,19556.8,2577.8,12,0.0,0.0,0.0,0.0,0.0,0.0,44.17,339.68,879.2,1451.23,1951.04,2317.3,2512.76,2519.17,2335.93,1980.07,1487.47,917.53,370.9,56.39,0.0,0.0,0.0,0.0,19162.8,2519.2,13,0.0,0.0,0.0,0.0,0.0,0.0,5.91,274.45,829.34,1431.43,1960.87,2351.55,2563.99,2578.57,2393.93,2026.94,1513.91,916.22,342.69,21.1,0.0,0.0,0.0,0.0,19210.9,2578.6,13,0.0,0.0,0.0,0.0,0.0,0.0,0.0,212.08,815.82,1465.13,2023.78,2425.16,2630.94,2623.07,2402.19,1987.62,1419.24,766.46,175.54,0.0,0.0,0.0,0.0,0.0,18947.0,2630.9,12,0.0,0.0,0.0,0.0,0.0,0.0,0.0,130.57,794.53,1488.98,2061.47,2453.52,2632.58,2584.68,2313.47,1840.39,1206.86,492.13,4.53,0.0,0.0,0.0,0.0,0.0,18003.7,2632.6,12,0.0,0.0,0.0,0.0,0.0,0.0,0.0,13.94,643.69,1378.03,1959.47,2342.82,2503.5,2431.33,2130.85,1621.07,936.59,181.2,0.0,0.0,0.0,0.0,0.0,0.0,16142.5,2503.5,12,0.0,0.0,0.0,0.0,0.0,0.0,0.0,0.0,367.13,1151.6,1768.08,2176.57,2359.96,2309.66,2028.07,1527.86,829.49,69.73,0.0,0.0,0.0,0.0,0.0,0.0,14588.1,2360.0,12
Mozambique,-18.0,35.0,2,0.0,0.0,0.0,0.0,0.0,0.0,197.79,816.02,1489.91,2081.83,2525.77,2781.99,2829.36,2664.08,2299.5,1766.78,1118.37,448.23,22.32,0.0,0.0,0.0,0.0,0.0,21042.0,2829.4,12,0.0,0.0,0.0,0.0,0.0,0.0,33.67,747.44,1523.26,2181.23,2667.45,2946.77,2999.55,2822.11,2426.85,1841.85,1111.08,314.13,0.0,0.0,0.0,0.0,0.0,0.0,21615.4,2999.6,12,0.0,0.0,0.0,0.0,0.0,0.0,0.0,401.79,1143.79,1756.19,2202.74,2458.24,2507.29,2346.87,1986.76,1448.09,759.89,43.93,0.0,0.0,0.0,0.0,0.0,0.0,17055.6,2507.3,12,0.0,0.0,0.0,0.0,0.0,0.0,150.82,828.42,1539.6,2140.33,2569.79,2792.29,2790.51,2564.59,2132.22,1529.47,817.79,144.02,0.0,0.0,0.0,0.0,0.0,0.0,19999.9,2792.3,11,0.0,0.0,0.0,0.0,0.0,0.0,197.79,816.02,1489.91,2081.83,2525.77,2781.99,2829.36,2664.08,2299.5,1766.78,1118.37,448.23,22.32,0.0,0.0,0.0,0.0,0.0,21042.0,2829.4,12,0.0,0.0,0.0,0.0,0.0,0.0,89.6,686.35,1395.75,2033.9,2525.97,2827.82,2914.82,2780.09,2434.24,1905.78,1243.82,534.8,28.03,0.0,0.0,0.0,0.0,0.0,21401.0,2914.8,12,0.0,0.0,0.0,0.0,0.0,0.0,49.12,699.35,1461.36,2132.42,2643.88,2954.23,3039.98,2894.75,2529.29,1971.53,1268.22,501.46,1.38,0.0,0.0,0.0,0.0,0.0,22147.0,3040.0,12,0.0,0.0,0.0,0.0,0.0,0.0,33.67,747.44,1523.26,2181.23,2667.45,2946.77,2999.55,2822.11,2426.85,1841.85,1111.08,314.13,0.0,0.0,0.0,0.0,0.0,0.0,21615.4,2999.6,12,0.0,0.0,0.0,0.0,0.0,0.0,8.73,707.28,1463.13,2084.74,2532.37,2777.13,2802.96,2608.19,2205.62,1621.36,892.42,105.93,0.0,0.0,0.0,0.0,0.0,0.0,19809.9,2803.0,12,0.0,0.0,0.0,0.0,0.0,0.0,0.0,561.22,1303.69,1905.52,2337.32,2574.37,2602.21,2419.1,2036.35,1476.39,767.65,30.29,0.0,0.0,0.0,0.0,0.0,0.0,18014.1,2602.2,12,0.0,0.0,0.0,0.0,0.0,0.0,0.0,401.79,1143.79,1756.19,2202.74,2458.24,2507.29,2346.87,1986.76,1448.09,759.89,43.93,0.0,0.0,0.0,0.0,0.0,0.0,17055.6,2507.3,12,0.0,0.0,0.0,0.0,0.0,0.0,0.0,427.33,1171.92,1802.05,2267.87,2539.2,2598.42,2441.65,2079.1,1534.23,843.27,109.51,0.0,0.0,0.0,0.0,0.0,0.0,17814.6,2598.4,12,0.0,0.0,0.0,0.0,0.0,0.0,8.41,572.88,1300.39,1925.3,2384.47,2642.08,2679.26,2493.3,2097.76,1522.63,818.91,123.34,0.0,0.0,0.0,0.0,0.0,0.0,18568.7,2679.3,12,0.0,0.0,0.0,0.0,0.0,0.0,150.82,828.42,1539.6,2140.33,2569.79,2792.29,2790.51,2564.59,2132.22,1529.47,817.79,144.02,0.0,0.0,0.0,0.0,0.0,0.0,19999.9,2792.3,11,0.0,0.0,0.0,0.0,0.0,0.0,313.9,995.96,1678.37,2248.44,2648.52,2844.44,2820.49,2578.6,2138.43,1538.55,843.83,193.49,0.0,0.0,0.0,0.0,0.0,0.0,20843.0,2844.4,11,0.0,0.0,0.0,0.0,0.0,0.43,313.62,965.38,1629.12,2192.11,2595.59,2804.27,2801.12,2586.42,2177.76,1611.03,945.92,297.91,0.14,0.0,0.0,0.0,0.0,0.0,20920.8,2804.3,11
Myanmar,17.0,96.0,6,0.0,0.0,0.0,0.0,0.0,0.0,0.0,490.23,1266.42,1905.89,2367.23,2623.07,2657.6,2468.68,2068.01,1479.73,738.69,23.07,0.0,0.0,0.0,0.0,0.0,0.0,18088.6,2657.6,12,0.0,0.0,0.0,0.0,0.0,0.0,91.64,752.14,1481.55,2110.5,2574.4,2834.95,2872.07,2682.98,2282.15,1701.74,995.69,274.74,0.0,0.0,0.0,0.0,0.0,0.0,20654.5,2872.1,12,0.0,0.0,0.0,0.0,0.0,0.0,184.56,736.17,1343.98,1879.58,2279.27,2505.24,2537.99,2374.76,2029.42,1533.32,939.83,346.73,5.1,0.0,0.0,0.0,0.0,0.0,18696.0,2538.0,12,0.0,0.0,0.0,0.0,0.0,0.0,129.98,829.36,1550.08,2148.91,2569.76,2779.51,2762.47,2519.88,2069.94,1448.49,716.78,59.87,0.0,0.0,0.0,0.0,0.0,0.0,19585.0,2779.5,11,0.0,0.0,0.0,0.0,0.0,0.0,0.0,490.23,1266.42,1905.89,2367.23,2623.07,2657.6,2468.68,2068.01,1479.73,738.69,23.07,0.0,0.0,0.0,0.0,0.0,0.0,18088.6,2657.6,12,0.0,0.0,0.0,0.0,0.0,0.0,0.0,466.26,1264.16,1941.58,2446.62,2746.42,2821.34,2666.43,2291.87,1722.1,994.62,191.77,0.0,0.0,0.0,0.0,0.0,0.0,19553.2,2821.3,12,0.0,0.0,0.0,0.0,0.0,0.0,1.94,589.14,1371.52,2047.0,2553.31,2852.8,2924.14,2762.32,2378.76,1801.08,1074.27,287.9,0.0,0.0,0.0,0.0,0.0,0.0,20644.2,2924.1,12,0.0,0.0,0.0,0.0,0.0,0.0,91.64,752.14,1481.55,2110.5,2574.4,2834.95,2872.07,2682.98,2282.15,1701.74,995.69,274.74,0.0,0.0,0.0,0.0,0.0,0.0,20654.5,2872.1,12,0.0,0.0,0.0,0.0,0.0,0.0,205.97,835.71,1500.17,2070.11,2483.96,2705.3,2716.08,2515.46,2119.82,1563.66,905.27,261.44,0.0,0.0,0.0,0.0,0.0,0.0,19882.9,2716.1,12,0.0,0.0,0.0,0.0,0.0,0.0,230.97,812.08,1428.81,1962.16,2351.83,2562.0,2574.88,2389.42,2021.27,1503.8,893.31,296.43,0.45,0.0,0.0,0.0,0.0,0.0,19027.4,2574.9,12,0.0,0.0,0.0,0.0,0.0,0.0,184.56,736.17,1343.98,1879.58,2279.27,2505.24,2537.99,2374.76,2029.42,1533.32,939.83,346.73,5.1,0.0,0.0,0.0,0.0,0.0,18696.0,2538.0,12,0.0,0.0,0.0,0.0,0.0,0.0,137.39,703.07,1342.14,1907.8,2332.47,2576.45,2618.98,2456.54,2102.63,1588.65,968.43,342.89,1.1,0.0,0.0,0.0,0.0,0.0,19078.5,2619.0,12,0.0,0.0,0.0,0.0,0.0,0.0,125.77,754.59,1443.17,2037.55,2472.76,2710.85,2732.63,2536.36,2137.66,1570.46,892.64,226.71,0.0,0.0,0.0,0.0,0.0,0.0,19641.2,2732.6,12,0.0,0.0,0.0,0.0,0.0,0.0,129.98,829.36,1550.08,2148.91,2569.76,2779.51,2762.47,2519.88,2069.94,1448.49,716.78,59.87,0.0,0.0,0.0,0.0,0.0,0.0,19585.0,2779.5,11,0.0,0.0,0.0,0.0,0.0,0.0,93.57,832.14,1564.78,2155.13,2558.17,2746.0,2705.82,2440.37,1967.82,1321.33,556.62,0.72,0.0,0.0,0.0,0.0,0.0,0.0,18942.5,2746.0,11,0.0,0.0,0.0,0.0,0.0,0.0,10.12,675.39,1421.0,2020.91,2436.11,2640.86,2622.24,2381.44,1933.65,1306.52,543.27,0.0,0.0,0.0,0.0,0.0,0.0,0.0,17991.5,2640.9,11
Namibia,-22.0,18.5,1,0.0,0.0,0.0,0.0,0.0,0.0,176.75,782.32,1458.85,2061.87,2522.33,2798.41,2867.13,2722.99,2377.61,1860.36,1221.04,545.19,66.13,0.0,0.0,0.0,0.0,0.0,21461.0,2867.1,12,0.0,0.0,0.0,0.0,0.0,0.0,2.62,590.5,1364.12,2034.21,2538.56,2839.37,2915.1,2760.41,2386.23,1819.55,1104.34,324.1,0.0,0.0,0.0,0.0,0.0,0.0,20679.1,2915.1,12,0.0,0.0,0.0,0.0,0.0,0.0,0.0,345.73,1143.07,1781.29,2249.57,2526.64,2597.05,2456.68,2113.66,1586.39,894.9,81.03,0.0,0.0,0.0,0.0,0.0,0.0,17776.0,2597.1,12,0.0,0.0,0.0,0.0,0.0,0.0,151.92,870.2,1610.34,2236.21,2690.24,2936.96,2958.01,2751.89,2333.89,1736.32,1011.69,267.33,0.0,0.0,0.0,0.0,0.0,0.0,21555.0,2958.0,12,0.0,0.0,0.0,0.0,0.0,0.0,176.75,782.32,1458.85,2061.87,2522.33,2798.41,2867.13,2722.99,2377.61,1860.36,1221.04,545.19,66.13,0.0,0.0,0.0,0.0,0.0,21461.0,2867.1,12,0.0,0.0,0.0,0.0,0.0,0.0,73.67,651.23,1363.51,2013.54,2522.92,2845.41,2954.58,2841.78,2515.87,2003.52,1351.27,638.38,66.96,0.0,0.0,0.0,0.0,0.0,21842.6,2954.6,12,0.0,0.0,0.0,0.0,0.0,0.0,24.58,607.86,1360.39,2038.68,2565.54,2896.05,3004.42,2882.43,2539.27,2001.72,1315.92,562.3,12.57,0.0,0.0,0.0,0.0,0.0,21811.7,3004.4,12,0.0,0.0,0.0,0.0,0.0,0.0,2.62,590.5,1364.12,2034.21,2538.56,2839.37,2915.1,2760.41,2386.23,1819.55,1104.34,324.1,0.0,0.0,0.0,0.0,0.0,0.0,20679.1,2915.1,12,0.0,0.0,0.0,0.0,0.0,0.0,0.0,543.53,1319.02,1961.44,2430.8,2698.12,2746.35,2572.41,2187.45,1615.63,891.28,103.8,0.0,0.0,0.0,0.0,0.0,0.0,19069.8,2746.4,12,0.0,0.0,0.0,0.0,0.0,0.0,0.0,418.64,1200.01,1827.74,2282.49,2541.95,2591.38,2427.87,2060.95,1510.35,797.78,28.99,0.0,0.0,0.0,0.0,0.0,0.0,17688.1,2591.4,12,0.0,0.0,0.0,0.0,0.0,0.0,0.0,345.73,1143.07,1781.29,2249.57,2526.64,2597.05,2456.68,2113.66,1586.39,894.9,81.03,0.0,0.0,0.0,0.0,0.0,0.0,17776.0,2597.1,12,0.0,0.0,0.0,0.0,0.0,0.0,0.0,460.98,1255.03,1908.27,2395.05,2687.97,2768.47,2633.22,2288.85,1756.96,1066.02,244.64,0.0,0.0,0.0,0.0,0.0,0.0,19465.5,2768.5,12,0.0,0.0,0.0,0.0,0.0,0.0,3.97,656.94,1429.59,2082.67,2566.8,2848.54,2908.63,2742.97,2362.88,1794.44,1077.77,283.59,0.0,0.0,0.0,0.0,0.0,0.0,20758.8,2908.6,12,0.0,0.0,0.0,0.0,0.0,0.0,151.92,870.2,1610.34,2236.21,2690.24,2936.96,2958.01,2751.89,2333.89,1736.32,1011.69,267.33,0.0,0.0,0.0,0.0,0.0,0.0,21555.0,2958.0,12,0.0,0.0,0.0,0.0,0.0,0.0,298.78,990.8,1689.16,2278.34,2699.85,2918.33,2916.56,2694.71,2270.36,1679.26,980.4,290.89,0.0,0.0,0.0,0.0,0.0,0.0,21707.4,2918.3,11,0.0,0.0,0.0,0.0,0.0,1.16,289.95,936.91,1607.68,2184.44,2606.06,2835.45,2853.83,2659.76,2269.04,1715.53,1055.26,390.4,16.49,0.0,0.0,0.0,0.0,0.0,21422.0,2853.8,12
Nepal,28.0,84.0,6,0.0,0.0,0.0,0.0,0.0,0.0,0.0,0.0,590.16,1430.83,2065.59,2499.55,2716.63,2706.05,2468.37,2015.23,1362.47,500.82,0.0,0.0,0.0,0.0,0.0,0.0,18355.7,2716.6,12,0.0,0.0,0.0,0.0,0.0,0.0,0.0,239.45,957.52,1678.02,2280.22,2707.28,2924.87,2916.39,2682.51,2241.2,1628.25,902.94,197.08,0.0,0.0,0.0,0.0,0.0,21355.7,2924.9,12,0.0,0.0,0.0,0.0,0.0,0.0,36.83,359.53,929.72,1517.35,2021.18,2383.49,2569.59,2562.93,2364.07,1990.73,1478.94,888.39,325.19,24.88,0.0,0.0,0.0,0.0,19452.8,2569.6,12,0.0,0.0,0.0,0.0,0.0,0.0,0.0,234.16,970.32,1678.39,2248.58,2631.23,2797.07,2733.87,2446.22,1955.58,1301.28,553.01,4.67,0.0,0.0,0.0,0.0,0.0,19554.4,2797.1,12,0.0,0.0,0.0,0.0,0.0,0.0,0.0,0.0,590.16,1430.83,2065.59,2499.55,2716.63,2706.05,2468.37,2015.23,1362.47,500.82,0.0,0.0,0.0,0.0,0.0,0.0,18355.7,2716.6,12,0.0,0.0,0.0,0.0,0.0,0.0,0.0,0.0,606.57,1445.3,2111.6,2586.83,2846.65,2875.95,2672.97,2249.67,1628.87,833.36,11.3,0.0,0.0,0.0,0.0,0.0,19869.1,2876.0,13,0.0,0.0,0.0,0.0,0.0,0.0,0.0,26.23,764.0,1553.28,2208.29,2680.65,2937.97,2962.78,2753.37,2324.03,1704.16,938.31,133.88,0.0,0.0,0.0,0.0,0.0,20986.9,2962.8,13,0.0,0.0,0.0,0.0,0.0,0.0,0.0,239.45,957.52,1678.02,2280.22,2707.28,2924.87,2916.39,2682.51,2241.2,1628.25,902.94,197.08,0.0,0.0,0.0,0.0,0.0,21355.7,2924.9,12,0.0,0.0,0.0,0.0,0.0,0.0,13.48,393.61,1055.11,1707.19,2249.34,2626.77,2806.83,2774.87,2533.49,2102.68,1521.01,852.54,227.16,0.0,0.0,0.0,0.0,0.0,20864.1,2806.8,12,0.0,0.0,0.0,0.0,0.0,0.0,52.52,417.46,1021.03,1622.23,2126.71,2480.44,2651.08,2624.02,2401.57,2003.05,1466.04,852.45,276.78,9.92,0.0,0.0,0.0,0.0,20005.3,2651.1,12,0.0,0.0,0.0,0.0,0.0,0.0,36.83,359.53,929.72,1517.35,2021.18,2383.49,2569.59,2562.93,2364.07,1990.73,1478.94,888.39,325.19,24.88,0.0,0.0,0.0,0.0,19452.8,2569.6,12,0.0,0.0,0.0,0.0,0.0,0.0,3.74,292.3,870.51,1481.94,2010.94,2394.84,2596.4,2597.62,2398.36,2016.32,1488.42,876.94,296.75,4.08,0.0,0.0,0.0,0.0,19329.1,2597.6,13,0.0,0.0,0.0,0.0,0.0,0.0,0.0,256.44,899.18,1561.74,2120.62,2514.84,2708.98,2686.81,2450.1,2018.73,1432.36,759.42,151.85,0.0,0.0,0.0,0.0,0.0,19561.1,2709.0,12,0.0,0.0,0.0,0.0,0.0,0.0,0.0,234.16,970.32,1678.39,2248.58,2631.23,2797.07,2733.87,2446.22,1955.58,1301.28,553.01,4.67,0.0,0.0,0.0,0.0,0.0,19554.4,2797.1,12,0.0,0.0,0.0,0.0,0.0,0.0,0.0,137.56,963.55,1702.0,2271.27,2639.43,2784.35,2697.05,2382.94,1861.09,1161.16,330.83,0.0,0.0,0.0,0.0,0.0,0.0,18931.2,2784.4,12,0.0,0.0,0.0,0.0,0.0,0.0,0.0,4.24,790.3,1572.05,2160.57,2545.43,2709.66,2644.73,2354.09,1851.89,1154.58,265.23,0.0,0.0,0.0,0.0,0.0,0.0,18052.8,2709.7,12
Netherlands,52.4,5.3,0,0.0,0.0,0.0,0.0,0.0,0.0,0.0,0.0,30.27,776.48,1428.99,1773.34,1830.67,1604.23,1080.23,270.44,0.0,0.0,0.0,0.0,0.0,0.0,0.0,0.0,8794.7,1830.7,12,0.0,0.0,0.0,0.0,0.0,0.0,106.42,656.45,1323.05,1923.94,2378.26,2640.32,2686.64,2513.28,2135.54,1589.31,937.74,303.91,3.99,0.0,0.0,0.0,0.0,0.0,19198.8,2686.6,12,0.0,0.0,0.0,0.0,23.52,134.07,326.58,848.37,1404.94,1904.05,2284.02,2504.64,2544.3,2399.21,2083.33,1628.73,1087.35,536.65,175.42,69.28,0.03,0.0,0.0,0.0,19954.5,2544.3,12,0.0,0.0,0.0,0.0,0.0,0.0,13.42,474.21,1137.83,1721.75,2142.13,2358.12,2351.18,2121.79,1689.52,1096.59,431.51,6.14,0.0,0.0,0.0,0.0,0.0,0.0,15544.2,2358.1,11,0.0,0.0,0.0,0.0,0.0,0.0,0.0,0.0,30.27,776.48,1428.99,1773.34,1830.67,1604.23,1080.23,270.44,0.0,0.0,0.0,0.0,0.0,0.0,0.0,0.0,8794.7,1830.7,12,0.0,0.0,0.0,0.0,0.0,0.0,0.0,0.0,381.51,1250.63,1859.89,2211.46,2307.42,2146.83,1731.23,1055.92,166.61,0.0,0.0,0.0,0.0,0.0,0.0,0.0,13111.5,2307.4,12,0.0,0.0,0.0,0.0,0.0,0.0,0.0,169.88,911.77,1606.99,2132.47,2447.82,2531.56,2378.16,1998.06,1417.92,688.22,36.36,0.0,0.0,0.0,0.0,0.0,0.0,16319.2,2531.6,12,0.0,0.0,0.0,0.0,0.0,0.0,106.42,656.45,1323.05,1923.94,2378.26,2640.32,2686.64,2513.28,2135.54,1589.31,937.74,303.91,3.99,0.0,0.0,0.0,0.0,0.0,19198.8,2686.6,12,0.0,0.0,0.0,0.0,0.0,63.84,312.41,906.87,1531.56,2078.38,2482.93,2705.35,2725.4,2541.35,2169.88,1646.94,1031.35,419.33,86.27,0.35,0.0,0.0,0.0,0.0,20702.2,2725.4,12,0.0,0.0,0.0,0.0,25.69,130.63,366.34,922.52,1498.1,2003.4,2379.28,2587.73,2609.08,2441.41,2100.41,1619.9,1053.82,483.41,151.7,49.72,0.0,0.0,0.0,0.0,20423.1,2609.1,12,0.0,0.0,0.0,0.0,23.52,134.07,326.58,848.37,1404.94,1904.05,2284.02,2504.64,2544.3,2399.21,2083.33,1628.73,1087.35,536.65,175.42,69.28,0.03,0.0,0.0,0.0,19954.5,2544.3,12,0.0,0.0,0.0,0.0,0.0,72.2,259.9,755.65,1316.92,1831.49,2228.58,2463.38,2511.83,2369.1,2049.4,1586.68,1037.57,490.68,135.62,13.39,0.0,0.0,0.0,0.0,19122.4,2511.8,12,0.0,0.0,0.0,0.0,0.0,0.59,161.15,659.93,1257.33,1802.21,2214.28,2446.89,2476.62,2300.52,1935.9,1422.08,827.66,277.27,12.78,0.0,0.0,0.0,0.0,0.0,17795.2,2476.6,12,0.0,0.0,0.0,0.0,0.0,0.0,13.42,474.21,1137.83,1721.75,2142.13,2358.12,2351.18,2121.79,1689.52,1096.59,431.51,6.14,0.0,0.0,0.0,0.0,0.0,0.0,15544.2,2358.1,11,0.0,0.0,0.0,0.0,0.0,0.0,0.0,96.01,869.41,1548.93,2003.09,2217.75,2185.46,1907.29,1392.09,657.86,9.15,0.0,0.0,0.0,0.0,0.0,0.0,0.0,12887.0,2217.7,11,0.0,0.0,0.0,0.0,0.0,0.0,0.0,0.0,280.46,1131.91,1689.68,1955.99,1946.28,1660.02,1079.83,219.53,0.0,0.0,0.0,0.0,0.0,0.0,0.0,0.0,9963.7,1956.0,11
New Zealand,-41.0,172.0,11,0.0,0.0,0.0,0.0,0.0,101.51,383.93,992.24,1622.64,2171.74,2576.59,2797.29,2814.92,2627.42,2251.58,1723.29,1100.89,478.6,125.77,0.65,0.0,0.0,0.0,0.0,21769.1,2814.9,12,0.0,0.0,0.0,0.0,0.0,0.0,13.49,617.9,1368.1,2004.74,2466.14,2714.74,2737.01,2529.16,2106.07,1499.35,762.83,69.73,0.0,0.0,0.0,0.0,0.0,0.0,18889.2,2737.0,12,0.0,0.0,0.0,0.0,0.0,0.0,0.0,6.45,776.94,1498.51,1974.74,2221.31,2243.87,2038.55,1607.27,938.2,71.32,0.0,0.0,0.0,0.0,0.0,0.0,0.0,13377.2,2243.9,12,0.0,0.0,0.0,0.0,0.0,0.0,271.53,970.33,1669.92,2250.53,2654.66,2849.96,2818.42,2563.8,2106.45,1485.9,769.84,124.03,0.0,0.0,0.0,0.0,0.0,0.0,20535.3,2850.0,11,0.0,0.0,0.0,0.0,0.0,101.51,383.93,992.24,1622.64,2171.74,2576.59,2797.29,2814.92,2627.42,2251.58,1723.29,1100.89,478.6,125.77,0.65,0.0,0.0,0.0,0.0,21769.1,2814.9,12,0.0,0.0,0.0,0.0,0.0,18.57,243.71,837.48,1497.64,2090.17,2541.67,2806.65,2862.18,2702.85,2342.7,1815.41,1178.0,526.21,98.69,0.0,0.0,0.0,0.0,0.0,21561.9,2862.2,12,0.0,0.0,0.0,0.0,0.0,0.0,137.16,750.33,1456.33,2084.2,2558.09,2836.09,2890.15,2718.14,2334.26,1772.12,1089.63,395.73,8.25,0.0,0.0,0.0,0.0,0.0,21030.5,2890.1,12,0.0,0.0,0.0,0.0,0.0,0.0,13.49,617.9,1368.1,2004.74,2466.14,2714.74,2737.01,2529.16,2106.07,1499.35,762.83,69.73,0.0,0.0,0.0,0.0,0.0,0.0,18889.2,2737.0,12,0.0,0.0,0.0,0.0,0.0,0.0,0.0,328.27,1135.47,1778.76,2222.37,2450.08,2446.13,2213.12,1762.4,1112.25,300.14,0.0,0.0,0.0,0.0,0.0,0.0,0.0,15749.0,2450.1,11,0.0,0.0,0.0,0.0,0.0,0.0,0.0,54.36,908.38,1595.11,2047.76,2279.04,2278.21,2049.11,1595.02,906.32,51.41,0.0,0.0,0.0,0.0,0.0,0.0,0.0,13764.7,2279.0,11,0.0,0.0,0.0,0.0,0.0,0.0,0.0,6.45,776.94,1498.51,1974.74,2221.31,2243.87,2038.55,1607.27,938.2,71.32,0.0,0.0,0.0,0.0,0.0,0.0,0.0,13377.2,2243.9,12,0.0,0.0,0.0,0.0,0.0,0.0,0.0,161.14,1046.48,1728.79,2201.11,2463.51,2495.48,2301.31,1888.66,1266.69,423.07,0.0,0.0,0.0,0.0,0.0,0.0,0.0,15976.2,2495.5,12,0.0,0.0,0.0,0.0,0.0,0.0,3.13,634.93,1404.31,2033.29,2479.25,2707.89,2715.83,2496.61,2064.51,1447.36,687.31,11.72,0.0,0.0,0.0,0.0,0.0,0.0,18686.2,2715.8,12,0.0,0.0,0.0,0.0,0.0,0.0,271.53,970.33,1669.92,2250.53,2654.66,2849.96,2818.42,2563.8,2106.45,1485.9,769.84,124.03,0.0,0.0,0.0,0.0,0.0,0.0,20535.3,2850.0,11,0.0,0.0,0.0,0.0,0.0,67.27,492.58,1162.57,1815.21,2353.69,2721.91,2885.74,2833.1,2567.48,2112.08,1510.38,834.06,221.05,5.05,0.0,0.0,0.0,0.0,0.0,21582.2,2885.7,11,0.0,0.0,0.0,0.0,0.37,122.44,505.26,1137.44,1761.74,2285.89,2653.1,2829.72,2798.33,2562.58,2143.66,1582.3,943.7,337.45,79.19,0.0,0.0,0.0,0.0,0.0,21743.2,2829.7,11
Nicaragua,13.0,-85.0,-6,0.0,0.0,0.0,0.0,0.0,0.0,0.0,497.57,1258.65,1898.83,2368.66,2637.38,2687.39,2515.41,2132.7,1564.24,848.51,99.69,0.0,0.0,0.0,0.0,0.0,0.0,18509.0,2687.4,12,0.0,0.0,0.0,0.0,0.0,0.0,57.25,693.97,1427.14,2065.07,2540.9,2815.21,2866.9,2692.1,2304.12,1733.78,1032.97,305.48,0.0,0.0,0.0,0.0,0.0,0.0,20534.9,2866.9,12,0.0,0.0,0.0,0.0,0.0,0.0,132.41,691.47,1318.41,1871.9,2288.27,2529.83,2576.57,2424.73,2086.63,1591.29,988.12,368.35,3.01,0.0,0.0,0.0,0.0,0.0,18871.0,2576.6,12,0.0,0.0,0.0,0.0,0.0,0.0,115.49,820.68,1551.33,2161.67,2595.75,2819.9,2817.53,2588.82,2150.68,1537.09,804.59,104.21,0.0,0.0,0.0,0.0,0.0,0.0,20067.7,2819.9,11,0.0,0.0,0.0,0.0,0.0,0.0,0.0,497.57,1258.65,1898.83,2368.66,2637.38,2687.39,2515.41,2132.7,1564.24,848.51,99.69,0.0,0.0,0.0,0.0,0.0,0.0,18509.0,2687.4,12,0.0,0.0,0.0,0.0,0.0,0.0,0.0,445.49,1229.4,1908.87,2422.97,2735.7,2825.73,2686.95,2328.74,1775.59,1066.89,280.09,0.0,0.0,0.0,0.0,0.0,0.0,19706.4,2825.7,12,0.0,0.0,0.0,0.0,0.0,0.0,0.58,536.46,1312.11,1992.39,2508.78,2821.45,2907.67,2761.27,2392.75,1829.14,1115.51,338.9,0.0,0.0,0.0,0.0,0.0,0.0,20517.0,2907.7,12,0.0,0.0,0.0,0.0,0.0,0.0,57.25,693.97,1427.14,2065.07,2540.9,2815.21,2866.9,2692.1,2304.12,1733.78,1032.97,305.48,0.0,0.0,0.0,0.0,0.0,0.0,20534.9,2866.9,12,0.0,0.0,0.0,0.0,0.0,0.0,152.35,778.44,1453.09,2035.38,2462.81,2698.41,2723.3,2535.57,2150.18,1599.72,939.19,278.37,0.0,0.0,0.0,0.0,0.0,0.0,19806.8,2723.3,12,0.0,0.0,0.0,0.0,0.0,0.0,174.08,759.85,1391.67,1940.33,2345.18,2570.19,2596.91,2423.21,2063.22,1548.08,930.37,310.58,0.1,0.0,0.0,0.0,0.0,0.0,19053.8,2596.9,12,0.0,0.0,0.0,0.0,0.0,0.0,132.41,691.47,1318.41,1871.9,2288.27,2529.83,2576.57,2424.73,2086.63,1591.29,988.12,368.35,3.01,0.0,0.0,0.0,0.0,0.0,18871.0,2576.6,12,0.0,0.0,0.0,0.0,0.0,0.0,93.24,662.87,1320.45,1903.5,2344.57,2604.08,2660.8,2510.19,2164.27,1652.17,1023.78,372.26,0.79,0.0,0.0,0.0,0.0,0.0,19313.0,2660.8,12,0.0,0.0,0.0,0.0,0.0,0.0,92.22,723.63,1426.72,2035.62,2485.58,2738.54,2774.61,2591.0,2201.93,1639.17,956.49,264.45,0.0,0.0,0.0,0.0,0.0,0.0,19930.0,2774.6,12,0.0,0.0,0.0,0.0,0.0,0.0,115.49,820.68,1551.33,2161.67,2595.75,2819.9,2817.53,2588.82,2150.68,1537.09,804.59,104.21,0.0,0.0,0.0,0.0,0.0,0.0,20067.7,2819.9,11,0.0,0.0,0.0,0.0,0.0,0.0,100.33,838.8,1573.16,2170.94,2585.35,2787.14,2762.35,2512.7,2055.53,1423.44,669.02,15.75,0.0,0.0,0.0,0.0,0.0,0.0,19494.5,2787.1,11,0.0,0.0,0.0,0.0,0.0,0.0,17.55,683.5,1420.98,2024.18,2448.97,2667.16,2664.31,2440.62,2010.91,1403.74,663.8,12.32,0.0,0.0,0.0,0.0,0.0,0.0,18458.0,2667.2,11
Niger,17.0,9.0,1,0.0,0.0,0.0,0.0,0.0,0.0,0.0,2.3,607.5,1356.4,1962.36,2384.74,2597.58,2587.58,2355.35,1915.4,1294.71,536.71,0.06,0.0,0.0,0.0,0.0,0.0,17600.7,2597.6,12,0.0,0.0,0.0,0.0,0.0,0.0,0.0,208.36,924.29,1644.86,2246.51,2672.85,2889.87,2881.13,2647.3,2206.2,1593.35,867.6,165.18,0.0,0.0,0.0,0.0,0.0,20947.5,2889.9,12,0.0,0.0,0.0,0.0,0.0,0.0,0.66,300.48,906.59,1522.01,2043.0,2415.08,2605.61,2598.94,2395.61,2012.32,1482.93,863.84,265.06,0.02,0.0,0.0,0.0,0.0,19412.1,2605.6,12,0.0,0.0,0.0,0.0,0.0,0.0,0.0,277.52,1027.19,1736.27,2305.76,2687.59,2852.91,2789.65,2502.38,2012.36,1358.15,605.58,10.81,0.0,0.0,0.0,0.0,0.0,20166.2,2852.9,12,0.0,0.0,0.0,0.0,0.0,0.0,0.0,2.3,607.5,1356.4,1962.36,2384.74,2597.58,2587.58,2355.35,1915.4,1294.71,536.71,0.06,0.0,0.0,0.0,0.0,0.0,17600.7,2597.6,12,0.0,0.0,0.0,0.0,0.0,0.0,0.0,1.02,602.07,1378.72,2024.24,2490.43,2746.48,2775.48,2575.49,2159.71,1555.58,805.3,57.98,0.0,0.0,0.0,0.0,0.0,19172.5,2775.5,13,0.0,0.0,0.0,0.0,0.0,0.0,0.0,43.57,750.83,1519.34,2164.77,2632.07,2886.97,2911.37,2703.56,2278.24,1666.32,917.31,151.52,0.0,0.0,0.0,0.0,0.0,20625.9,2911.4,13,0.0,0.0,0.0,0.0,0.0,0.0,0.0,208.36,924.29,1644.86,2246.51,2672.85,2889.87,2881.13,2647.3,2206.2,1593.35,867.6,165.18,0.0,0.0,0.0,0.0,0.0,20947.5,2889.9,12,0.0,0.0,0.0,0.0,0.0,0.0,0.02,335.17,1005.05,1664.57,2210.88,2590.37,2771.17,2738.95,2496.27,2062.66,1475.79,798.7,170.06,0.0,0.0,0.0,0.0,0.0,20319.7,2771.2,12,0.0,0.0,0.0,0.0,0.0,0.0,3.82,353.73,977.19,1594.63,2109.1,2468.41,2641.44,2614.13,2388.68,1983.69,1435.28,803.64,211.63,0.0,0.0,0.0,0.0,0.0,19585.4,2641.4,12,0.0,0.0,0.0,0.0,0.0,0.0,0.66,300.48,906.59,1522.01,2043.0,2415.08,2605.61,2598.94,2395.61,2012.32,1482.93,863.84,265.06,0.02,0.0,0.0,0.0,0.0,19412.1,2605.6,12,0.0,0.0,0.0,0.0,0.0,0.0,0.0,246.07,865.64,1507.6,2054.81,2448.84,2654.93,2656.17,2452.42,2060.34,1514.4,872.61,251.06,0.0,0.0,0.0,0.0,0.0,19584.9,2656.2,13,0.0,0.0,0.0,0.0,0.0,0.0,0.0,237.53,910.99,1591.67,2159.99,2558.93,2754.89,2732.31,2492.94,2055.83,1458.54,765.09,127.84,0.0,0.0,0.0,0.0,0.0,19846.6,2754.9,12,0.0,0.0,0.0,0.0,0.0,0.0,0.0,277.52,1027.19,1736.27,2305.76,2687.59,2852.91,2789.65,2502.38,2012.36,1358.15,605.58,10.81,0.0,0.0,0.0,0.0,0.0,20166.2,2852.9,12,0.0,0.0,0.0,0.0,0.0,0.0,0.0,243.84,1030.82,1743.33,2300.22,2662.34,2805.2,2719.17,2410.07,1898.77,1220.49,435.09,0.0,0.0,0.0,0.0,0.0,0.0,19469.3,2805.2,12,0.0,0.0,0.0,0.0,0.0,0.0,0.0,76.05,823.75,1544.12,2109.75,2484.74,2645.71,2582.46,2299.02,1813.23,1155.19,378.22,0.0,0.0,0.0,0.0,0.0,0.0,17912.2,2645.7,12
Nigeria,9.0,8.0,1,0.0,0.0,0.0,0.0,0.0,0.0,0.0,9.73,522.33,1208.07,1794.65,2215.77,2437.08,2441.95,2230.0,1817.13,1236.8,552.88,16.29,0.0,0.0,0.0,0.0,0.0,16482.7,2442.0,13,0.0,0.0,0.0,0.0,0.0,0.0,0.0,107.0,755.43,1462.59,2065.61,2500.44,2730.12,2736.51,2519.16,2095.21,1500.52,797.02,134.96,0.0,0.0,0.0,0.0,0.0,19404.6,2736.5,13,0.0,0.0,0.0,0.0,0.0,0.0,0.0,149.51,704.98,1309.5,1832.08,2211.87,2413.65,2420.25,2231.11,1862.26,1347.58,745.63,178.93,0.0,0.0,0.0,0.0,0.0,17407.4,2420.3,13,0.0,0.0,0.0,0.0,0.0,0.0,0.0,181.49,866.49,1559.69,2129.31,2519.23,2697.4,2649.99,2380.65,1910.6,1280.47,564.14,16.18,0.0,0.0,0.0,0.0,0.0,18755.6,2697.4,12,0.0,0.0,0.0,0.0,0.0,0.0,0.0,9.73,522.33,1208.07,1794.65,2215.77,2437.08,2441.95,2230.0,1817.13,1236.8,552.88,16.29,0.0,0.0,0.0,0.0,0.0,16482.7,2442.0,13,0.0,0.0,0.0,0.0,0.0,0.0,0.0,1.88,468.08,1179.63,1806.49,2271.9,2536.49,2579.92,2398.92,2007.17,1436.13,742.8,93.43,0.0,0.0,0.0,0.0,0.0,17522.8,2579.9,13,0.0,0.0,0.0,0.0,0.0,0.0,0.0,12.38,538.75,1254.14,1884.75,2352.88,2617.12,2656.35,2467.51,2065.48,1484.16,784.54,124.79,0.0,0.0,0.0,0.0,0.0,18242.8,2656.4,13,0.0,0.0,0.0,0.0,0.0,0.0,0.0,107.0,755.43,1462.59,2065.61,2500.44,2730.12,2736.51,2519.16,2095.21,1500.52,797.02,134.96,0.0,0.0,0.0,0.0,0.0,19404.6,2736.5,13,0.0,0.0,0.0,0.0,0.0,0.0,0.0,196.67,829.33,1484.3,2035.82,2425.42,2619.14,2601.29,2373.32,1953.93,1380.46,717.43,117.17,0.0,0.0,0.0,0.0,0.0,18734.3,2619.1,12,0.0,0.0,0.0,0.0,0.0,0.0,0.0,174.54,734.42,1332.77,1844.3,2208.98,2392.43,2378.77,2169.17,1781.95,1254.36,651.5,117.22,0.0,0.0,0.0,0.0,0.0,17040.4,2392.4,12,0.0,0.0,0.0,0.0,0.0,0.0,0.0,149.51,704.98,1309.5,1832.08,2211.87,2413.65,2420.25,2231.11,1862.26,1347.58,745.63,178.93,0.0,0.0,0.0,0.0,0.0,17407.4,2420.3,13,0.0,0.0,0.0,0.0,0.0,0.0,0.0,145.59,754.44,1407.22,1967.73,2375.94,2596.5,2611.69,2420.26,2037.49,1495.92,850.83,218.14,0.0,0.0,0.0,0.0,0.0,18881.8,2611.7,13,0.0,0.0,0.0,0.0,0.0,0.0,0.0,153.38,805.56,1490.27,2068.3,2479.83,2689.99,2682.15,2456.9,2032.05,1443.84,754.63,117.64,0.0,0.0,0.0,0.0,0.0,19174.5,2690.0,12,0.0,0.0,0.0,0.0,0.0,0.0,0.0,181.49,866.49,1559.69,2129.31,2519.23,2697.4,2649.99,2380.65,1910.6,1280.47,564.14,16.18,0.0,0.0,0.0,0.0,0.0,18755.6,2697.4,12,0.0,0.0,0.0,0.0,0.0,0.0,0.0,171.5,857.3,1540.65,2092.15,2459.94,2614.93,2545.47,2256.77,1771.09,1130.02,415.75,0.17,0.0,0.0,0.0,0.0,0.0,17855.8,2614.9,12,0.0,0.0,0.0,0.0,0.0,0.0,0.0,74.22,692.28,1364.36,1916.54,2293.28,2464.53,2417.46,2155.57,1698.87,1086.16,397.16,0.2,0.0,0.0,0.0,0.0,0.0,16560.6,2464.5,12
North Korea,40.0,127.0,8,0.0,0.0,0.0,0.0,0.0,0.0,0.0,134.85,1226.51,1942.61,2420.05,2671.89,2692.05,2479.83,2041.09,1370.71,335.91,0.0,0.0,0.0,0.0,0.0,0.0,0.0,17315.5,2692.1,12,0.0,0.0,0.0,0.0,0.0,0.0,180.02,867.75,1587.61,2206.78,2658.49,2905.05,2927.2,2723.28,2309.21,1719.0,1009.53,295.58,0.0,0.0,0.0,0.0,0.0,0.0,21389.5,2927.2,12,0.0,0.0,0.0,0.0,0.0,88.22,348.51,905.82,1488.87,2000.07,2378.58,2586.91,2605.98,2434.08,2086.79,1597.78,1022.05,448.82,117.34,0.16,0.0,0.0,0.0,0.0,20110.0,2606.0,12,0.0,0.0,0.0,0.0,0.0,0.0,137.14,858.73,1591.8,2188.12,2600.35,2797.31,2764.66,2504.71,2036.41,1395.79,644.63,20.52,0.0,0.0,0.0,0.0,0.0,0.0,19540.2,2797.3,11,0.0,0.0,0.0,0.0,0.0,0.0,0.0,134.85,1226.51,1942.61,2420.05,2671.89,2692.05,2479.83,2041.09,1370.71,335.91,0.0,0.0,0.0,0.0,0.0,0.0,0.0,17315.5,2692.1,12,0.0,0.0,0.0,0.0,0.0,0.0,0.0,313.51,1301.43,2015.8,2524.88,2816.67,2877.43,2703.96,2305.13,1696.95,872.21,0.0,0.0,0.0,0.0,0.0,0.0,0.0,19428.0,2877.4,12,0.0,0.0,0.0,0.0,0.0,0.0,0.0,644.75,1465.89,2151.85,2655.52,2941.82,2997.94,2820.2,2417.64,1814.35,1050.04,195.08,0.0,0.0,0.0,0.0,0.0,0.0,21155.1,2997.9,12,0.0,0.0,0.0,0.0,0.0,0.0,180.02,867.75,1587.61,2206.78,2658.49,2905.05,2927.2,2723.28,2309.21,1719.0,1009.53,295.58,0.0,0.0,0.0,0.0,0.0,0.0,21389.5,2927.2,12,0.0,0.0,0.0,0.0,0.0,34.25,351.96,985.92,1630.82,2182.38,2579.04,2784.47,2781.12,2569.34,2167.29,1612.04,964.71,335.57,31.1,0.0,0.0,0.0,0.0,0.0,21010.0,2784.5,11,0.0,0.0,0.0,0.0,0.0,93.38,395.23,982.78,1579.42,2092.15,2463.09,2656.91,2656.4,2461.64,2089.95,1576.8,979.54,393.12,93.37,0.0,0.0,0.0,0.0,0.0,20513.8,2656.9,11,0.0,0.0,0.0,0.0,0.0,88.22,348.51,905.82,1488.87,2000.07,2378.58,2586.91,2605.98,2434.08,2086.79,1597.78,1022.05,448.82,117.34,0.16,0.0,0.0,0.0,0.0,20110.0,2606.0,12,0.0,0.0,0.0,0.0,0.0,31.3,284.62,844.04,1451.4,1988.77,2390.2,2615.3,2643.37,2471.84,2116.23,1611.08,1014.2,423.79,75.72,0.0,0.0,0.0,0.0,0.0,19961.9,2643.4,12,0.0,0.0,0.0,0.0,0.0,0.0,226.21,842.75,1508.48,2081.71,2498.43,2719.81,2726.83,2518.86,2113.59,1548.38,887.23,258.08,0.13,0.0,0.0,0.0,0.0,0.0,19930.5,2726.8,12,0.0,0.0,0.0,0.0,0.0,0.0,137.14,858.73,1591.8,2188.12,2600.35,2797.31,2764.66,2504.71,2036.41,1395.79,644.63,20.52,0.0,0.0,0.0,0.0,0.0,0.0,19540.2,2797.3,11,0.0,0.0,0.0,0.0,0.0,0.0,0.0,729.06,1541.33,2155.59,2561.29,2740.13,2682.68,2392.01,1882.58,1172.83,279.54,0.0,0.0,0.0,0.0,0.0,0.0,0.0,18137.0,2740.1,11,0.0,0.0,0.0,0.0,0.0,0.0,0.0,383.42,1364.73,2028.92,2460.61,2661.44,2625.82,2354.92,1854.76,1112.12,81.41,0.0,0.0,0.0,0.0,0.0,0.0,0.0,16928.2,2661.4,11
North Macedonia,41.6,21.7,1,0.0,0.0,0.0,0.0,0.0,0.0,0.0,0.0,669.83,1444.21,1962.64,2235.97,2262.89,2042.98,1578.23,861.08,36.15,0.0,0.0,0.0,0.0,0.0,0.0,0.0,13094.0,2262.9,12,0.0,0.0,0.0,0.0,0.0,0.0,117.49,686.65,1355.04,1947.7,2387.5,2631.08,2656.86,2462.67,2065.62,1503.69,843.93,224.89,0.0,0.0,0.0,0.0,0.0,0.0,18883.1,2656.9,12,0.0,0.0,0.0,0.0,0.0,91.03,341.62,856.5,1412.32,1907.26,2277.89,2484.62,2507.16,2343.36,2009.08,1539.06,990.24,453.0,130.7,0.82,0.0,0.0,0.0,0.0,19344.7,2507.2,12,0.0,0.0,0.0,0.0,0.0,0.0,85.02,740.23,1451.37,2042.98,2455.33,2655.0,2626.74,2372.63,1912.1,1283.4,557.67,11.61,0.0,0.0,0.0,0.0,0.0,0.0,18194.1,2655.0,11,0.0,0.0,0.0,0.0,0.0,0.0,0.0,0.0,669.83,1444.21,1962.64,2235.97,2262.89,2042.98,1578.23,861.08,36.15,0.0,0.0,0.0,0.0,0.0,0.0,0.0,13094.0,2262.9,12,0.0,0.0,0.0,0.0,0.0,0.0,0.0,24.61,766.1,1508.83,2043.31,2350.8,2418.81,2244.32,1835.07,1206.48,393.0,0.0,0.0,0.0,0.0,0.0,0.0,0.0,14791.3,2418.8,12,0.0,0.0,0.0,0.0,0.0,0.0,0.0,304.3,1040.9,1706.7,2205.64,2496.28,2557.11,2383.78,1989.0,1403.26,684.15,45.7,0.0,0.0,0.0,0.0,0.0,0.0,16816.8,2557.1,12,0.0,0.0,0.0,0.0,0.0,0.0,117.49,686.65,1355.04,1947.7,2387.5,2631.08,2656.86,2462.67,2065.62,1503.69,843.93,224.89,0.0,0.0,0.0,0.0,0.0,0.0,18883.1,2656.9,12,0.0,0.0,0.0,0.0,0.0,27.58,311.63,865.89,1464.09,1988.56,2371.77,2573.45,2574.25,2374.14,1992.41,1469.26,871.92,317.15,30.2,0.0,0.0,0.0,0.0,0.0,19232.3,2574.2,12,0.0,0.0,0.0,0.0,0.0,99.43,382.98,923.21,1490.58,1986.17,2348.95,2541.31,2544.82,2359.17,2002.17,1510.71,944.8,401.33,106.35,0.0,0.0,0.0,0.0,0.0,19642.0,2544.8,12,0.0,0.0,0.0,0.0,0.0,91.03,341.62,856.5,1412.32,1907.26,2277.89,2484.62,2507.16,2343.36,2009.08,1539.06,990.24,453.0,130.7,0.82,0.0,0.0,0.0,0.0,19344.7,2507.2,12,0.0,0.0,0.0,0.0,0.0,32.0,275.39,810.39,1402.01,1931.45,2330.08,2556.01,2587.64,2421.99,2074.59,1580.46,998.4,426.88,83.39,0.0,0.0,0.0,0.0,0.0,19510.7,2587.6,12,0.0,0.0,0.0,0.0,0.0,0.0,222.52,840.63,1506.06,2082.4,2502.85,2728.25,2739.29,2535.0,2132.69,1569.25,907.73,272.94,0.59,0.0,0.0,0.0,0.0,0.0,20040.2,2739.3,12,0.0,0.0,0.0,0.0,0.0,0.0,85.02,740.23,1451.37,2042.98,2455.33,2655.0,2626.74,2372.63,1912.1,1283.4,557.67,11.61,0.0,0.0,0.0,0.0,0.0,0.0,18194.1,2655.0,11,0.0,0.0,0.0,0.0,0.0,0.0,0.0,419.94,1194.89,1812.53,2224.45,2408.88,2355.74,2067.91,1560.67,861.53,100.96,0.0,0.0,0.0,0.0,0.0,0.0,0.0,15007.5,2408.9,11,0.0,0.0,0.0,0.0,0.0,0.0,0.0,49.61,814.42,1502.82,1956.79,2170.33,2138.72,1862.74,1347.72,602.37,1.13,0.0,0.0,0.0,0.0,0.0,0.0,0.0,12446.7,2170.3,11
Norway,65.0,15.0,1,0.0,0.0,0.0,0.0,0.0,0.0,0.0,0.0,0.0,0.0,0.0,509.22,745.93,555.91,0.0,0.0,0.0,0.0,0.0,0.0,0.0,0.0,0.0,0.0,1811.1,745.9,12,0.0,0.0,0.0,0.0,0.0,0.0,15.2,574.72,1283.42,1932.38,2446.06,2777.95,2900.93,2805.38,2498.87,2006.37,1371.79,665.16,55.5,0.0,0.0,0.0,0.0,0.0,21333.7,2900.9,12,0.0,0.0,3.26,32.3,78.41,123.95,203.74,768.67,1358.21,1896.77,2326.76,2606.76,2711.29,2631.08,2373.21,1961.01,1433.78,846.94,273.6,129.47,84.21,37.51,4.86,0.0,21885.8,2711.3,12,0.0,0.0,0.0,0.0,0.0,0.0,0.0,305.42,1008.91,1658.68,2152.6,2447.47,2520.78,2367.04,1997.43,1440.53,750.56,103.17,0.0,0.0,0.0,0.0,0.0,0.0,16752.6,2520.8,12,0.0,0.0,0.0,0.0,0.0,0.0,0.0,0.0,0.0,0.0,0.0,509.22,745.93,555.91,0.0,0.0,0.0,0.0,0.0,0.0,0.0,0.0,0.0,0.0,1811.1,745.9,12,0.0,0.0,0.0,0.0,0.0,0.0,0.0,0.0,0.0,230.74,1124.86,1690.22,1914.69,1832.19,1431.78,657.75,0.0,0.0,0.0,0.0,0.0,0.0,0.0,0.0,8882.2,1914.7,12,0.0,0.0,0.0,0.0,0.0,0.0,0.0,0.0,666.14,1457.26,2061.95,2456.68,2623.53,2553.97,2251.84,1732.34,1017.14,190.26,0.0,0.0,0.0,0.0,0.0,0.0,17011.1,2623.5,12,0.0,0.0,0.0,0.0,0.0,0.0,15.2,574.72,1283.42,1932.38,2446.06,2777.95,2900.93,2805.38,2498.87,2006.37,1371.79,665.16,55.5,0.0,0.0,0.0,0.0,0.0,21333.7,2900.9,12,0.0,0.0,0.0,0.0,10.83,51.76,166.47,798.05,1456.18,2047.29,2508.77,2798.13,2890.49,2778.16,2470.61,1994.5,1394.11,734.24,112.04,48.74,8.74,0.0,0.0,0.0,22269.1,2890.5,12,0.0,0.0,1.18,26.56,71.13,115.16,242.79,831.34,1434.74,1977.65,2403.54,2672.37,2760.18,2659.34,2378.67,1943.27,1394.34,789.52,205.44,112.7,68.7,24.68,0.95,0.0,22114.2,2760.2,12,0.0,0.0,3.26,32.3,78.41,123.95,203.74,768.67,1358.21,1896.77,2326.76,2606.76,2711.29,2631.08,2373.21,1961.01,1433.78,846.94,273.6,129.47,84.21,37.51,4.86,0.0,21885.8,2711.3,12,0.0,0.0,0.0,0.0,27.96,86.1,139.73,676.18,1269.6,1824.26,2272.98,2569.3,2684.93,2609.18,2348.97,1928.78,1391.17,798.66,240.4,96.49,38.27,0.5,0.0,0.0,21003.5,2684.9,12,0.0,0.0,0.0,0.0,0.0,4.49,77.79,558.84,1167.9,1747.37,2211.97,2509.87,2611.8,2508.2,2208.65,1742.44,1161.54,551.93,74.0,3.4,0.0,0.0,0.0,0.0,19140.2,2611.8,12,0.0,0.0,0.0,0.0,0.0,0.0,0.0,305.42,1008.91,1658.68,2152.6,2447.47,2520.78,2367.04,1997.43,1440.53,750.56,103.17,0.0,0.0,0.0,0.0,0.0,0.0,16752.6,2520.8,12,0.0,0.0,0.0,0.0,0.0,0.0,0.0,0.0,206.84,1126.3,1761.23,2094.47,2154.23,1943.34,1447.33,615.49,0.0,0.0,0.0,0.0,0.0,0.0,0.0,0.0,11349.2,2154.2,12,0.0,0.0,0.0,0.0,0.0,0.0,0.0,0.0,0.0,0.0,434.98,983.11,1118.22,824.48,199.96,0.0,0.0,0.0,0.0,0.0,0.0,0.0,0.0,0.0,3560.7,1118.2,12
Oman,21.0,57.0,4,0.0,0.0,0.0,0.0,0.0,0.0,0.0,16.06,740.16,1487.71,2068.88,2455.18,2625.44,2569.76,2291.39,1806.19,1139.28,332.48,0.0,0.0,0.0,0.0,0.0,0.0,17532.5,2625.4,12,0.0,0.0,0.0,0.0,0.0,0.0,0.0,327.26,1049.82,1746.79,2314.3,2699.74,2872.06,2818.02,2541.78,2064.98,1428.02,699.79,68.66,0.0,0.0,0.0,0.0,0.0,20631.2,2872.1,12,0.0,0.0,0.0,0.0,0.0,0.0,35.16,429.39,1034.36,1625.8,2114.04,2448.31,2598.66,2552.43,2313.45,1902.27,1357.72,744.56,192.35,0.0,0.0,0.0,0.0,0.0,19348.5,2598.7,12,0.0,0.0,0.0,0.0,0.0,0.0,0.0,417.42,1178.11,1866.57,2403.04,2744.16,2864.57,2755.54,2424.95,1897.27,1214.71,453.38,0.0,0.0,0.0,0.0,0.0,0.0,20219.7,2864.6,12,0.0,0.0,0.0,0.0,0.0,0.0,0.0,16.06,740.16,1487.71,2068.88,2455.18,2625.44,2569.76,2291.39,1806.19,1139.28,332.48,0.0,0.0,0.0,0.0,0.0,0.0,17532.5,2625.4,12,0.0,0.0,0.0,0.0,0.0,0.0,0.0,15.29,734.56,1505.33,2124.63,2553.97,2766.74,2749.45,2503.18,2043.52,1398.86,610.8,0.35,0.0,0.0,0.0,0.0,0.0,19006.7,2766.7,12,0.0,0.0,0.0,0.0,0.0,0.0,0.0,117.41,871.67,1623.04,2237.67,2665.58,2875.78,2853.44,2600.13,2133.8,1488.65,720.39,31.82,0.0,0.0,0.0,0.0,0.0,20219.4,2875.8,12,0.0,0.0,0.0,0.0,0.0,0.0,0.0,327.26,1049.82,1746.79,2314.3,2699.74,2872.06,2818.02,2541.78,2064.98,1428.02,699.79,68.66,0.0,0.0,0.0,0.0,0.0,20631.2,2872.1,12,0.0,0.0,0.0,0.0,0.0,0.0,19.02,470.55,1139.62,1775.09,2287.64,2627.44,2765.61,2690.99,2409.64,1945.04,1340.04,667.64,99.35,0.0,0.0,0.0,0.0,0.0,20237.7,2765.6,12,0.0,0.0,0.0,0.0,0.0,0.0,50.94,488.27,1109.35,1703.03,2184.75,2505.99,2638.51,2571.3,2309.93,1876.87,1313.27,688.15,146.6,0.0,0.0,0.0,0.0,0.0,19586.9,2638.5,12,0.0,0.0,0.0,0.0,0.0,0.0,35.16,429.39,1034.36,1625.8,2114.04,2448.31,2598.66,2552.43,2313.45,1902.27,1357.72,744.56,192.35,0.0,0.0,0.0,0.0,0.0,19348.5,2598.7,12,0.0,0.0,0.0,0.0,0.0,0.0,7.15,378.56,1008.89,1631.44,2147.76,2504.25,2669.34,2629.28,2387.32,1963.88,1398.1,755.95,175.57,0.0,0.0,0.0,0.0,0.0,19657.5,2669.3,12,0.0,0.0,0.0,0.0,0.0,0.0,0.26,385.69,1081.18,1746.43,2285.0,2645.79,2798.96,2732.44,2451.39,1978.38,1355.07,653.24,63.91,0.0,0.0,0.0,0.0,0.0,20177.8,2799.0,12,0.0,0.0,0.0,0.0,0.0,0.0,0.0,417.42,1178.11,1866.57,2403.04,2744.16,2864.57,2755.54,2424.95,1897.27,1214.71,453.38,0.0,0.0,0.0,0.0,0.0,0.0,20219.7,2864.6,12,0.0,0.0,0.0,0.0,0.0,0.0,0.0,353.69,1152.66,1844.95,2369.11,2690.63,2788.47,2656.19,2302.51,1750.53,1036.74,237.02,0.0,0.0,0.0,0.0,0.0,0.0,19182.5,2788.5,12,0.0,0.0,0.0,0.0,0.0,0.0,0.0,145.51,948.49,1657.26,2194.21,2531.03,2648.34,2539.13,2209.95,1679.77,976.59,170.42,0.0,0.0,0.0,0.0,0.0,0.0,17700.7,2648.3,12
Pakistan,30.0,70.0,5,0.0,0.0,0.0,0.0,0.0,0.0,0.0,0.0,407.01,1235.89,1872.1,2300.15,2505.67,2479.48,2222.82,1746.75,1065.33,213.62,0.0,0.0,0.0,0.0,0.0,0.0,16048.8,2505.7,12,0.0,0.0,0.0,0.0,0.0,0.0,0.0,239.27,920.41,1615.64,2197.74,2606.68,2807.44,2783.95,2538.1,2089.86,1478.67,772.39,132.24,0.0,0.0,0.0,0.0,0.0,20182.4,2807.4,12,0.0,0.0,0.0,0.0,0.0,0.0,61.6,403.27,974.9,1555.45,2048.75,2398.7,2571.63,2552.04,2341.65,1959.46,1443.09,854.51,303.43,24.83,0.0,0.0,0.0,0.0,19493.3,2571.6,12,0.0,0.0,0.0,0.0,0.0,0.0,0.0,257.91,989.4,1687.43,2245.19,2613.57,2764.12,2685.63,2383.88,1881.68,1220.49,477.1,0.61,0.0,0.0,0.0,0.0,0.0,19207.0,2764.1,12,0.0,0.0,0.0,0.0,0.0,0.0,0.0,0.0,407.01,1235.89,1872.1,2300.15,2505.67,2479.48,2222.82,1746.75,1065.33,213.62,0.0,0.0,0.0,0.0,0.0,0.0,16048.8,2505.7,12,0.0,0.0,0.0,0.0,0.0,0.0,0.0,0.0,479.04,1306.06,1967.78,2433.74,2680.57,2694.45,2474.59,2033.4,1393.54,583.54,0.0,0.0,0.0,0.0,0.0,0.0,18046.7,2694.5,13,0.0,0.0,0.0,0.0,0.0,0.0,0.0,19.64,683.36,1450.83,2090.79,2548.11,2789.75,2798.82,2574.69,2133.08,1505.88,745.93,43.99,0.0,0.0,0.0,0.0,0.0,19384.9,2798.8,13,0.0,0.0,0.0,0.0,0.0,0.0,0.0,239.27,920.41,1615.64,2197.74,2606.68,2807.44,2783.95,2538.1,2089.86,1478.67,772.39,132.24,0.0,0.0,0.0,0.0,0.0,20182.4,2807.4,12,0.0,0.0,0.0,0.0,0.0,0.0,25.47,417.11,1054.67,1685.37,2208.69,2568.8,2733.02,2687.36,2435.72,2000.06,1422.14,772.24,192.38,0.0,0.0,0.0,0.0,0.0,20203.0,2733.0,12,0.0,0.0,0.0,0.0,0.0,0.0,75.18,456.42,1049.71,1637.03,2126.99,2466.05,2622.46,2582.48,2349.6,1944.71,1407.61,803.76,253.18,8.59,0.0,0.0,0.0,0.0,19783.8,2622.5,12,0.0,0.0,0.0,0.0,0.0,0.0,61.6,403.27,974.9,1555.45,2048.75,2398.7,2571.63,2552.04,2341.65,1959.46,1443.09,854.51,303.43,24.83,0.0,0.0,0.0,0.0,19493.3,2571.6,12,0.0,0.0,0.0,0.0,0.0,0.0,15.23,337.03,921.8,1528.6,2048.28,2420.22,2608.46,2596.13,2384.27,1991.89,1457.43,845.45,275.36,3.53,0.0,0.0,0.0,0.0,19433.7,2608.5,12,0.0,0.0,0.0,0.0,0.0,0.0,0.05,298.3,945.83,1601.89,2150.07,2531.16,2710.89,2674.15,2423.94,1981.5,1388.26,716.01,127.47,0.0,0.0,0.0,0.0,0.0,19549.5,2710.9,12,0.0,0.0,0.0,0.0,0.0,0.0,0.0,257.91,989.4,1687.43,2245.19,2613.57,2764.12,2685.63,2383.88,1881.68,1220.49,477.1,0.61,0.0,0.0,0.0,0.0,0.0,19207.0,2764.1,12,0.0,0.0,0.0,0.0,0.0,0.0,0.0,116.74,910.15,1639.2,2197.72,2552.64,2682.55,2579.46,2249.7,1713.16,1001.25,193.1,0.0,0.0,0.0,0.0,0.0,0.0,17835.7,2682.6,12,0.0,0.0,0.0,0.0,0.0,0.0,0.0,0.44,635.6,1411.94,1996.7,2372.38,2523.31,2442.17,2132.94,1609.41,888.38,72.85,0.0,0.0,0.0,0.0,0.0,0.0,16086.1,2523.3,12
Panama,9.0,-80.0,-5,0.0,0.0,0.0,0.0,0.0,0.0,0.0,85.26,795.82,1508.76,2088.59,2490.31,2685.8,2661.61,2419.39,1975.82,1362.22,629.59,10.92,0.0,0.0,0.0,0.0,0.0,18714.1,2685.8,12,0.0,0.0,0.0,0.0,0.0,0.0,0.0,212.62,926.75,1639.12,2228.94,2641.1,2842.71,2818.49,2570.27,2117.04,1495.76,768.61,97.88,0.0,0.0,0.0,0.0,0.0,20359.3,2842.7,12,0.0,0.0,0.0,0.0,0.0,0.0,0.0,252.94,866.05,1483.34,1999.76,2362.85,2541.63,2521.72,2304.69,1908.09,1366.5,738.45,153.31,0.0,0.0,0.0,0.0,0.0,18499.3,2541.6,12,0.0,0.0,0.0,0.0,0.0,0.0,0.0,316.29,1054.91,1749.5,2303.72,2669.55,2818.81,2740.41,2440.14,1940.76,1283.26,540.14,4.16,0.0,0.0,0.0,0.0,0.0,19861.6,2818.8,12,0.0,0.0,0.0,0.0,0.0,0.0,0.0,85.26,795.82,1508.76,2088.59,2490.31,2685.8,2661.61,2419.39,1975.82,1362.22,629.59,10.92,0.0,0.0,0.0,0.0,0.0,18714.1,2685.8,12,0.0,0.0,0.0,0.0,0.0,0.0,0.0,44.54,740.37,1488.17,2111.53,2558.74,2797.52,2811.1,2598.52,2174.64,1569.87,832.79,98.95,0.0,0.0,0.0,0.0,0.0,19826.7,2811.1,13,0.0,0.0,0.0,0.0,0.0,0.0,0.0,92.24,810.43,1561.51,2190.44,2641.16,2879.45,2887.96,2666.08,2229.92,1612.44,867.56,131.6,0.0,0.0,0.0,0.0,0.0,20570.8,2888.0,13,0.0,0.0,0.0,0.0,0.0,0.0,0.0,212.62,926.75,1639.12,2228.94,2641.1,2842.71,2818.49,2570.27,2117.04,1495.76,768.61,97.88,0.0,0.0,0.0,0.0,0.0,20359.3,2842.7,12,0.0,0.0,0.0,0.0,0.0,0.0,0.0,306.5,981.3,1638.57,2176.88,2544.72,2711.8,2665.07,2408.18,1961.59,1363.91,680.94,81.5,0.0,0.0,0.0,0.0,0.0,19521.0,2711.8,12,0.0,0.0,0.0,0.0,0.0,0.0,0.0,306.63,935.75,1553.22,2061.8,2411.21,2571.92,2531.11,2292.03,1874.09,1314.28,675.5,106.53,0.0,0.0,0.0,0.0,0.0,18634.1,2571.9,12,0.0,0.0,0.0,0.0,0.0,0.0,0.0,252.94,866.05,1483.34,1999.76,2362.85,2541.63,2521.72,2304.69,1908.09,1366.5,738.45,153.31,0.0,0.0,0.0,0.0,0.0,18499.3,2541.6,12,0.0,0.0,0.0,0.0,0.0,0.0,0.0,220.96,859.64,1508.84,2053.77,2439.63,2633.88,2621.14,2402.37,1994.93,1433.52,776.82,156.78,0.0,0.0,0.0,0.0,0.0,19102.3,2633.9,12,0.0,0.0,0.0,0.0,0.0,0.0,0.0,249.57,942.11,1625.31,2187.61,2575.62,2757.82,2720.15,2465.44,2013.53,1402.39,696.87,72.66,0.0,0.0,0.0,0.0,0.0,19709.1,2757.8,12,0.0,0.0,0.0,0.0,0.0,0.0,0.0,316.29,1054.91,1749.5,2303.72,2669.55,2818.81,2740.41,2440.14,1940.76,1283.26,540.14,4.16,0.0,0.0,0.0,0.0,0.0,19861.6,2818.8,12,0.0,0.0,0.0,0.0,0.0,0.0,0.0,331.37,1083.02,1768.88,2304.95,2648.66,2774.96,2674.86,2355.5,1840.1,1168.86,416.16,0.0,0.0,0.0,0.0,0.0,0.0,19367.3,2775.0,12,0.0,0.0,0.0,0.0,0.0,0.0,0.0,219.58,956.35,1641.64,2182.57,2537.67,2681.91,2605.28,2313.1,1825.85,1179.37,437.99,0.0,0.0,0.0,0.0,0.0,0.0,18581.3,2681.9,12
Papua New Guinea,-6.0,143.0,10,0.0,0.0,0.0,0.0,0.0,0.0,0.0,164.53,798.19,1467.66,2036.94,2447.83,2664.01,2668.12,2459.84,2055.82,1490.68,823.4,183.37,0.0,0.0,0.0,0.0,0.0,19260.4,2668.1,13,0.0,0.0,0.0,0.0,0.0,0.0,0.0,95.1,778.47,1507.21,2121.15,2561.83,2794.29,2801.1,2581.76,2152.68,1547.68,823.56,125.02,0.0,0.0,0.0,0.0,0.0,19889.9,2801.1,13,0.0,0.0,0.0,0.0,0.0,0.0,0.0,42.22,643.84,1306.78,1863.02,2260.09,2469.45,2476.06,2279.43,1893.66,1347.51,688.97,65.75,0.0,0.0,0.0,0.0,0.0,17336.8,2476.1,13,0.0,0.0,0.0,0.0,0.0,0.0,0.0,254.3,976.44,1679.48,2253.76,2645.91,2825.24,2778.23,2508.39,2036.41,1401.17,669.27,43.58,0.0,0.0,0.0,0.0,0.0,20072.2,2825.2,12,0.0,0.0,0.0,0.0,0.0,0.0,0.0,164.53,798.19,1467.66,2036.94,2447.83,2664.01,2668.12,2459.84,2055.82,1490.68,823.4,183.37,0.0,0.0,0.0,0.0,0.0,19260.4,2668.1,13,0.0,0.0,0.0,0.0,0.0,0.0,0.0,73.45,684.72,1388.68,2003.53,2461.28,2721.86,2764.45,2585.68,2199.61,1638.33,956.81,268.04,0.0,0.0,0.0,0.0,0.0,19746.4,2764.4,13,0.0,0.0,0.0,0.0,0.0,0.0,0.0,62.52,703.19,1436.89,2072.01,2541.85,2806.81,2846.3,2657.3,2254.29,1669.79,959.04,240.26,0.0,0.0,0.0,0.0,0.0,20250.2,2846.3,13,0.0,0.0,0.0,0.0,0.0,0.0,0.0,95.1,778.47,1507.21,2121.15,2561.83,2794.29,2801.1,2581.76,2152.68,1547.68,823.56,125.02,0.0,0.0,0.0,0.0,0.0,19889.9,2801.1,13,0.0,0.0,0.0,0.0,0.0,0.0,0.0,119.57,803.11,1497.55,2070.86,2471.78,2670.37,2652.2,2418.59,1986.64,1389.54,682.97,46.8,0.0,0.0,0.0,0.0,0.0,18810.0,2670.4,12,0.0,0.0,0.0,0.0,0.0,0.0,0.0,83.33,721.57,1383.85,1929.41,2312.76,2504.09,2489.61,2270.4,1862.28,1296.15,624.33,32.3,0.0,0.0,0.0,0.0,0.0,17510.1,2504.1,12,0.0,0.0,0.0,0.0,0.0,0.0,0.0,42.22,643.84,1306.78,1863.02,2260.09,2469.45,2476.06,2279.43,1893.66,1347.51,688.97,65.75,0.0,0.0,0.0,0.0,0.0,17336.8,2476.1,13,0.0,0.0,0.0,0.0,0.0,0.0,0.0,48.69,684.93,1377.17,1959.35,2378.84,2604.53,2620.16,2424.61,2031.88,1471.11,789.99,113.58,0.0,0.0,0.0,0.0,0.0,18504.8,2620.2,13,0.0,0.0,0.0,0.0,0.0,0.0,0.0,124.3,820.51,1532.3,2123.32,2542.35,2756.01,2748.59,2520.6,2088.85,1486.72,769.69,90.24,0.0,0.0,0.0,0.0,0.0,19603.5,2756.0,12,0.0,0.0,0.0,0.0,0.0,0.0,0.0,254.3,976.44,1679.48,2253.76,2645.91,2825.24,2778.23,2508.39,2036.41,1401.17,669.27,43.58,0.0,0.0,0.0,0.0,0.0,20072.2,2825.2,12,0.0,0.0,0.0,0.0,0.0,0.0,0.0,344.16,1051.93,1727.57,2274.1,2638.43,2792.14,2723.39,2437.48,1957.06,1323.71,609.77,32.93,0.0,0.0,0.0,0.0,0.0,19912.7,2792.1,12,0.0,0.0,0.0,0.0,0.0,0.0,0.0,298.41,971.61,1630.45,2171.87,2541.51,2709.54,2662.73,2404.75,1956.29,1356.42,672.29,77.34,0.0,0.0,0.0,0.0,0.0,19453.2,2709.5,12
Paraguay,-23.0,-58.0,-4,0.0,0.0,0.0,0.0,0.0,0.0,137.24,674.12,1321.18,1917.47,2384.48,2675.44,2764.32,2643.56,2323.47,1832.97,1222.55,578.21,90.51,0.0,0.0,0.0,0.0,0.0,20565.5,2764.3,12,0.0,0.0,0.0,0.0,0.0,0.0,0.0,413.55,1159.9,1833.05,2351.08,2671.12,2769.05,2637.65,2286.57,1742.41,1051.32,308.6,0.0,0.0,0.0,0.0,0.0,0.0,19224.3,2769.1,12,0.0,0.0,0.0,0.0,0.0,0.0,0.0,115.07,859.69,1518.24,2009.27,2309.07,2401.44,2281.14,1954.98,1440.36,762.0,47.97,0.0,0.0,0.0,0.0,0.0,0.0,15699.2,2401.4,12,0.0,0.0,0.0,0.0,0.0,0.0,73.4,705.52,1428.78,2058.23,2525.73,2791.59,2834.96,2652.54,2258.51,1685.08,987.03,277.2,0.0,0.0,0.0,0.0,0.0,0.0,20278.6,2835.0,12,0.0,0.0,0.0,0.0,0.0,0.0,137.24,674.12,1321.18,1917.47,2384.48,2675.44,2764.32,2643.56,2323.47,1832.97,1222.55,578.21,90.51,0.0,0.0,0.0,0.0,0.0,20565.5,2764.3,12,0.0,0.0,0.0,0.0,0.0,0.0,46.49,529.85,1202.47,1841.85,2356.08,2692.77,2821.96,2732.75,2432.57,1947.65,1325.61,648.16,97.73,0.0,0.0,0.0,0.0,0.0,20675.9,2822.0,12,0.0,0.0,0.0,0.0,0.0,0.0,4.89,464.17,1180.48,1853.34,2388.82,2735.9,2865.53,2767.32,2449.05,1937.01,1278.58,558.33,23.69,0.0,0.0,0.0,0.0,0.0,20507.1,2865.5,12,0.0,0.0,0.0,0.0,0.0,0.0,0.0,413.55,1159.9,1833.05,2351.08,2671.12,2769.05,2637.65,2286.57,1742.41,1051.32,308.6,0.0,0.0,0.0,0.0,0.0,0.0,19224.3,2769.1,12,0.0,0.0,0.0,0.0,0.0,0.0,0.0,319.71,1070.19,1723.02,2210.1,2498.31,2568.69,2416.63,2052.1,1499.14,797.4,83.29,0.0,0.0,0.0,0.0,0.0,0.0,17238.6,2568.7,12,0.0,0.0,0.0,0.0,0.0,0.0,0.0,180.37,923.5,1568.28,2044.25,2325.84,2397.13,2253.96,1904.63,1368.53,675.24,17.97,0.0,0.0,0.0,0.0,0.0,0.0,15659.7,2397.1,12,0.0,0.0,0.0,0.0,0.0,0.0,0.0,115.07,859.69,1518.24,2009.27,2309.07,2401.44,2281.14,1954.98,1440.36,762.0,47.97,0.0,0.0,0.0,0.0,0.0,0.0,15699.2,2401.4,12,0.0,0.0,0.0,0.0,0.0,0.0,0.0,216.27,989.2,1660.18,2167.84,2482.84,2586.07,2471.11,2145.09,1627.78,949.1,178.46,0.0,0.0,0.0,0.0,0.0,0.0,17473.9,2586.1,12,0.0,0.0,0.0,0.0,0.0,0.0,0.0,451.02,1206.4,1867.37,2367.48,2669.35,2751.59,2608.45,2249.98,1701.84,1006.62,254.36,0.0,0.0,0.0,0.0,0.0,0.0,19134.5,2751.6,12,0.0,0.0,0.0,0.0,0.0,0.0,73.4,705.52,1428.78,2058.23,2525.73,2791.59,2834.96,2652.54,2258.51,1685.08,987.03,277.2,0.0,0.0,0.0,0.0,0.0,0.0,20278.6,2835.0,12,0.0,0.0,0.0,0.0,0.0,0.0,220.54,856.2,1537.71,2128.43,2561.84,2798.59,2818.88,2621.09,2221.71,1656.33,985.18,323.75,0.32,0.0,0.0,0.0,0.0,0.0,20730.6,2818.9,12,0.0,0.0,0.0,0.0,0.0,0.02,230.66,822.53,1473.0,2048.32,2479.68,2725.85,2765.4,2595.02,2229.31,1701.77,1069.07,431.69,31.9,0.0,0.0,0.0,0.0,0.0,20604.2,2765.4,12
Peru,-10.0,-76.0,-5,0.0,0.0,0.0,0.0,0.0,0.0,12.18,500.14,1201.58,1851.83,2369.83,2709.57,2843.97,2762.71,2471.97,1994.62,1371.42,670.92,73.05,0.0,0.0,0.0,0.0,0.0,20833.8,2844.0,12,0.0,0.0,0.0,0.0,0.0,0.0,0.0,394.33,1167.7,1871.6,2426.8,2789.47,2933.05,2847.27,2538.25,2028.43,1356.87,588.2,3.46,0.0,0.0,0.0,0.0,0.0,20945.4,2933.0,12,0.0,0.0,0.0,0.0,0.0,0.0,0.0,260.23,985.85,1632.3,2137.17,2466.11,2597.08,2521.28,2243.8,1783.21,1170.56,453.93,0.0,0.0,0.0,0.0,0.0,0.0,18251.5,2597.1,12,0.0,0.0,0.0,0.0,0.0,0.0,14.31,626.46,1387.09,2055.8,2565.87,2877.07,2966.34,2827.23,2469.87,1921.0,1225.18,460.8,0.0,0.0,0.0,0.0,0.0,0.0,21397.0,2966.3,12,0.0,0.0,0.0,0.0,0.0,0.0,12.18,500.14,1201.58,1851.83,2369.83,2709.57,2843.97,2762.71,2471.97,1994.62,1371.42,670.92,73.05,0.0,0.0,0.0,0.0,0.0,20833.8,2844.0,12,0.0,0.0,0.0,0.0,0.0,0.0,0.0,382.01,1112.24,1807.64,2373.96,2760.77,2937.56,2890.94,2624.37,2158.2,1530.44,803.55,128.51,0.0,0.0,0.0,0.0,0.0,21510.2,2937.6,12,0.0,0.0,0.0,0.0,0.0,0.0,0.0,360.52,1123.28,1842.44,2424.12,2818.63,2995.75,2942.37,2662.37,2176.68,1523.74,766.5,77.62,0.0,0.0,0.0,0.0,0.0,21714.0,2995.7,12,0.0,0.0,0.0,0.0,0.0,0.0,0.0,394.33,1167.7,1871.6,2426.8,2789.47,2933.05,2847.27,2538.25,2028.43,1356.87,588.2,3.46,0.0,0.0,0.0,0.0,0.0,20945.4,2933.0,12,0.0,0.0,0.0,0.0,0.0,0.0,0.0,407.45,1162.27,1828.54,2342.91,2668.07,2781.35,2674.94,2356.22,1847.42,1185.34,431.5,0.0,0.0,0.0,0.0,0.0,0.0,19686.0,2781.3,12,0.0,0.0,0.0,0.0,0.0,0.0,0.0,332.96,1061.14,1700.99,2194.26,2507.03,2618.21,2520.32,2219.96,1737.42,1105.77,379.63,0.0,0.0,0.0,0.0,0.0,0.0,18377.7,2618.2,12,0.0,0.0,0.0,0.0,0.0,0.0,0.0,260.23,985.85,1632.3,2137.17,2466.11,2597.08,2521.28,2243.8,1783.21,1170.56,453.93,0.0,0.0,0.0,0.0,0.0,0.0,18251.5,2597.1,12,0.0,0.0,0.0,0.0,0.0,0.0,0.0,296.3,1046.43,1718.29,2246.94,2595.13,2739.0,2668.72,2389.06,1919.11,1291.45,555.45,0.0,0.0,0.0,0.0,0.0,0.0,19465.9,2739.0,12,0.0,0.0,0.0,0.0,0.0,0.0,0.0,442.38,1209.96,1894.13,2427.26,2769.24,2895.66,2797.61,2481.98,1971.24,1303.38,540.05,0.12,0.0,0.0,0.0,0.0,0.0,20733.0,2895.7,12,0.0,0.0,0.0,0.0,0.0,0.0,14.31,626.46,1387.09,2055.8,2565.87,2877.07,2966.34,2827.23,2469.87,1921.0,1225.18,460.8,0.0,0.0,0.0,0.0,0.0,0.0,21397.0,2966.3,12,0.0,0.0,0.0,0.0,0.0,0.0,79.77,731.63,1463.78,2102.94,2584.26,2868.49,2933.97,2775.88,2406.08,1853.39,1165.73,430.02,0.06,0.0,0.0,0.0,0.0,0.0,21396.0,2934.0,12,0.0,0.0,0.0,0.0,0.0,0.0,65.66,662.65,1367.09,1994.2,2475.2,2769.17,2853.12,2720.67,2381.96,1863.87,1212.04,506.63,11.95,0.0,0.0,0.0,0.0,0.0,20884.2,2853.1,12
Philippines,13.0,122.0,8,0.0,0.0,0.0,0.0,0.0,0.0,0.0,336.06,1106.07,1774.2,2279.87,2589.57,2683.01,2554.03,2211.1,1676.69,986.57,219.16,0.0,0.0,0.0,0.0,0.0,0.0,18416.3,2683.0,12,0.0,0.0,0.0,0.0,0.0,0.0,7.72,553.07,1293.49,1959.14,2472.57,2790.48,2888.33,2758.78,2411.63,1873.9,1192.08,450.87,0.21,0.0,0.0,0.0,0.0,0.0,20652.3,2888.3,12,0.0,0.0,0.0,0.0,0.0,0.0,59.02,559.33,1184.7,1756.69,2202.55,2480.19,2566.16,2453.46,2151.25,1685.3,1100.7,477.09,26.66,0.0,0.0,0.0,0.0,0.0,18703.1,2566.2,12,0.0,0.0,0.0,0.0,0.0,0.0,30.23,657.65,1401.26,2040.69,2513.48,2781.98,2826.11,2642.64,2245.13,1664.15,950.85,218.37,0.0,0.0,0.0,0.0,0.0,0.0,19972.5,2826.1,12,0.0,0.0,0.0,0.0,0.0,0.0,0.0,336.06,1106.07,1774.2,2279.87,2589.57,2683.01,2554.03,2211.1,1676.69,986.57,219.16,0.0,0.0,0.0,0.0,0.0,0.0,18416.3,2683.0,12,0.0,0.0,0.0,0.0,0.0,0.0,0.0,295.66,1084.47,1791.12,2341.19,2695.9,2831.08,2737.56,2421.64,1904.8,1223.03,437.16,0.0,0.0,0.0,0.0,0.0,0.0,19763.6,2831.1,12,0.0,0.0,0.0,0.0,0.0,0.0,0.0,397.06,1180.68,1889.21,2443.21,2799.66,2932.71,2832.91,2507.35,1979.51,1289.76,507.43,0.0,0.0,0.0,0.0,0.0,0.0,20759.5,2932.7,12,0.0,0.0,0.0,0.0,0.0,0.0,7.72,553.07,1293.49,1959.14,2472.57,2790.48,2888.33,2758.78,2411.63,1873.9,1192.08,450.87,0.21,0.0,0.0,0.0,0.0,0.0,20652.3,2888.3,12,0.0,0.0,0.0,0.0,0.0,0.0,68.52,647.19,1331.43,1940.25,2403.51,2680.32,2748.4,2602.49,2254.08,1731.96,1085.38,405.37,1.11,0.0,0.0,0.0,0.0,0.0,19900.0,2748.4,12,0.0,0.0,0.0,0.0,0.0,0.0,90.33,631.5,1267.52,1838.48,2275.36,2538.1,2604.86,2470.31,2145.35,1657.66,1054.84,422.91,9.87,0.0,0.0,0.0,0.0,0.0,19007.1,2604.9,12,0.0,0.0,0.0,0.0,0.0,0.0,59.02,559.33,1184.7,1756.69,2202.55,2480.19,2566.16,2453.46,2151.25,1685.3,1100.7,477.09,26.66,0.0,0.0,0.0,0.0,0.0,18703.1,2566.2,12,0.0,0.0,0.0,0.0,0.0,0.0,29.92,525.99,1181.34,1783.89,2255.97,2553.46,2651.54,2542.35,2234.57,1753.93,1145.74,490.58,18.64,0.0,0.0,0.0,0.0,0.0,19167.9,2651.5,12,0.0,0.0,0.0,0.0,0.0,0.0,23.61,571.7,1278.01,1910.69,2395.62,2690.22,2770.97,2631.62,2282.93,1753.15,1091.05,388.71,0.05,0.0,0.0,0.0,0.0,0.0,19788.4,2771.0,12,0.0,0.0,0.0,0.0,0.0,0.0,30.23,657.65,1401.26,2040.69,2513.48,2781.98,2826.11,2642.64,2245.13,1664.15,950.85,218.37,0.0,0.0,0.0,0.0,0.0,0.0,19972.5,2826.1,12,0.0,0.0,0.0,0.0,0.0,0.0,19.03,674.58,1428.58,2058.1,2512.16,2758.22,2779.16,2573.54,2155.67,1555.22,819.85,89.64,0.0,0.0,0.0,0.0,0.0,0.0,19423.8,2779.2,12,0.0,0.0,0.0,0.0,0.0,0.0,0.06,522.99,1276.11,1909.75,2372.32,2632.75,2673.76,2492.64,2101.43,1526.2,807.94,79.38,0.0,0.0,0.0,0.0,0.0,0.0,18395.3,2673.8,12
Poland,52.0,20.0,1,0.0,0.0,0.0,0.0,0.0,0.0,0.0,0.0,19.82,684.01,1321.51,1667.13,1729.51,1510.92,1003.63,246.02,0.0,0.0,0.0,0.0,0.0,0.0,0.0,0.0,8182.6,1729.5,12,0.0,0.0,0.0,0.0,0.0,0.0,82.4,572.14,1206.0,1791.09,2238.96,2500.45,2550.43,2384.38,2017.92,1488.51,863.15,271.54,3.04,0.0,0.0,0.0,0.0,0.0,17970.0,2550.4,12,0.0,0.0,0.0,0.0,16.86,132.99,319.99,819.93,1363.13,1855.12,2232.43,2453.69,2496.52,2356.73,2048.14,1603.06,1074.04,539.44,183.47,67.0,0.01,0.0,0.0,0.0,19562.6,2496.5,12,0.0,0.0,0.0,0.0,0.0,0.0,9.03,429.81,1077.1,1656.08,2076.52,2295.32,2292.94,2069.5,1644.76,1062.17,413.65,6.38,0.0,0.0,0.0,0.0,0.0,0.0,15033.3,2295.3,11,0.0,0.0,0.0,0.0,0.0,0.0,0.0,0.0,19.82,684.01,1321.51,1667.13,1729.51,1510.92,1003.63,246.02,0.0,0.0,0.0,0.0,0.0,0.0,0.0,0.0,8182.6,1729.5,12,0.0,0.0,0.0,0.0,0.0,0.0,0.0,0.0,244.22,1035.98,1639.04,1994.14,2095.14,1939.94,1531.97,879.23,106.77,0.0,0.0,0.0,0.0,0.0,0.0,0.0,11466.4,2095.1,12,0.0,0.0,0.0,0.0,0.0,0.0,0.0,119.69,802.13,1483.37,2006.31,2323.52,2411.45,2263.9,1891.61,1323.27,617.88,27.96,0.0,0.0,0.0,0.0,0.0,0.0,15271.1,2411.4,12,0.0,0.0,0.0,0.0,0.0,0.0,82.4,572.14,1206.0,1791.09,2238.96,2500.45,2550.43,2384.38,2017.92,1488.51,863.15,271.54,3.04,0.0,0.0,0.0,0.0,0.0,17970.0,2550.4,12,0.0,0.0,0.0,0.0,0.0,59.9,294.57,847.83,1448.66,1982.82,2382.01,2604.19,2627.99,2451.22,2090.8,1583.72,991.13,412.86,91.62,0.17,0.0,0.0,0.0,0.0,19869.5,2628.0,12,0.0,0.0,0.0,0.0,19.4,131.74,357.07,893.74,1458.27,1958.24,2332.73,2542.6,2567.52,2405.15,2071.1,1599.42,1044.75,489.43,159.29,47.68,0.0,0.0,0.0,0.0,20078.1,2567.5,12,0.0,0.0,0.0,0.0,16.86,132.99,319.99,819.93,1363.13,1855.12,2232.43,2453.69,2496.52,2356.73,2048.14,1603.06,1074.04,539.44,183.47,67.0,0.01,0.0,0.0,0.0,19562.6,2496.5,12,0.0,0.0,0.0,0.0,0.0,66.27,250.62,733.98,1288.72,1800.89,2198.36,2435.45,2487.48,2349.21,2034.57,1577.4,1034.38,494.11,137.84,12.37,0.0,0.0,0.0,0.0,18901.7,2487.5,12,0.0,0.0,0.0,0.0,0.0,0.2,142.92,612.34,1192.12,1728.3,2137.39,2370.92,2404.42,2234.47,1878.37,1376.0,797.21,267.12,11.7,0.0,0.0,0.0,0.0,0.0,17153.5,2404.4,12,0.0,0.0,0.0,0.0,0.0,0.0,9.03,429.81,1077.1,1656.08,2076.52,2295.32,2292.94,2069.5,1644.76,1062.17,413.65,6.38,0.0,0.0,0.0,0.0,0.0,0.0,15033.3,2295.3,11,0.0,0.0,0.0,0.0,0.0,0.0,0.0,76.57,808.58,1482.45,1938.36,2157.02,2129.78,1857.62,1350.8,633.9,10.34,0.0,0.0,0.0,0.0,0.0,0.0,0.0,12445.4,2157.0,11,0.0,0.0,0.0,0.0,0.0,0.0,0.0,0.0,206.44,993.07,1545.57,1815.54,1811.24,1532.48,970.48,183.02,0.0,0.0,0.0,0.0,0.0,0.0,0.0,0.0,9057.8,1815.5,11
Portugal,39.5,-8.0,-1,0.0,0.0,0.0,0.0,0.0,0.0,0.0,41.49,989.96,1737.82,2234.29,2495.1,2516.61,2298.28,1844.0,1145.18,168.08,0.0,0.0,0.0,0.0,0.0,0.0,0.0,15470.8,2516.6,12,0.0,0.0,0.0,0.0,0.0,0.0,176.43,853.79,1573.37,2190.24,2640.52,2886.17,2907.85,2703.95,2290.47,1701.8,995.62,289.09,0.0,0.0,0.0,0.0,0.0,0.0,21209.3,2907.9,12,0.0,0.0,0.0,0.0,0.0,82.87,344.09,928.83,1530.82,2053.44,2438.74,2650.47,2670.06,2495.82,2142.88,1643.8,1051.52,452.11,108.22,0.1,0.0,0.0,0.0,0.0,20593.8,2670.1,12,0.0,0.0,0.0,0.0,0.0,0.0,135.06,856.77,1584.2,2179.97,2591.67,2788.13,2755.02,2494.7,2026.16,1385.52,635.06,18.19,0.0,0.0,0.0,0.0,0.0,0.0,19450.5,2788.1,11,0.0,0.0,0.0,0.0,0.0,0.0,0.0,41.49,989.96,1737.82,2234.29,2495.1,2516.61,2298.28,1844.0,1145.18,168.08,0.0,0.0,0.0,0.0,0.0,0.0,0.0,15470.8,2516.6,12,0.0,0.0,0.0,0.0,0.0,0.0,0.0,130.45,1039.27,1776.45,2300.31,2599.63,2662.08,2484.73,2075.69,1449.16,609.69,0.0,0.0,0.0,0.0,0.0,0.0,0.0,17127.5,2662.1,12,0.0,0.0,0.0,0.0,0.0,0.0,0.0,521.14,1328.05,2010.08,2512.47,2801.52,2857.99,2678.16,2274.05,1672.75,916.53,122.75,0.0,0.0,0.0,0.0,0.0,0.0,19695.5,2858.0,12,0.0,0.0,0.0,0.0,0.0,0.0,176.43,853.79,1573.37,2190.24,2640.52,2886.17,2907.85,2703.95,2290.47,1701.8,995.62,289.09,0.0,0.0,0.0,0.0,0.0,0.0,21209.3,2907.9,12,0.0,0.0,0.0,0.0,0.0,33.75,353.58,991.69,1640.8,2193.81,2591.15,2796.77,2793.26,2580.96,2177.95,1621.02,970.75,336.55,30.45,0.0,0.0,0.0,0.0,0.0,21112.5,2796.8,11,0.0,0.0,0.0,0.0,0.0,89.83,394.01,991.04,1594.77,2111.48,2484.79,2679.8,2679.48,2483.89,2110.15,1593.22,989.6,393.03,90.05,0.0,0.0,0.0,0.0,0.0,20685.1,2679.8,11,0.0,0.0,0.0,0.0,0.0,82.87,344.09,928.83,1530.82,2053.44,2438.74,2650.47,2670.06,2495.82,2142.88,1643.8,1051.52,452.11,108.22,0.1,0.0,0.0,0.0,0.0,20593.8,2670.1,12,0.0,0.0,0.0,0.0,0.0,33.3,287.55,893.49,1529.6,2084.4,2495.86,2725.77,2754.34,2579.14,2215.02,1694.77,1072.63,441.0,71.77,0.0,0.0,0.0,0.0,0.0,20878.7,2754.3,12,0.0,0.0,0.0,0.0,0.0,0.0,245.27,897.63,1579.28,2162.35,2584.22,2807.67,2814.35,2603.68,2192.83,1617.68,938.74,276.98,0.09,0.0,0.0,0.0,0.0,0.0,20720.8,2814.4,12,0.0,0.0,0.0,0.0,0.0,0.0,135.06,856.77,1584.2,2179.97,2591.67,2788.13,2755.02,2494.7,2026.16,1385.52,635.06,18.19,0.0,0.0,0.0,0.0,0.0,0.0,19450.5,2788.1,11,0.0,0.0,0.0,0.0,0.0,0.0,0.0,702.05,1507.43,2121.42,2527.09,2705.9,2648.42,2357.7,1848.28,1139.35,257.96,0.0,0.0,0.0,0.0,0.0,0.0,0.0,17815.6,2705.9,11,0.0,0.0,0.0,0.0,0.0,0.0,0.0,329.97,1287.46,1956.03,2390.76,2593.17,2557.94,2286.16,1783.53,1038.37,60.84,0.0,0.0,0.0,0.0,0.0,0.0,0.0,16284.2,2593.2,11
Qatar,25.3,51.2,3,0.0,0.0,0.0,0.0,0.0,0.0,0.0,276.01,1083.71,1747.49,2219.76,2478.89,2511.35,2315.39,1901.41,1289.29,508.87,0.0,0.0,0.0,0.0,0.0,0.0,0.0,16332.2,2511.4,12,0.0,0.0,0.0,0.0,0.0,0.0,77.78,659.85,1348.89,1956.56,2408.04,2661.2,2694.68,2505.76,2110.25,1543.67,868.37,217.23,0.0,0.0,0.0,0.0,0.0,0.0,19052.3,2694.7,12,0.0,0.0,0.0,0.0,0.0,0.99,231.34,741.38,1311.06,1821.18,2204.76,2421.51,2450.82,2290.02,1954.09,1476.92,915.93,369.5,29.82,0.0,0.0,0.0,0.0,0.0,18219.3,2450.8,12,0.0,0.0,0.0,0.0,0.0,0.0,90.45,734.8,1438.5,2029.09,2444.57,2650.21,2629.98,2385.39,1935.6,1318.96,605.46,28.46,0.0,0.0,0.0,0.0,0.0,0.0,18291.5,2650.2,11,0.0,0.0,0.0,0.0,0.0,0.0,0.0,276.01,1083.71,1747.49,2219.76,2478.89,2511.35,2315.39,1901.41,1289.29,508.87,0.0,0.0,0.0,0.0,0.0,0.0,0.0,16332.2,2511.4,12,0.0,0.0,0.0,0.0,0.0,0.0,0.0,266.65,1060.77,1749.38,2259.97,2560.99,2633.87,2474.05,2091.49,1509.7,766.79,41.4,0.0,0.0,0.0,0.0,0.0,0.0,17415.0,2633.9,12,0.0,0.0,0.0,0.0,0.0,0.0,0.03,450.75,1209.36,1878.11,2380.61,2676.84,2745.01,2580.21,2194.43,1616.72,897.4,165.14,0.0,0.0,0.0,0.0,0.0,0.0,18794.6,2745.0,12,0.0,0.0,0.0,0.0,0.0,0.0,77.78,659.85,1348.89,1956.56,2408.04,2661.2,2694.68,2505.76,2110.25,1543.67,868.37,217.23,0.0,0.0,0.0,0.0,0.0,0.0,19052.3,2694.7,12,0.0,0.0,0.0,0.0,0.0,0.0,215.65,781.35,1401.18,1943.95,2341.39,2553.64,2561.34,2363.87,1979.23,1445.7,828.86,252.23,0.1,0.0,0.0,0.0,0.0,0.0,18668.5,2561.3,12,0.0,0.0,0.0,0.0,0.0,3.2,268.47,799.81,1376.2,1883.28,2256.62,2457.72,2467.7,2285.67,1928.66,1433.04,859.98,316.34,11.37,0.0,0.0,0.0,0.0,0.0,18348.1,2467.7,12,0.0,0.0,0.0,0.0,0.0,0.99,231.34,741.38,1311.06,1821.18,2204.76,2421.51,2450.82,2290.02,1954.09,1476.92,915.93,369.5,29.82,0.0,0.0,0.0,0.0,0.0,18219.3,2450.8,12,0.0,0.0,0.0,0.0,0.0,0.0,167.14,683.09,1279.12,1817.24,2224.83,2458.99,2497.6,2337.13,1992.35,1497.57,911.96,340.78,9.3,0.0,0.0,0.0,0.0,0.0,18217.1,2497.6,12,0.0,0.0,0.0,0.0,0.0,0.0,120.42,683.49,1331.24,1902.27,2323.52,2553.51,2571.76,2376.66,1985.34,1435.28,792.43,193.8,0.0,0.0,0.0,0.0,0.0,0.0,18269.7,2571.8,12,0.0,0.0,0.0,0.0,0.0,0.0,90.45,734.8,1438.5,2029.09,2444.57,2650.21,2629.98,2385.39,1935.6,1318.96,605.46,28.46,0.0,0.0,0.0,0.0,0.0,0.0,18291.5,2650.2,11,0.0,0.0,0.0,0.0,0.0,0.0,25.19,699.99,1442.21,2038.25,2442.95,2629.56,2585.84,2314.66,1833.76,1175.44,402.42,0.0,0.0,0.0,0.0,0.0,0.0,0.0,17590.3,2629.6,11,0.0,0.0,0.0,0.0,0.0,0.0,0.0,494.06,1273.36,1891.44,2314.27,2520.41,2498.51,2249.83,1787.87,1135.55,337.35,0.0,0.0,0.0,0.0,0.0,0.0,0.0,16502.7,2520.4,11
Romania,46.0,25.0,2,0.0,0.0,0.0,0.0,0.0,0.0,0.0,0.0,0.0,1041.48,1813.2,2286.48,2507.31,2479.66,2203.44,1671.17,812.56,0.0,0.0,0.0,0.0,0.0,0.0,0.0,14815.3,2507.3,12,0.0,0.0,0.0,0.0,0.0,0.0,0.0,358.45,1119.71,1843.89,2437.03,2850.42,3052.63,3028.82,2780.77,2326.84,1702.07,959.85,218.88,0.0,0.0,0.0,0.0,0.0,22679.4,3052.6,12,0.0,0.0,0.0,0.0,0.0,20.22,102.34,470.68,1105.05,1713.79,2221.46,2578.88,2754.98,2735.14,2520.97,2130.34,1597.71,976.48,350.11,87.86,5.6,0.0,0.0,0.0,21371.6,2755.0,12,0.0,0.0,0.0,0.0,0.0,0.0,0.0,261.3,1022.24,1734.51,2299.42,2671.33,2823.01,2743.6,2438.69,1930.22,1257.07,488.97,0.0,0.0,0.0,0.0,0.0,0.0,19670.4,2823.0,12,0.0,0.0,0.0,0.0,0.0,0.0,0.0,0.0,0.0,1041.48,1813.2,2286.48,2507.31,2479.66,2203.44,1671.17,812.56,0.0,0.0,0.0,0.0,0.0,0.0,0.0,14815.3,2507.3,12,0.0,0.0,0.0,0.0,0.0,0.0,0.0,0.0,242.27,1265.39,1988.18,2473.31,2724.19,2738.38,2515.32,2058.45,1366.03,379.29,0.0,0.0,0.0,0.0,0.0,0.0,17750.8,2738.4,13,0.0,0.0,0.0,0.0,0.0,0.0,0.0,15.36,783.54,1595.1,2248.22,2707.1,2948.8,2957.79,2733.5,2290.46,1651.78,852.17,40.61,0.0,0.0,0.0,0.0,0.0,20824.4,2957.8,13,0.0,0.0,0.0,0.0,0.0,0.0,0.0,358.45,1119.71,1843.89,2437.03,2850.42,3052.63,3028.82,2780.77,2326.84,1702.07,959.85,218.88,0.0,0.0,0.0,0.0,0.0,22679.4,3052.6,12,0.0,0.0,0.0,0.0,0.0,0.0,50.6,517.26,1225.0,1887.66,2425.7,2792.17,2958.59,2912.28,2656.8,2211.89,1612.81,918.9,233.54,22.06,0.0,0.0,0.0,0.0,22425.3,2958.6,12,0.0,0.0,0.0,0.0,0.0,20.1,88.06,532.89,1194.97,1814.6,2321.51,2668.39,2827.66,2787.07,2549.75,2133.91,1575.02,928.14,279.26,63.54,0.33,0.0,0.0,0.0,21785.2,2827.7,12,0.0,0.0,0.0,0.0,0.0,20.22,102.34,470.68,1105.05,1713.79,2221.46,2578.88,2754.98,2735.14,2520.97,2130.34,1597.71,976.48,350.11,87.86,5.6,0.0,0.0,0.0,21371.6,2755.0,12,0.0,0.0,0.0,0.0,0.0,0.0,76.84,416.57,1056.3,1686.53,2217.81,2595.71,2786.45,2773.92,2559.13,2160.21,1613.15,975.48,343.8,63.7,0.0,0.0,0.0,0.0,21325.6,2786.5,12,0.0,0.0,0.0,0.0,0.0,0.0,13.97,374.74,1046.42,1710.92,2263.02,2646.03,2826.44,2789.35,2537.71,2092.48,1494.0,810.15,184.01,0.0,0.0,0.0,0.0,0.0,20789.3,2826.4,12,0.0,0.0,0.0,0.0,0.0,0.0,0.0,261.3,1022.24,1734.51,2299.42,2671.33,2823.01,2743.6,2438.69,1930.22,1257.07,488.97,0.0,0.0,0.0,0.0,0.0,0.0,19670.4,2823.0,12,0.0,0.0,0.0,0.0,0.0,0.0,0.0,0.0,858.2,1664.33,2250.46,2616.73,2749.99,2644.11,2303.94,1742.12,961.39,40.77,0.0,0.0,0.0,0.0,0.0,0.0,17832.0,2750.0,12,0.0,0.0,0.0,0.0,0.0,0.0,0.0,0.0,263.58,1299.38,1971.1,2377.95,2538.45,2452.54,2120.59,1534.27,614.5,0.0,0.0,0.0,0.0,0.0,0.0,0.0,15172.4,2538.4,12
Russia,60.0,100.0,7,0.0,0.0,0.0,0.0,0.0,0.0,0.0,0.0,0.0,0.0,628.4,1396.81,1724.09,1684.0,1266.36,406.52,0.0,0.0,0.0,0.0,0.0,0.0,0.0,0.0,7106.2,1724.1,12,0.0,0.0,0.0,0.0,0.0,0.0,3.19,345.94,1067.71,1766.65,2344.95,2749.73,2948.26,2925.25,2682.51,2238.95,1631.2,917.11,217.61,0.25,0.0,0.0,0.0,0.0,21839.3,2948.3,12,0.0,0.0,0.0,0.0,25.76,105.72,179.98,492.11,1030.28,1563.63,2018.82,2343.8,2505.02,2486.65,2290.47,1935.83,1459.91,918.77,390.81,165.92,88.65,13.36,0.0,0.0,20015.5,2505.0,12,0.0,0.0,0.0,0.0,0.0,0.0,0.0,139.08,812.99,1504.27,2060.6,2428.39,2578.61,2499.96,2198.16,1696.18,1037.48,320.27,0.0,0.0,0.0,0.0,0.0,0.0,17276.0,2578.6,12,0.0,0.0,0.0,0.0,0.0,0.0,0.0,0.0,0.0,0.0,628.4,1396.81,1724.09,1684.0,1266.36,406.52,0.0,0.0,0.0,0.0,0.0,0.0,0.0,0.0,7106.2,1724.1,12,0.0,0.0,0.0,0.0,0.0,0.0,0.0,0.0,0.0,418.16,1400.79,1999.97,2291.56,2307.82,2051.09,1493.26,558.76,0.0,0.0,0.0,0.0,0.0,0.0,0.0,12521.4,2307.8,13,0.0,0.0,0.0,0.0,0.0,0.0,0.0,0.0,510.53,1358.08,2029.24,2494.31,2738.31,2747.73,2522.12,2074.28,1420.6,588.4,0.0,0.0,0.0,0.0,0.0,0.0,18483.6,2747.7,13,0.0,0.0,0.0,0.0,0.0,0.0,3.19,345.94,1067.71,1766.65,2344.95,2749.73,2948.26,2925.25,2682.51,2238.95,1631.2,917.11,217.61,0.25,0.0,0.0,0.0,0.0,21839.3,2948.3,12,0.0,0.0,0.0,0.0,0.0,24.66,80.76,521.65,1183.03,1811.02,2328.1,2683.42,2845.48,2800.56,2552.48,2122.66,1550.62,897.08,257.01,59.6,4.93,0.0,0.0,0.0,21723.0,2845.5,12,0.0,0.0,0.0,0.0,24.38,97.27,162.27,546.66,1123.99,1680.07,2143.92,2465.96,2614.87,2576.78,2355.26,1971.2,1463.18,888.77,329.5,138.79,68.67,5.27,0.0,0.0,20656.8,2614.9,12,0.0,0.0,0.0,0.0,25.76,105.72,179.98,492.11,1030.28,1563.63,2018.82,2343.8,2505.02,2486.65,2290.47,1935.83,1459.91,918.77,390.81,165.92,88.65,13.36,0.0,0.0,20015.5,2505.0,12,0.0,0.0,0.0,0.0,0.0,42.58,131.21,419.29,964.04,1519.92,2000.36,2347.14,2523.48,2511.81,2313.22,1947.5,1453.86,893.55,357.89,119.64,30.4,0.0,0.0,0.0,19575.9,2523.5,12,0.0,0.0,0.0,0.0,0.0,0.0,36.0,338.87,921.47,1526.03,2041.18,2403.16,2574.72,2539.46,2300.62,1881.24,1326.43,712.25,179.44,8.53,0.0,0.0,0.0,0.0,18789.4,2574.7,12,0.0,0.0,0.0,0.0,0.0,0.0,0.0,139.08,812.99,1504.27,2060.6,2428.39,2578.61,2499.96,2198.16,1696.18,1037.48,320.27,0.0,0.0,0.0,0.0,0.0,0.0,17276.0,2578.6,12,0.0,0.0,0.0,0.0,0.0,0.0,0.0,0.0,201.37,1149.46,1829.99,2234.4,2378.6,2263.47,1888.08,1238.74,295.82,0.0,0.0,0.0,0.0,0.0,0.0,0.0,13479.9,2378.6,12,0.0,0.0,0.0,0.0,0.0,0.0,0.0,0.0,0.0,123.09,1048.02,1648.6,1866.43,1749.69,1272.97,369.91,0.0,0.0,0.0,0.0,0.0,0.0,0.0,0.0,8078.7,1866.4,12
Rwanda,-2.0,29.9,2,0.0,0.0,0.0,0.0,0.0,0.0,0.25,443.07,1156.52,1808.58,2321.22,2651.13,2773.0,2677.73,2372.4,1880.3,1242.19,528.99,6.39,0.0,0.0,0.0,0.0,0.0,19861.7,2773.0,12,0.0,0.0,0.0,0.0,0.0,0.0,0.0,436.87,1196.94,1887.6,2429.42,2778.26,2908.03,2809.29,2489.22,1971.66,1297.96,539.31,1.75,0.0,0.0,0.0,0.0,0.0,20746.3,2908.0,12,0.0,0.0,0.0,0.0,0.0,0.0,0.0,371.68,1053.87,1672.77,2157.9,2470.45,2587.34,2500.13,2215.09,1753.15,1150.54,469.69,0.7,0.0,0.0,0.0,0.0,0.0,18403.3,2587.3,12,0.0,0.0,0.0,0.0,0.0,0.0,13.57,605.27,1353.49,2010.56,2508.04,2805.83,2881.54,2729.63,2361.31,1804.71,1107.09,358.55,0.0,0.0,0.0,0.0,0.0,0.0,20539.6,2881.5,12,0.0,0.0,0.0,0.0,0.0,0.0,0.25,443.07,1156.52,1808.58,2321.22,2651.13,2773.0,2677.73,2372.4,1880.3,1242.19,528.99,6.39,0.0,0.0,0.0,0.0,0.0,19861.7,2773.0,12,0.0,0.0,0.0,0.0,0.0,0.0,0.0,339.65,1078.33,1773.62,2333.42,2709.78,2873.84,2813.42,2532.93,2053.4,1413.17,676.25,40.97,0.0,0.0,0.0,0.0,0.0,20638.8,2873.8,12,0.0,0.0,0.0,0.0,0.0,0.0,0.0,349.29,1110.65,1823.66,2395.57,2777.95,2941.67,2874.68,2581.86,2085.05,1423.84,664.45,27.48,0.0,0.0,0.0,0.0,0.0,21056.1,2941.7,12,0.0,0.0,0.0,0.0,0.0,0.0,0.0,436.87,1196.94,1887.6,2429.42,2778.26,2908.03,2809.29,2489.22,1971.66,1297.96,539.31,1.75,0.0,0.0,0.0,0.0,0.0,20746.3,2908.0,12,0.0,0.0,0.0,0.0,0.0,0.0,0.36,484.6,1209.63,1855.3,2352.89,2662.85,2762.28,2643.98,2316.57,1804.38,1148.6,423.0,0.0,0.0,0.0,0.0,0.0,0.0,19664.4,2762.3,12,0.0,0.0,0.0,0.0,0.0,0.0,0.07,435.49,1121.89,1735.5,2209.49,2506.1,2603.38,2494.29,2186.77,1703.63,1083.72,397.14,0.0,0.0,0.0,0.0,0.0,0.0,18477.5,2603.4,12,0.0,0.0,0.0,0.0,0.0,0.0,0.0,371.68,1053.87,1672.77,2157.9,2470.45,2587.34,2500.13,2215.09,1753.15,1150.54,469.69,0.7,0.0,0.0,0.0,0.0,0.0,18403.3,2587.3,12,0.0,0.0,0.0,0.0,0.0,0.0,0.0,374.92,1086.22,1734.11,2244.69,2577.16,2706.98,2624.78,2336.43,1863.03,1241.31,533.01,3.19,0.0,0.0,0.0,0.0,0.0,19325.8,2707.0,12,0.0,0.0,0.0,0.0,0.0,0.0,0.05,470.7,1212.96,1879.48,2397.21,2724.55,2837.13,2726.77,2401.47,1885.39,1219.96,477.66,0.1,0.0,0.0,0.0,0.0,0.0,20233.4,2837.1,12,0.0,0.0,0.0,0.0,0.0,0.0,13.57,605.27,1353.49,2010.56,2508.04,2805.83,2881.54,2729.63,2361.31,1804.71,1107.09,358.55,0.0,0.0,0.0,0.0,0.0,0.0,20539.6,2881.5,12,0.0,0.0,0.0,0.0,0.0,0.0,45.49,677.09,1406.66,2039.21,2510.54,2782.54,2834.67,2663.08,2280.62,1717.02,1021.96,294.96,0.0,0.0,0.0,0.0,0.0,0.0,20273.9,2834.7,12,0.0,0.0,0.0,0.0,0.0,0.0,23.58,597.93,1307.57,1932.53,2406.01,2689.0,2759.91,2613.48,2260.7,1729.0,1064.72,356.12,0.0,0.0,0.0,0.0,0.0,0.0,19740.5,2759.9,12
Saudi Arabia,24.0,45.0,3,0.0,0.0,0.0,0.0,0.0,0.0,0.0,48.34,826.27,1556.99,2108.15,2455.94,2582.5,2480.83,2156.56,1626.56,914.19,106.87,0.0,0.0,0.0,0.0,0.0,0.0,16863.2,2582.5,12,0.0,0.0,0.0,0.0,0.0,0.0,0.88,396.27,1087.88,1745.73,2270.58,2610.53,2736.54,2638.37,2324.04,1820.25,1175.58,479.77,9.14,0.0,0.0,0.0,0.0,0.0,19295.6,2736.5,12,0.0,0.0,0.0,0.0,0.0,0.0,87.43,525.47,1106.18,1662.04,2110.76,2403.66,2513.02,2429.08,2159.28,1728.85,1183.31,598.95,124.16,0.0,0.0,0.0,0.0,0.0,18632.2,2513.0,12,0.0,0.0,0.0,0.0,0.0,0.0,1.02,452.19,1172.56,1821.22,2315.03,2610.59,2684.57,2531.3,2162.53,1608.0,920.4,220.05,0.0,0.0,0.0,0.0,0.0,0.0,18499.5,2684.6,12,0.0,0.0,0.0,0.0,0.0,0.0,0.0,48.34,826.27,1556.99,2108.15,2455.94,2582.5,2480.83,2156.56,1626.56,914.19,106.87,0.0,0.0,0.0,0.0,0.0,0.0,16863.2,2582.5,12,0.0,0.0,0.0,0.0,0.0,0.0,0.0,32.71,727.08,1467.08,2052.6,2441.8,2609.84,2546.01,2254.39,1753.56,1076.37,296.62,0.0,0.0,0.0,0.0,0.0,0.0,17258.1,2609.8,12,0.0,0.0,0.0,0.0,0.0,0.0,0.0,161.36,882.9,1597.56,2172.61,2556.62,2720.2,2651.36,2355.13,1853.72,1188.21,438.45,0.06,0.0,0.0,0.0,0.0,0.0,18578.2,2720.2,12,0.0,0.0,0.0,0.0,0.0,0.0,0.88,396.27,1087.88,1745.73,2270.58,2610.53,2736.54,2638.37,2324.04,1820.25,1175.58,479.77,9.14,0.0,0.0,0.0,0.0,0.0,19295.6,2736.5,12,0.0,0.0,0.0,0.0,0.0,0.0,60.57,542.64,1175.0,1767.86,2235.97,2530.51,2624.54,2509.93,2196.72,1713.88,1112.91,484.65,37.78,0.0,0.0,0.0,0.0,0.0,18992.9,2624.5,12,0.0,0.0,0.0,0.0,0.0,0.0,107.83,579.57,1171.53,1727.29,2168.0,2446.91,2537.98,2433.16,2141.78,1691.26,1130.06,540.31,88.66,0.0,0.0,0.0,0.0,0.0,18764.3,2538.0,12,0.0,0.0,0.0,0.0,0.0,0.0,87.43,525.47,1106.18,1662.04,2110.76,2403.66,2513.02,2429.08,2159.28,1728.85,1183.31,598.95,124.16,0.0,0.0,0.0,0.0,0.0,18632.2,2513.0,12,0.0,0.0,0.0,0.0,0.0,0.0,41.0,463.44,1066.74,1651.05,2125.75,2438.94,2561.1,2481.39,2206.78,1762.61,1195.32,584.49,95.15,0.0,0.0,0.0,0.0,0.0,18673.8,2561.1,12,0.0,0.0,0.0,0.0,0.0,0.0,10.68,444.87,1102.81,1725.53,2219.72,2534.69,2642.43,2533.8,2217.93,1722.83,1099.21,440.72,9.61,0.0,0.0,0.0,0.0,0.0,18704.8,2642.4,12,0.0,0.0,0.0,0.0,0.0,0.0,1.02,452.19,1172.56,1821.22,2315.03,2610.59,2684.57,2531.3,2162.53,1608.0,920.4,220.05,0.0,0.0,0.0,0.0,0.0,0.0,18499.5,2684.6,12,0.0,0.0,0.0,0.0,0.0,0.0,0.0,375.93,1140.22,1799.98,2286.04,2564.32,2616.19,2438.2,2042.2,1455.02,722.75,39.52,0.0,0.0,0.0,0.0,0.0,0.0,17480.4,2616.2,12,0.0,0.0,0.0,0.0,0.0,0.0,0.0,193.97,990.42,1675.97,2180.03,2476.64,2549.37,2394.03,2019.5,1445.99,703.48,12.92,0.0,0.0,0.0,0.0,0.0,0.0,16642.3,2549.4,12
Senegal,14.5,-14.5,-1,0.0,0.0,0.0,0.0,0.0,0.0,0.0,154.79,865.35,1539.63,2062.29,2393.1,2509.33,2403.14,2081.68,1566.99,898.26,181.74,0.0,0.0,0.0,0.0,0.0,0.0,16656.3,2509.3,12,0.0,0.0,0.0,0.0,0.0,0.0,0.33,396.44,1096.84,1755.57,2276.82,2610.7,2729.32,2623.25,2300.97,1789.34,1136.84,434.8,1.68,0.0,0.0,0.0,0.0,0.0,19152.9,2729.3,12,0.0,0.0,0.0,0.0,0.0,0.0,38.7,494.02,1106.79,1681.51,2138.62,2432.69,2538.02,2445.83,2163.76,1716.34,1147.43,533.21,54.76,0.0,0.0,0.0,0.0,0.0,18491.7,2538.0,12,0.0,0.0,0.0,0.0,0.0,0.0,1.97,428.03,1118.06,1747.77,2227.67,2512.21,2577.65,2418.74,2048.32,1498.44,827.52,174.43,0.0,0.0,0.0,0.0,0.0,0.0,17580.8,2577.7,12,0.0,0.0,0.0,0.0,0.0,0.0,0.0,154.79,865.35,1539.63,2062.29,2393.1,2509.33,2403.14,2081.68,1566.99,898.26,181.74,0.0,0.0,0.0,0.0,0.0,0.0,16656.3,2509.3,12,0.0,0.0,0.0,0.0,0.0,0.0,0.0,130.58,850.38,1558.81,2123.63,2498.38,2656.12,2585.77,2292.25,1796.33,1135.74,385.97,0.0,0.0,0.0,0.0,0.0,0.0,18014.0,2656.1,12,0.0,0.0,0.0,0.0,0.0,0.0,0.0,261.47,1014.39,1726.81,2295.07,2671.05,2826.4,2749.79,2446.8,1939.91,1269.68,509.29,0.78,0.0,0.0,0.0,0.0,0.0,19711.4,2826.4,12,0.0,0.0,0.0,0.0,0.0,0.0,0.33,396.44,1096.84,1755.57,2276.82,2610.7,2729.32,2623.25,2300.97,1789.34,1136.84,434.8,1.68,0.0,0.0,0.0,0.0,0.0,19152.9,2729.3,12,0.0,0.0,0.0,0.0,0.0,0.0,28.56,509.89,1159.63,1760.76,2230.28,2521.71,2609.62,2486.74,2163.37,1668.21,1052.1,408.61,5.18,0.0,0.0,0.0,0.0,0.0,18604.6,2609.6,12,0.0,0.0,0.0,0.0,0.0,0.0,60.83,554.21,1176.81,1749.75,2197.56,2476.73,2563.12,2449.59,2145.6,1677.74,1092.73,473.14,28.6,0.0,0.0,0.0,0.0,0.0,18646.4,2563.1,12,0.0,0.0,0.0,0.0,0.0,0.0,38.7,494.02,1106.79,1681.51,2138.62,2432.69,2538.02,2445.83,2163.76,1716.34,1147.43,533.21,54.76,0.0,0.0,0.0,0.0,0.0,18491.7,2538.0,12,0.0,0.0,0.0,0.0,0.0,0.0,12.38,438.48,1071.61,1672.67,2154.08,2467.29,2584.83,2496.9,2210.74,1751.11,1162.96,525.51,38.89,0.0,0.0,0.0,0.0,0.0,18587.4,2584.8,12,0.0,0.0,0.0,0.0,0.0,0.0,3.53,418.25,1082.03,1705.74,2196.9,2506.33,2607.07,2490.78,2167.04,1664.15,1033.24,372.45,0.72,0.0,0.0,0.0,0.0,0.0,18248.2,2607.1,12,0.0,0.0,0.0,0.0,0.0,0.0,1.97,428.03,1118.06,1747.77,2227.67,2512.21,2577.65,2418.74,2048.32,1498.44,827.52,174.43,0.0,0.0,0.0,0.0,0.0,0.0,17580.8,2577.7,12,0.0,0.0,0.0,0.0,0.0,0.0,0.29,426.84,1141.74,1772.27,2239.71,2505.12,2548.49,2366.63,1973.08,1398.89,701.11,65.4,0.0,0.0,0.0,0.0,0.0,0.0,17139.6,2548.5,12,0.0,0.0,0.0,0.0,0.0,0.0,0.0,323.88,1053.79,1697.53,2178.04,2459.87,2523.67,2365.12,1995.02,1439.21,743.17,69.63,0.0,0.0,0.0,0.0,0.0,0.0,16848.9,2523.7,12
Serbia,44.0,21.0,1,0.0,0.0,0.0,0.0,0.0,0.0,0.0,0.0,904.73,1731.84,2258.66,2537.91,2575.05,2371.95,1923.1,1204.33,120.78,0.0,0.0,0.0,0.0,0.0,0.0,0.0,15628.4,2575.0,12,0.0,0.0,0.0,0.0,0.0,0.0,157.25,839.09,1568.94,2198.28,2662.78,2923.71,2960.77,2771.17,2369.59,1788.62,1082.54,355.64,0.41,0.0,0.0,0.0,0.0,0.0,21678.8,2960.8,12,0.0,0.0,0.0,0.0,0.09,88.18,316.02,913.87,1525.79,2059.09,2456.44,2681.16,2713.83,2551.7,2208.58,1715.23,1121.35,504.69,118.66,15.64,0.0,0.0,0.0,0.0,20990.3,2713.8,12,0.0,0.0,0.0,0.0,0.0,0.0,105.21,828.61,1568.93,2178.57,2605.3,2817.44,2799.79,2553.55,2096.32,1462.16,707.81,37.4,0.0,0.0,0.0,0.0,0.0,0.0,19761.1,2817.4,11,0.0,0.0,0.0,0.0,0.0,0.0,0.0,0.0,904.73,1731.84,2258.66,2537.91,2575.05,2371.95,1923.1,1204.33,120.78,0.0,0.0,0.0,0.0,0.0,0.0,0.0,15628.4,2575.0,12,0.0,0.0,0.0,0.0,0.0,0.0,0.0,52.2,1031.41,1809.79,2355.04,2671.99,2750.83,2588.36,2191.0,1567.96,696.15,0.0,0.0,0.0,0.0,0.0,0.0,0.0,17714.7,2750.8,12,0.0,0.0,0.0,0.0,0.0,0.0,0.0,496.76,1330.05,2029.27,2547.67,2852.94,2925.53,2760.73,2369.29,1776.24,1018.62,178.09,0.0,0.0,0.0,0.0,0.0,0.0,20285.2,2925.5,12,0.0,0.0,0.0,0.0,0.0,0.0,157.25,839.09,1568.94,2198.28,2662.78,2923.71,2960.77,2771.17,2369.59,1788.62,1082.54,355.64,0.41,0.0,0.0,0.0,0.0,0.0,21678.8,2960.8,12,0.0,0.0,0.0,0.0,0.0,40.16,328.84,969.84,1624.96,2187.37,2596.73,2816.0,2826.66,2627.88,2236.45,1687.52,1038.61,389.02,54.05,0.0,0.0,0.0,0.0,0.0,21424.1,2826.7,12,0.0,0.0,0.0,0.0,0.21,95.43,369.24,971.66,1581.32,2106.58,2490.84,2698.42,2711.28,2528.32,2165.44,1655.95,1053.33,442.83,109.39,3.48,0.0,0.0,0.0,0.0,20983.7,2711.3,12,0.0,0.0,0.0,0.0,0.09,88.18,316.02,913.87,1525.79,2059.09,2456.44,2681.16,2713.83,2551.7,2208.58,1715.23,1121.35,504.69,118.66,15.64,0.0,0.0,0.0,0.0,20990.3,2713.8,12,0.0,0.0,0.0,0.0,0.0,43.26,261.74,870.8,1511.67,2074.54,2496.9,2739.63,2781.89,2620.09,2267.87,1756.51,1137.68,496.17,88.95,0.0,0.0,0.0,0.0,0.0,21147.7,2781.9,12,0.0,0.0,0.0,0.0,0.0,0.0,219.16,858.9,1540.77,2130.74,2563.61,2800.57,2821.95,2625.96,2228.66,1664.8,993.02,325.81,4.56,0.0,0.0,0.0,0.0,0.0,20778.5,2821.9,12,0.0,0.0,0.0,0.0,0.0,0.0,105.21,828.61,1568.93,2178.57,2605.3,2817.44,2799.79,2553.55,2096.32,1462.16,707.81,37.4,0.0,0.0,0.0,0.0,0.0,0.0,19761.1,2817.4,11,0.0,0.0,0.0,0.0,0.0,0.0,0.0,652.45,1505.24,2141.69,2565.19,2760.66,2718.75,2441.52,1941.35,1230.83,297.43,0.0,0.0,0.0,0.0,0.0,0.0,0.0,18255.1,2760.7,11,0.0,0.0,0.0,0.0,0.0,0.0,0.0,131.49,1202.75,1923.32,2383.82,2601.19,2581.82,2324.93,1824.73,1052.24,0.0,0.0,0.0,0.0,0.0,0.0,0.0,0.0,16026.3,2601.2,11
Sierra Leone,8.5,-11.8,-1,0.0,0.0,0.0,0.0,0.0,0.0,0.0,450.56,1192.7,1837.78,2323.42,2614.23,2689.91,2545.22,2190.17,1649.69,964.74,225.31,0.0,0.0,0.0,0.0,0.0,0.0,18683.7,2689.9,12,0.0,0.0,0.0,0.0,0.0,0.0,14.17,579.19,1314.9,1968.3,2466.0,2766.02,2845.14,2697.43,2334.09,1783.76,1095.41,363.36,0.0,0.0,0.0,0.0,0.0,0.0,20227.8,2845.1,12,0.0,0.0,0.0,0.0,0.0,0.0,48.54,561.09,1192.87,1761.71,2198.35,2462.93,2533.63,2404.82,2086.79,1606.29,1009.65,382.56,1.91,0.0,0.0,0.0,0.0,0.0,18251.1,2533.6,12,0.0,0.0,0.0,0.0,0.0,0.0,53.24,692.1,1419.64,2042.7,2497.5,2747.03,2772.31,2571.45,2159.62,1569.58,857.01,156.74,0.0,0.0,0.0,0.0,0.0,0.0,19538.9,2772.3,12,0.0,0.0,0.0,0.0,0.0,0.0,0.0,450.56,1192.7,1837.78,2323.42,2614.23,2689.91,2545.22,2190.17,1649.69,964.74,225.31,0.0,0.0,0.0,0.0,0.0,0.0,18683.7,2689.9,12,0.0,0.0,0.0,0.0,0.0,0.0,0.0,377.48,1141.78,1827.01,2357.68,2693.26,2809.72,2698.85,2368.43,1842.06,1159.82,395.47,0.0,0.0,0.0,0.0,0.0,0.0,19671.6,2809.7,12,0.0,0.0,0.0,0.0,0.0,0.0,0.0,444.69,1212.11,1903.18,2439.02,2776.38,2890.13,2772.01,2430.59,1891.31,1197.86,430.58,0.0,0.0,0.0,0.0,0.0,0.0,20387.9,2890.1,12,0.0,0.0,0.0,0.0,0.0,0.0,14.17,579.19,1314.9,1968.3,2466.0,2766.02,2845.14,2697.43,2334.09,1783.76,1095.41,363.36,0.0,0.0,0.0,0.0,0.0,0.0,20227.8,2845.1,12,0.0,0.0,0.0,0.0,0.0,0.0,66.64,651.94,1333.61,1932.96,2382.53,2643.12,2693.9,2530.95,2167.12,1632.57,978.82,307.28,0.0,0.0,0.0,0.0,0.0,0.0,19321.4,2693.9,12,0.0,0.0,0.0,0.0,0.0,0.0,77.94,625.17,1262.57,1826.94,2252.46,2500.87,2551.81,2401.26,2061.33,1560.89,949.44,321.83,0.04,0.0,0.0,0.0,0.0,0.0,18392.6,2551.8,12,0.0,0.0,0.0,0.0,0.0,0.0,48.54,561.09,1192.87,1761.71,2198.35,2462.93,2533.63,2404.82,2086.79,1606.29,1009.65,382.56,1.91,0.0,0.0,0.0,0.0,0.0,18251.1,2533.6,12,0.0,0.0,0.0,0.0,0.0,0.0,27.08,541.01,1204.06,1803.3,2265.56,2549.16,2631.05,2504.75,2180.19,1684.1,1062.95,402.77,1.19,0.0,0.0,0.0,0.0,0.0,18857.2,2631.0,12,0.0,0.0,0.0,0.0,0.0,0.0,30.76,599.36,1304.21,1927.86,2399.05,2677.04,2739.81,2582.55,2217.38,1673.94,1003.15,306.77,0.0,0.0,0.0,0.0,0.0,0.0,19461.9,2739.8,12,0.0,0.0,0.0,0.0,0.0,0.0,53.24,692.1,1419.64,2042.7,2497.5,2747.03,2772.31,2571.45,2159.62,1569.58,857.01,156.74,0.0,0.0,0.0,0.0,0.0,0.0,19538.9,2772.3,12,0.0,0.0,0.0,0.0,0.0,0.0,58.94,731.06,1459.61,2068.74,2503.1,2729.8,2732.42,2510.81,2081.02,1475.55,748.93,68.69,0.0,0.0,0.0,0.0,0.0,0.0,19168.7,2732.4,12,0.0,0.0,0.0,0.0,0.0,0.0,13.45,623.29,1350.16,1961.82,2404.5,2646.03,2669.5,2473.29,2071.13,1491.89,782.86,85.96,0.0,0.0,0.0,0.0,0.0,0.0,18573.9,2669.5,12
Singapore,1.4,103.8,7,0.0,0.0,0.0,0.0,0.0,0.0,0.0,295.55,988.92,1644.97,2168.11,2511.71,2648.86,2569.2,2278.71,1799.78,1172.97,472.67,2.12,0.0,0.0,0.0,0.0,0.0,18553.6,2648.9,12,0.0,0.0,0.0,0.0,0.0,0.0,0.0,317.47,1036.84,1720.69,2267.98,2628.72,2774.08,2692.99,2391.6,1893.59,1242.03,515.08,4.9,0.0,0.0,0.0,0.0,0.0,19486.0,2774.1,12,0.0,0.0,0.0,0.0,0.0,0.0,0.0,292.98,928.31,1534.37,2020.54,2341.52,2471.32,2399.87,2132.66,1690.93,1113.5,470.68,8.06,0.0,0.0,0.0,0.0,0.0,17404.8,2471.3,12,0.0,0.0,0.0,0.0,0.0,0.0,1.04,457.25,1178.78,1834.15,2339.72,2650.81,2742.77,2608.58,2258.53,1720.73,1044.57,329.52,0.0,0.0,0.0,0.0,0.0,0.0,19166.5,2742.8,12,0.0,0.0,0.0,0.0,0.0,0.0,0.0,295.55,988.92,1644.97,2168.11,2511.71,2648.86,2569.2,2278.71,1799.78,1172.97,472.67,2.12,0.0,0.0,0.0,0.0,0.0,18553.6,2648.9,12,0.0,0.0,0.0,0.0,0.0,0.0,0.0,215.26,925.74,1623.42,2193.23,2583.37,2763.22,2719.28,2454.79,1989.78,1362.08,637.14,30.96,0.0,0.0,0.0,0.0,0.0,19498.3,2763.2,12,0.0,0.0,0.0,0.0,0.0,0.0,0.0,228.01,949.33,1658.94,2238.29,2633.54,2813.18,2763.56,2488.4,2008.88,1364.95,626.67,26.31,0.0,0.0,0.0,0.0,0.0,19800.1,2813.2,12,0.0,0.0,0.0,0.0,0.0,0.0,0.0,317.47,1036.84,1720.69,2267.98,2628.72,2774.08,2692.99,2391.6,1893.59,1242.03,515.08,4.9,0.0,0.0,0.0,0.0,0.0,19486.0,2774.1,12,0.0,0.0,0.0,0.0,0.0,0.0,0.05,388.33,1079.1,1718.35,2220.95,2542.11,2656.38,2555.05,2245.88,1753.34,1120.85,429.11,0.62,0.0,0.0,0.0,0.0,0.0,18710.1,2656.4,12,0.0,0.0,0.0,0.0,0.0,0.0,0.05,355.96,1003.93,1608.02,2084.83,2390.95,2501.78,2408.79,2119.15,1656.04,1060.91,410.95,1.21,0.0,0.0,0.0,0.0,0.0,17602.6,2501.8,12,0.0,0.0,0.0,0.0,0.0,0.0,0.0,292.98,928.31,1534.37,2020.54,2341.52,2471.32,2399.87,2132.66,1690.93,1113.5,470.68,8.06,0.0,0.0,0.0,0.0,0.0,17404.8,2471.3,12,0.0,0.0,0.0,0.0,0.0,0.0,0.0,287.52,953.27,1590.24,2103.26,2445.24,2588.8,2522.91,2252.58,1798.91,1200.71,526.87,13.58,0.0,0.0,0.0,0.0,0.0,18283.9,2588.8,12,0.0,0.0,0.0,0.0,0.0,0.0,0.0,349.79,1051.67,1710.35,2232.71,2571.3,2699.03,2606.11,2299.62,1803.78,1162.23,455.82,1.33,0.0,0.0,0.0,0.0,0.0,18943.7,2699.0,12,0.0,0.0,0.0,0.0,0.0,0.0,1.04,457.25,1178.78,1834.15,2339.72,2650.81,2742.77,2608.58,2258.53,1720.73,1044.57,329.52,0.0,0.0,0.0,0.0,0.0,0.0,19166.5,2742.8,12,0.0,0.0,0.0,0.0,0.0,0.0,6.98,528.3,1246.87,1884.66,2367.43,2654.15,2722.57,2567.54,2200.88,1651.77,970.66,264.47,0.0,0.0,0.0,0.0,0.0,0.0,19066.3,2722.6,12,0.0,0.0,0.0,0.0,0.0,0.0,0.88,443.19,1141.75,1772.55,2257.48,2554.75,2641.23,2510.39,2172.19,1653.29,1000.3,308.07,0.0,0.0,0.0,0.0,0.0,0.0,18456.1,2641.2,12
Slovakia,48.7,19.5,1,0.0,0.0,0.0,0.0,0.0,0.0,0.0,0.0,60.79,733.93,1325.07,1657.36,1725.12,1528.08,1067.47,375.08,0.0,0.0,0.0,0.0,0.0,0.0,0.0,0.0,8472.9,1725.1,12,0.0,0.0,0.0,0.0,0.0,0.0,73.02,574.13,1224.39,1823.07,2282.35,2553.48,2611.23,2450.53,2085.97,1553.31,916.36,299.23,2.92,0.0,0.0,0.0,0.0,0.0,18450.0,2611.2,12,0.0,0.0,0.0,0.0,1.09,108.03,300.78,761.15,1282.07,1763.16,2136.98,2359.84,2407.98,2276.42,1978.84,1548.04,1038.1,530.32,184.84,39.62,0.0,0.0,0.0,0.0,18717.3,2408.0,12,0.0,0.0,0.0,0.0,0.0,0.0,6.91,407.6,1047.24,1626.25,2050.7,2275.75,2280.86,2065.51,1649.09,1074.83,432.9,10.32,0.0,0.0,0.0,0.0,0.0,0.0,14928.0,2280.9,12,0.0,0.0,0.0,0.0,0.0,0.0,0.0,0.0,60.79,733.93,1325.07,1657.36,1725.12,1528.08,1067.47,375.08,0.0,0.0,0.0,0.0,0.0,0.0,0.0,0.0,8472.9,1725.1,12,0.0,0.0,0.0,0.0,0.0,0.0,0.0,0.0,245.2,965.59,1542.71,1893.1,1999.41,1857.04,1472.41,866.1,155.99,0.0,0.0,0.0,0.0,0.0,0.0,0.0,10997.5,1999.4,12,0.0,0.0,0.0,0.0,0.0,0.0,0.0,114.83,774.99,1448.6,1972.15,2294.13,2389.21,2250.36,1888.11,1331.9,642.06,44.36,0.0,0.0,0.0,0.0,0.0,0.0,15150.7,2389.2,12,0.0,0.0,0.0,0.0,0.0,0.0,73.02,574.13,1224.39,1823.07,2282.35,2553.48,2611.23,2450.53,2085.97,1553.31,916.36,299.23,2.92,0.0,0.0,0.0,0.0,0.0,18450.0,2611.2,12,0.0,0.0,0.0,0.0,0.0,37.69,266.12,790.84,1379.7,1910.57,2311.43,2538.28,2568.62,2399.59,2047.78,1550.42,969.8,408.63,84.34,0.0,0.0,0.0,0.0,0.0,19263.8,2568.6,12,0.0,0.0,0.0,0.0,1.36,113.05,333.06,815.87,1348.59,1831.56,2199.01,2408.93,2439.36,2287.23,1968.25,1517.61,992.53,479.66,162.24,20.9,0.0,0.0,0.0,0.0,18919.2,2439.4,12,0.0,0.0,0.0,0.0,1.09,108.03,300.78,761.15,1282.07,1763.16,2136.98,2359.84,2407.98,2276.42,1978.84,1548.04,1038.1,530.32,184.84,39.62,0.0,0.0,0.0,0.0,18717.3,2408.0,12,0.0,0.0,0.0,0.0,0.0,39.31,228.01,687.75,1232.64,1742.64,2142.26,2384.02,2442.16,2310.71,2003.14,1553.24,1018.24,488.44,131.75,3.17,0.0,0.0,0.0,0.0,18407.5,2442.2,12,0.0,0.0,0.0,0.0,0.0,0.0,125.71,594.35,1181.74,1726.96,2145.0,2386.85,2427.52,2262.95,1909.58,1406.15,820.92,277.61,9.2,0.0,0.0,0.0,0.0,0.0,17274.6,2427.5,12,0.0,0.0,0.0,0.0,0.0,0.0,6.91,407.6,1047.24,1626.25,2050.7,2275.75,2280.86,2065.51,1649.09,1074.83,432.9,10.32,0.0,0.0,0.0,0.0,0.0,0.0,14928.0,2280.9,12,0.0,0.0,0.0,0.0,0.0,0.0,0.0,69.5,704.86,1339.84,1785.67,2006.08,1987.57,1731.13,1252.48,594.66,22.89,0.0,0.0,0.0,0.0,0.0,0.0,0.0,11494.7,2006.1,11,0.0,0.0,0.0,0.0,0.0,0.0,0.0,0.0,253.52,966.44,1485.36,1749.34,1753.95,1499.07,988.7,277.28,0.0,0.0,0.0,0.0,0.0,0.0,0.0,0.0,8973.7,1753.9,12
Slovenia,46.1,14.8,1,0.0,0.0,0.0,0.0,0.0,0.0,0.0,0.0,60.87,890.95,1568.88,1974.77,2121.44,2010.39,1640.7,1002.01,143.81,0.0,0.0,0.0,0.0,0.0,0.0,0.0,11413.8,2121.4,12,0.0,0.0,0.0,0.0,0.0,0.0,11.44,398.13,1048.44,1684.46,2199.04,2535.47,2662.42,2568.81,2262.89,1772.89,1151.06,493.04,34.65,0.0,0.0,0.0,0.0,0.0,18822.8,2662.4,12,0.0,0.0,0.0,0.0,0.0,42.58,197.22,599.37,1120.85,1629.37,2047.24,2323.72,2429.05,2352.47,2101.76,1703.54,1204.96,678.73,235.85,65.77,0.0,0.0,0.0,0.0,18732.5,2429.0,12,0.0,0.0,0.0,0.0,0.0,0.0,0.0,262.45,904.48,1526.99,2011.07,2304.09,2379.65,2231.26,1871.55,1334.06,684.5,100.11,0.0,0.0,0.0,0.0,0.0,0.0,15610.2,2379.6,12,0.0,0.0,0.0,0.0,0.0,0.0,0.0,0.0,60.87,890.95,1568.88,1974.77,2121.44,2010.39,1640.7,1002.01,143.81,0.0,0.0,0.0,0.0,0.0,0.0,0.0,11413.8,2121.4,12,0.0,0.0,0.0,0.0,0.0,0.0,0.0,0.0,178.36,956.94,1602.5,2024.55,2207.03,2142.78,1834.48,1294.01,550.59,1.15,0.0,0.0,0.0,0.0,0.0,0.0,12792.4,2207.0,12,0.0,0.0,0.0,0.0,0.0,0.0,0.0,27.14,619.94,1331.76,1913.16,2303.23,2471.36,2405.27,2109.85,1607.53,942.64,230.2,0.0,0.0,0.0,0.0,0.0,0.0,15962.1,2471.4,12,0.0,0.0,0.0,0.0,0.0,0.0,11.44,398.13,1048.44,1684.46,2199.04,2535.47,2662.42,2568.81,2262.89,1772.89,1151.06,493.04,34.65,0.0,0.0,0.0,0.0,0.0,18822.8,2662.4,12,0.0,0.0,0.0,0.0,0.0,1.6,140.77,604.16,1192.32,1753.71,2203.27,2489.25,2582.76,2474.87,2176.02,1716.68,1150.56,565.83,124.81,0.56,0.0,0.0,0.0,0.0,19177.2,2582.8,12,0.0,0.0,0.0,0.0,0.0,49.45,206.04,654.55,1196.57,1713.33,2129.25,2395.65,2484.75,2387.69,2114.17,1692.88,1173.47,632.89,195.67,44.11,0.0,0.0,0.0,0.0,19070.5,2484.8,12,0.0,0.0,0.0,0.0,0.0,42.58,197.22,599.37,1120.85,1629.37,2047.24,2323.72,2429.05,2352.47,2101.76,1703.54,1204.96,678.73,235.85,65.77,0.0,0.0,0.0,0.0,18732.5,2429.0,12,0.0,0.0,0.0,0.0,0.0,2.89,137.34,539.68,1097.7,1646.39,2098.73,2400.53,2520.29,2446.2,2185.45,1764.63,1232.01,665.23,194.64,19.34,0.0,0.0,0.0,0.0,18951.0,2520.3,12,0.0,0.0,0.0,0.0,0.0,0.0,43.31,439.34,1031.91,1614.81,2087.19,2392.23,2498.71,2396.38,2094.97,1625.1,1042.89,448.04,45.38,0.0,0.0,0.0,0.0,0.0,17760.3,2498.7,12,0.0,0.0,0.0,0.0,0.0,0.0,0.0,262.45,904.48,1526.99,2011.07,2304.09,2379.65,2231.26,1871.55,1334.06,684.5,100.11,0.0,0.0,0.0,0.0,0.0,0.0,15610.2,2379.6,12,0.0,0.0,0.0,0.0,0.0,0.0,0.0,27.63,695.79,1404.12,1921.01,2215.49,2272.62,2089.4,1675.05,1050.65,284.9,0.0,0.0,0.0,0.0,0.0,0.0,0.0,13636.7,2272.6,12,0.0,0.0,0.0,0.0,0.0,0.0,0.0,0.0,244.15,1055.18,1648.08,1986.19,2070.53,1900.46,1476.7,797.0,39.78,0.0,0.0,0.0,0.0,0.0,0.0,0.0,11218.1,2070.5,12
Somalia,6.0,46.0,3,0.0,0.0,0.0,0.0,0.0,0.0,0.0,319.37,1027.86,1677.66,2182.34,2499.92,2606.64,2494.7,2172.26,1663.46,1010.83,303.25,0.0,0.0,0.0,0.0,0.0,0.0,17958.3,2606.6,12,0.0,0.0,0.0,0.0,0.0,0.0,0.25,424.73,1145.89,1811.07,2331.88,2661.48,2773.51,2659.41,2327.92,1805.64,1139.64,419.03,0.19,0.0,0.0,0.0,0.0,0.0,19500.6,2773.5,12,0.0,0.0,0.0,0.0,0.0,0.0,5.73,425.92,1054.07,1637.2,2096.18,2387.73,2487.52,2387.58,2095.89,1636.73,1053.44,425.18,5.6,0.0,0.0,0.0,0.0,0.0,17698.8,2487.5,12,0.0,0.0,0.0,0.0,0.0,0.0,13.03,566.12,1292.5,1932.53,2413.21,2693.83,2752.57,2585.01,2203.91,1639.78,945.25,235.55,0.0,0.0,0.0,0.0,0.0,0.0,19273.3,2752.6,12,0.0,0.0,0.0,0.0,0.0,0.0,0.0,319.37,1027.86,1677.66,2182.34,2499.92,2606.64,2494.7,2172.26,1663.46,1010.83,303.25,0.0,0.0,0.0,0.0,0.0,0.0,17958.3,2606.6,12,0.0,0.0,0.0,0.0,0.0,0.0,0.0,257.43,987.6,1678.58,2229.11,2592.31,2740.74,2663.52,2366.25,1871.03,1217.69,479.17,0.47,0.0,0.0,0.0,0.0,0.0,19083.9,2740.7,12,0.0,0.0,0.0,0.0,0.0,0.0,0.0,306.32,1046.33,1745.46,2302.74,2669.02,2815.81,2732.12,2424.18,1915.57,1248.91,501.98,1.58,0.0,0.0,0.0,0.0,0.0,19710.0,2815.8,12,0.0,0.0,0.0,0.0,0.0,0.0,0.25,424.73,1145.89,1811.07,2331.88,2661.48,2773.51,2659.41,2327.92,1805.64,1139.64,419.03,0.19,0.0,0.0,0.0,0.0,0.0,19500.6,2773.5,12,0.0,0.0,0.0,0.0,0.0,0.0,11.12,494.32,1168.36,1781.05,2253.69,2542.88,2624.92,2493.34,2158.63,1648.77,1012.92,346.31,0.03,0.0,0.0,0.0,0.0,0.0,18536.3,2624.9,12,0.0,0.0,0.0,0.0,0.0,0.0,15.67,475.21,1106.97,1684.59,2132.17,2407.64,2487.97,2366.71,2053.68,1575.49,979.05,353.41,0.47,0.0,0.0,0.0,0.0,0.0,17639.0,2488.0,12,0.0,0.0,0.0,0.0,0.0,0.0,5.73,425.92,1054.07,1637.2,2096.18,2387.73,2487.52,2387.58,2095.89,1636.73,1053.44,425.18,5.6,0.0,0.0,0.0,0.0,0.0,17698.8,2487.5,12,0.0,0.0,0.0,0.0,0.0,0.0,1.45,412.73,1073.13,1687.91,2173.75,2485.64,2598.01,2502.01,2205.14,1731.54,1124.4,462.05,6.19,0.0,0.0,0.0,0.0,0.0,18464.0,2598.0,12,0.0,0.0,0.0,0.0,0.0,0.0,2.93,471.46,1174.38,1814.53,2310.77,2618.82,2713.99,2588.95,2253.31,1734.17,1079.04,379.07,0.02,0.0,0.0,0.0,0.0,0.0,19141.4,2714.0,12,0.0,0.0,0.0,0.0,0.0,0.0,13.03,566.12,1292.5,1932.53,2413.21,2693.83,2752.57,2585.01,2203.91,1639.78,945.25,235.55,0.0,0.0,0.0,0.0,0.0,0.0,19273.3,2752.6,12,0.0,0.0,0.0,0.0,0.0,0.0,19.11,605.37,1330.15,1954.81,2414.19,2671.39,2707.12,2518.77,2120.37,1542.96,839.66,144.82,0.0,0.0,0.0,0.0,0.0,0.0,18868.7,2707.1,12,0.0,0.0,0.0,0.0,0.0,0.0,1.67,482.79,1191.7,1813.04,2277.34,2547.17,2602.42,2439.09,2069.17,1521.02,843.64,160.11,0.0,0.0,0.0,0.0,0.0,0.0,17949.2,2602.4,12
South Africa,-29.0,25.0,2,0.0,0.0,0.0,0.0,0.0,0.0,65.76,444.37,1082.2,1719.07,2255.37,2633.48,2818.73,2795.18,2564.81,2147.59,1582.72,934.48,319.34,23.84,0.0,0.0,0.0,0.0,21386.9,2818.7,12,0.0,0.0,0.0,0.0,0.0,0.0,0.0,120.18,848.01,1582.69,2185.8,2605.51,2810.53,2786.07,2533.86,2072.09,1435.62,682.85,28.2,0.0,0.0,0.0,0.0,0.0,19691.4,2810.5,12,0.0,0.0,0.0,0.0,0.0,0.0,0.0,0.0,478.73,1260.42,1851.46,2250.39,2443.54,2421.93,2186.62,1748.22,1119.74,303.59,0.0,0.0,0.0,0.0,0.0,0.0,16064.6,2443.5,12,0.0,0.0,0.0,0.0,0.0,0.0,0.03,402.19,1133.48,1822.04,2373.79,2738.93,2888.36,2810.67,2511.81,2015.25,1363.54,630.3,37.39,0.0,0.0,0.0,0.0,0.0,20727.8,2888.4,12,0.0,0.0,0.0,0.0,0.0,0.0,65.76,444.37,1082.2,1719.07,2255.37,2633.48,2818.73,2795.18,2564.81,2147.59,1582.72,934.48,319.34,23.84,0.0,0.0,0.0,0.0,21386.9,2818.7,12,0.0,0.0,0.0,0.0,0.0,0.0,3.28,303.27,948.87,1625.19,2208.78,2634.64,2863.71,2876.53,2671.98,2267.28,1698.99,1028.29,367.92,13.37,0.0,0.0,0.0,0.0,21512.1,2876.5,13,0.0,0.0,0.0,0.0,0.0,0.0,0.0,212.79,894.17,1609.42,2219.93,2661.41,2895.8,2904.24,2686.02,2258.56,1658.32,946.92,252.77,0.0,0.0,0.0,0.0,0.0,21200.3,2904.2,13,0.0,0.0,0.0,0.0,0.0,0.0,0.0,120.18,848.01,1582.69,2185.8,2605.51,2810.53,2786.07,2533.86,2072.09,1435.62,682.85,28.2,0.0,0.0,0.0,0.0,0.0,19691.4,2810.5,12,0.0,0.0,0.0,0.0,0.0,0.0,0.0,20.14,733.36,1472.42,2052.9,2442.25,2617.73,2568.68,2298.09,1822.18,1167.8,378.88,0.0,0.0,0.0,0.0,0.0,0.0,17574.4,2617.7,12,0.0,0.0,0.0,0.0,0.0,0.0,0.0,0.0,554.21,1312.37,1888.17,2270.3,2443.52,2399.36,2140.06,1677.63,1027.08,213.67,0.0,0.0,0.0,0.0,0.0,0.0,15926.4,2443.5,12,0.0,0.0,0.0,0.0,0.0,0.0,0.0,0.0,478.73,1260.42,1851.46,2250.39,2443.54,2421.93,2186.62,1748.22,1119.74,303.59,0.0,0.0,0.0,0.0,0.0,0.0,16064.6,2443.5,12,0.0,0.0,0.0,0.0,0.0,0.0,0.0,0.0,653.26,1420.96,2020.0,2432.57,2638.06,2624.82,2393.61,1957.45,1337.57,550.84,0.0,0.0,0.0,0.0,0.0,0.0,18029.1,2638.1,12,0.0,0.0,0.0,0.0,0.0,0.0,0.0,124.56,888.87,1619.3,2206.34,2607.51,2795.37,2757.18,2495.54,2028.28,1387.72,624.36,3.62,0.0,0.0,0.0,0.0,0.0,19538.7,2795.4,12,0.0,0.0,0.0,0.0,0.0,0.0,0.03,402.19,1133.48,1822.04,2373.79,2738.93,2888.36,2810.67,2511.81,2015.25,1363.54,630.3,37.39,0.0,0.0,0.0,0.0,0.0,20727.8,2888.4,12,0.0,0.0,0.0,0.0,0.0,0.0,65.23,586.64,1278.62,1924.85,2439.27,2772.16,2895.05,2797.9,2488.72,1993.81,1360.12,667.45,99.8,0.0,0.0,0.0,0.0,0.0,21369.6,2895.0,12,0.0,0.0,0.0,0.0,0.0,0.0,102.39,577.03,1231.22,1854.59,2360.33,2696.92,2834.26,2760.73,2482.54,2024.1,1429.75,772.48,195.11,0.39,0.0,0.0,0.0,0.0,21321.8,2834.3,12
South Korea,37.0,127.5,8,0.0,0.0,0.0,0.0,0.0,0.0,0.0,226.79,1241.26,1942.56,2414.3,2660.0,2672.45,2451.19,2003.1,1327.96,347.83,0.0,0.0,0.0,0.0,0.0,0.0,0.0,17287.4,2672.5,12,0.0,0.0,0.0,0.0,0.0,0.0,189.08,877.46,1595.48,2209.25,2654.26,2893.37,2907.9,2696.77,2276.48,1681.81,970.96,264.76,0.0,0.0,0.0,0.0,0.0,0.0,21217.6,2907.9,12,0.0,0.0,0.0,0.0,0.0,75.7,353.64,906.91,1486.5,1993.37,2366.46,2568.62,2581.26,2403.22,2050.77,1558.47,983.06,418.37,97.8,0.0,0.0,0.0,0.0,0.0,19844.2,2581.3,12,0.0,0.0,0.0,0.0,0.0,0.0,145.0,853.76,1576.02,2163.65,2567.51,2756.33,2716.11,2449.76,1977.1,1335.83,592.73,12.34,0.0,0.0,0.0,0.0,0.0,0.0,19146.1,2756.3,11,0.0,0.0,0.0,0.0,0.0,0.0,0.0,226.79,1241.26,1942.56,2414.3,2660.0,2672.45,2451.19,2003.1,1327.96,347.83,0.0,0.0,0.0,0.0,0.0,0.0,0.0,17287.4,2672.5,12,0.0,0.0,0.0,0.0,0.0,0.0,0.0,368.62,1307.62,2017.16,2522.62,2805.04,2857.65,2677.53,2270.83,1652.39,826.09,0.0,0.0,0.0,0.0,0.0,0.0,0.0,19305.5,2857.6,12,0.0,0.0,0.0,0.0,0.0,0.0,0.0,637.83,1445.3,2122.94,2618.81,2900.44,2949.24,2761.98,2351.12,1743.77,980.28,153.38,0.0,0.0,0.0,0.0,0.0,0.0,20665.1,2949.2,12,0.0,0.0,0.0,0.0,0.0,0.0,189.08,877.46,1595.48,2209.25,2654.26,2893.37,2907.9,2696.77,2276.48,1681.81,970.96,264.76,0.0,0.0,0.0,0.0,0.0,0.0,21217.6,2907.9,12,0.0,0.0,0.0,0.0,0.0,27.72,360.55,995.96,1638.79,2186.52,2577.65,2776.47,2766.06,2547.34,2139.08,1579.06,929.86,307.39,15.49,0.0,0.0,0.0,0.0,0.0,20847.9,2776.5,11,0.0,0.0,0.0,0.0,0.0,84.56,401.28,983.86,1576.47,2084.26,2449.33,2636.69,2629.62,2428.75,2052.12,1536.16,940.16,364.68,73.32,0.0,0.0,0.0,0.0,0.0,20241.3,2636.7,11,0.0,0.0,0.0,0.0,0.0,75.7,353.64,906.91,1486.5,1993.37,2366.46,2568.62,2581.26,2403.22,2050.77,1558.47,983.06,418.37,97.8,0.0,0.0,0.0,0.0,0.0,19844.2,2581.3,12,0.0,0.0,0.0,0.0,0.0,20.93,287.52,845.2,1449.97,1983.2,2379.14,2597.87,2619.22,2441.24,2080.1,1571.2,973.96,391.1,54.27,0.0,0.0,0.0,0.0,0.0,19694.9,2619.2,12,0.0,0.0,0.0,0.0,0.0,0.0,228.48,843.16,1503.95,2071.3,2481.22,2695.3,2695.08,2480.51,2070.01,1501.93,842.3,225.98,0.0,0.0,0.0,0.0,0.0,0.0,19639.2,2695.3,11,0.0,0.0,0.0,0.0,0.0,0.0,145.0,853.76,1576.02,2163.65,2567.51,2756.33,2716.11,2449.76,1977.1,1335.83,592.73,12.34,0.0,0.0,0.0,0.0,0.0,0.0,19146.1,2756.3,11,0.0,0.0,0.0,0.0,0.0,0.0,8.07,753.61,1543.36,2145.47,2541.7,2712.02,2646.96,2350.15,1837.41,1131.23,268.31,0.0,0.0,0.0,0.0,0.0,0.0,0.0,17938.3,2712.0,11,0.0,0.0,0.0,0.0,0.0,0.0,0.0,469.23,1377.89,2021.24,2441.52,2633.36,2590.08,2313.34,1811.34,1081.02,107.39,0.0,0.0,0.0,0.0,0.0,0.0,0.0,16846.4,2633.4,11
South Sudan,7.5,30.0,2,0.0,0.0,0.0,0.0,0.0,0.0,0.0,308.62,1047.97,1717.7,2239.24,2572.9,2694.98,2596.97,2285.69,1783.15,1127.04,387.08,0.0,0.0,0.0,0.0,0.0,0.0,18761.3,2695.0,12,0.0,0.0,0.0,0.0,0.0,0.0,0.03,433.6,1174.86,1856.18,2392.63,2738.06,2865.69,2766.0,2446.44,1931.67,1265.12,523.66,3.53,0.0,0.0,0.0,0.0,0.0,20397.5,2865.7,12,0.0,0.0,0.0,0.0,0.0,0.0,5.02,421.55,1054.06,1645.45,2115.31,2419.45,2532.63,2445.85,2165.97,1716.0,1137.21,502.51,22.94,0.0,0.0,0.0,0.0,0.0,18183.9,2532.6,12,0.0,0.0,0.0,0.0,0.0,0.0,6.47,554.68,1295.6,1949.81,2445.34,2741.4,2815.5,2662.14,2292.75,1735.9,1040.26,304.45,0.0,0.0,0.0,0.0,0.0,0.0,19844.3,2815.5,12,0.0,0.0,0.0,0.0,0.0,0.0,0.0,308.62,1047.97,1717.7,2239.24,2572.9,2694.98,2596.97,2285.69,1783.15,1127.04,387.08,0.0,0.0,0.0,0.0,0.0,0.0,18761.3,2695.0,12,0.0,0.0,0.0,0.0,0.0,0.0,0.0,233.66,985.71,1693.96,2260.26,2639.26,2803.38,2740.93,2456.31,1969.91,1318.38,564.06,2.56,0.0,0.0,0.0,0.0,0.0,19668.4,2803.4,12,0.0,0.0,0.0,0.0,0.0,0.0,0.0,293.32,1053.28,1768.66,2341.52,2723.7,2886.4,2817.73,2522.67,2023.06,1358.41,596.47,8.03,0.0,0.0,0.0,0.0,0.0,20393.2,2886.4,12,0.0,0.0,0.0,0.0,0.0,0.0,0.03,433.6,1174.86,1856.18,2392.63,2738.06,2865.69,2766.0,2446.44,1931.67,1265.12,523.66,3.53,0.0,0.0,0.0,0.0,0.0,20397.5,2865.7,12,0.0,0.0,0.0,0.0,0.0,0.0,10.86,515.81,1208.11,1836.15,2323.83,2628.16,2724.94,2606.76,2282.74,1778.9,1140.46,449.57,2.08,0.0,0.0,0.0,0.0,0.0,19508.4,2724.9,12,0.0,0.0,0.0,0.0,0.0,0.0,16.56,490.75,1135.63,1725.92,2186.82,2476.19,2570.37,2461.95,2159.5,1687.92,1090.9,447.23,7.33,0.0,0.0,0.0,0.0,0.0,18457.1,2570.4,12,0.0,0.0,0.0,0.0,0.0,0.0,5.02,421.55,1054.06,1645.45,2115.31,2419.45,2532.63,2445.85,2165.97,1716.0,1137.21,502.51,22.94,0.0,0.0,0.0,0.0,0.0,18183.9,2532.6,12,0.0,0.0,0.0,0.0,0.0,0.0,0.78,399.56,1062.7,1685.36,2182.14,2506.93,2633.15,2550.91,2266.57,1803.04,1201.65,535.12,22.65,0.0,0.0,0.0,0.0,0.0,18850.6,2633.2,12,0.0,0.0,0.0,0.0,0.0,0.0,1.25,458.78,1170.28,1821.58,2330.87,2653.29,2763.28,2652.48,2329.27,1819.23,1167.23,455.38,1.07,0.0,0.0,0.0,0.0,0.0,19624.0,2763.3,12,0.0,0.0,0.0,0.0,0.0,0.0,6.47,554.68,1295.6,1949.81,2445.34,2741.4,2815.5,2662.14,2292.75,1735.9,1040.26,304.45,0.0,0.0,0.0,0.0,0.0,0.0,19844.3,2815.5,12,0.0,0.0,0.0,0.0,0.0,0.0,8.75,597.81,1342.37,1983.27,2458.42,2731.4,2782.42,2607.83,2220.23,1648.35,939.84,202.85,0.0,0.0,0.0,0.0,0.0,0.0,19523.5,2782.4,12,0.0,0.0,0.0,0.0,0.0,0.0,0.1,481.62,1217.7,1857.78,2338.69,2624.47,2694.86,2544.94,2185.25,1641.63,956.81,224.99,0.0,0.0,0.0,0.0,0.0,0.0,18768.8,2694.9,12
Spain,40.0,-4.0,0,0.0,0.0,0.0,0.0,0.0,0.0,0.0,0.0,95.14,932.67,1615.23,2057.1,2258.14,2214.7,1927.77,1401.21,633.5,0.0,0.0,0.0,0.0,0.0,0.0,0.0,13135.5,2258.1,12,0.0,0.0,0.0,0.0,0.0,0.0,0.0,320.09,1021.51,1715.86,2289.93,2686.86,2873.29,2834.42,2573.35,2111.18,1488.44,774.26,132.92,0.0,0.0,0.0,0.0,0.0,20822.1,2873.3,12,0.0,0.0,0.0,0.0,0.0,0.96,126.94,485.33,1063.25,1635.73,2116.82,2453.21,2612.52,2580.33,2359.5,1970.28,1451.46,865.14,314.98,76.97,0.0,0.0,0.0,0.0,20113.4,2612.5,12,0.0,0.0,0.0,0.0,0.0,0.0,0.0,235.43,941.84,1625.01,2168.57,2521.85,2656.7,2562.79,2247.19,1734.63,1070.54,349.21,0.0,0.0,0.0,0.0,0.0,0.0,18113.8,2656.7,12,0.0,0.0,0.0,0.0,0.0,0.0,0.0,0.0,95.14,932.67,1615.23,2057.1,2258.14,2214.7,1927.77,1401.21,633.5,0.0,0.0,0.0,0.0,0.0,0.0,0.0,13135.5,2258.1,12,0.0,0.0,0.0,0.0,0.0,0.0,0.0,0.0,234.55,1075.02,1755.54,2223.37,2461.75,2460.1,2218.52,1747.84,1065.16,225.85,0.0,0.0,0.0,0.0,0.0,0.0,15467.7,2461.8,12,0.0,0.0,0.0,0.0,0.0,0.0,0.0,13.15,669.26,1441.31,2076.8,2524.0,2751.93,2745.15,2504.15,2045.39,1400.95,625.2,5.94,0.0,0.0,0.0,0.0,0.0,18803.2,2751.9,12,0.0,0.0,0.0,0.0,0.0,0.0,0.0,320.09,1021.51,1715.86,2289.93,2686.86,2873.29,2834.42,2573.35,2111.18,1488.44,774.26,132.92,0.0,0.0,0.0,0.0,0.0,20822.1,2873.3,12,0.0,0.0,0.0,0.0,0.0,0.0,75.69,507.68,1156.29,1782.6,2295.98,2643.4,2793.65,2733.94,2469.38,2023.1,1437.95,784.44,199.17,3.48,0.0,0.0,0.0,0.0,20906.7,2793.6,12,0.0,0.0,0.0,0.0,0.0,2.07,131.7,539.68,1136.19,1714.3,2191.51,2516.69,2659.31,2606.67,2363.44,1951.8,1412.74,811.76,261.42,53.88,0.0,0.0,0.0,0.0,20353.1,2659.3,12,0.0,0.0,0.0,0.0,0.0,0.96,126.94,485.33,1063.25,1635.73,2116.82,2453.21,2612.52,2580.33,2359.5,1970.28,1451.46,865.14,314.98,76.97,0.0,0.0,0.0,0.0,20113.4,2612.5,12,0.0,0.0,0.0,0.0,0.0,0.0,74.52,419.71,1011.87,1611.06,2118.78,2477.06,2651.2,2625.41,2401.94,2001.19,1463.1,853.35,288.43,31.35,0.0,0.0,0.0,0.0,20029.0,2651.2,12,0.0,0.0,0.0,0.0,0.0,0.0,7.55,356.57,994.68,1635.27,2167.55,2532.63,2696.7,2645.51,2383.38,1933.46,1340.04,680.12,123.24,0.0,0.0,0.0,0.0,0.0,19496.7,2696.7,12,0.0,0.0,0.0,0.0,0.0,0.0,0.0,235.43,941.84,1625.01,2168.57,2521.85,2656.7,2562.79,2247.19,1734.63,1070.54,349.21,0.0,0.0,0.0,0.0,0.0,0.0,18113.8,2656.7,12,0.0,0.0,0.0,0.0,0.0,0.0,0.0,18.51,698.13,1436.09,1995.13,2342.26,2458.67,2337.83,1986.44,1423.32,681.57,13.95,0.0,0.0,0.0,0.0,0.0,0.0,15391.9,2458.7,12,0.0,0.0,0.0,0.0,0.0,0.0,0.0,0.0,307.89,1128.71,1742.8,2124.09,2266.3,2165.45,1824.41,1249.56,453.13,0.0,0.0,0.0,0.0,0.0,0.0,0.0,13262.3,2266.3,12
Sri Lanka,7.9,80.7,5,0.0,0.0,0.0,0.0,0.0,0.0,5.81,590.22,1322.24,1942.65,2396.91,2652.16,2690.57,2509.47,2121.44,1554.04,851.87,131.51,0.0,0.0,0.0,0.0,0.0,0.0,18768.9,2690.6,12,0.0,0.0,0.0,0.0,0.0,0.0,63.23,714.14,1448.21,2081.62,2549.94,2815.01,2856.62,2671.71,2274.22,1695.53,988.17,261.4,0.0,0.0,0.0,0.0,0.0,0.0,20419.8,2856.6,12,0.0,0.0,0.0,0.0,0.0,0.0,102.95,665.69,1296.67,1848.51,2259.32,2492.86,2530.15,2368.26,2020.11,1515.16,903.61,284.01,0.0,0.0,0.0,0.0,0.0,0.0,18287.3,2530.2,12,0.0,0.0,0.0,0.0,0.0,0.0,135.06,832.81,1552.44,2152.31,2575.8,2789.36,2776.93,2539.43,2094.77,1478.52,751.0,81.26,0.0,0.0,0.0,0.0,0.0,0.0,19759.7,2789.4,11,0.0,0.0,0.0,0.0,0.0,0.0,5.81,590.22,1322.24,1942.65,2396.91,2652.16,2690.57,2509.47,2121.44,1554.04,851.87,131.51,0.0,0.0,0.0,0.0,0.0,0.0,18768.9,2690.6,12,0.0,0.0,0.0,0.0,0.0,0.0,0.27,531.69,1296.27,1959.91,2460.35,2760.49,2839.05,2690.5,2325.25,1769.37,1065.51,297.37,0.0,0.0,0.0,0.0,0.0,0.0,19996.1,2839.1,12,0.0,0.0,0.0,0.0,0.0,0.0,5.29,590.25,1358.4,2028.95,2534.85,2836.61,2912.08,2755.79,2379.06,1809.92,1095.05,325.74,0.0,0.0,0.0,0.0,0.0,0.0,20632.0,2912.1,12,0.0,0.0,0.0,0.0,0.0,0.0,63.23,714.14,1448.21,2081.62,2549.94,2815.01,2856.62,2671.71,2274.22,1695.53,988.17,261.4,0.0,0.0,0.0,0.0,0.0,0.0,20419.8,2856.6,12,0.0,0.0,0.0,0.0,0.0,0.0,143.08,786.67,1468.52,2050.22,2472.48,2700.05,2715.19,2516.76,2120.23,1558.29,885.79,219.31,0.0,0.0,0.0,0.0,0.0,0.0,19636.6,2715.2,12,0.0,0.0,0.0,0.0,0.0,0.0,147.32,742.63,1379.9,1927.56,2327.17,2544.23,2561.36,2377.22,2006.51,1480.68,852.93,232.47,0.0,0.0,0.0,0.0,0.0,0.0,18580.0,2561.4,12,0.0,0.0,0.0,0.0,0.0,0.0,102.95,665.69,1296.67,1848.51,2259.32,2492.86,2530.15,2368.26,2020.11,1515.16,903.61,284.01,0.0,0.0,0.0,0.0,0.0,0.0,18287.3,2530.2,12,0.0,0.0,0.0,0.0,0.0,0.0,73.96,647.51,1308.91,1889.85,2325.01,2576.32,2623.59,2463.11,2107.49,1586.29,949.97,297.98,0.0,0.0,0.0,0.0,0.0,0.0,18850.0,2623.6,12,0.0,0.0,0.0,0.0,0.0,0.0,88.35,721.3,1422.23,2025.37,2467.33,2710.98,2737.28,2544.22,2146.7,1577.23,891.01,208.66,0.0,0.0,0.0,0.0,0.0,0.0,19540.7,2737.3,12,0.0,0.0,0.0,0.0,0.0,0.0,135.06,832.81,1552.44,2152.31,2575.8,2789.36,2776.93,2539.43,2094.77,1478.52,751.0,81.26,0.0,0.0,0.0,0.0,0.0,0.0,19759.7,2789.4,11,0.0,0.0,0.0,0.0,0.0,0.0,152.3,875.99,1591.35,2174.78,2576.55,2766.69,2731.52,2473.59,2011.61,1380.86,641.06,19.7,0.0,0.0,0.0,0.0,0.0,0.0,19396.0,2766.7,11,0.0,0.0,0.0,0.0,0.0,0.0,71.61,755.74,1467.0,2052.22,2462.42,2667.84,2654.05,2422.01,1988.11,1384.09,662.72,26.77,0.0,0.0,0.0,0.0,0.0,0.0,18614.6,2667.8,11
Sudan,15.0,30.0,2,0.0,0.0,0.0,0.0,0.0,0.0,0.0,228.63,1019.95,1714.97,2248.47,2587.84,2711.75,2612.3,2295.81,1782.23,1103.0,312.84,0.0,0.0,0.0,0.0,0.0,0.0,18617.8,2711.8,12,0.0,0.0,0.0,0.0,0.0,0.0,0.59,475.24,1221.6,1904.51,2441.83,2787.78,2915.62,2815.82,2495.85,1980.34,1312.45,567.03,9.89,0.0,0.0,0.0,0.0,0.0,20928.5,2915.6,12,0.0,0.0,0.0,0.0,0.0,0.0,42.17,514.4,1145.57,1733.49,2201.07,2503.98,2616.74,2530.27,2251.49,1803.64,1228.17,595.81,76.8,0.0,0.0,0.0,0.0,0.0,19243.6,2616.7,12,0.0,0.0,0.0,0.0,0.0,0.0,6.27,583.88,1340.0,2001.18,2500.35,2798.18,2872.66,2718.4,2346.6,1785.09,1080.32,323.22,0.0,0.0,0.0,0.0,0.0,0.0,20356.1,2872.7,12,0.0,0.0,0.0,0.0,0.0,0.0,0.0,228.63,1019.95,1714.97,2248.47,2587.84,2711.75,2612.3,2295.81,1782.23,1103.0,312.84,0.0,0.0,0.0,0.0,0.0,0.0,18617.8,2711.8,12,0.0,0.0,0.0,0.0,0.0,0.0,0.0,191.86,992.43,1722.7,2299.33,2683.4,2849.4,2786.28,2498.22,2004.35,1337.53,547.94,0.0,0.0,0.0,0.0,0.0,0.0,19913.4,2849.4,12,0.0,0.0,0.0,0.0,0.0,0.0,0.0,298.25,1086.51,1814.02,2392.91,2778.17,2942.03,2872.92,2575.69,2071.56,1398.05,616.61,4.34,0.0,0.0,0.0,0.0,0.0,20851.1,2942.0,12,0.0,0.0,0.0,0.0,0.0,0.0,0.59,475.24,1221.6,1904.51,2441.83,2787.78,2915.62,2815.82,2495.85,1980.34,1312.45,567.03,9.89,0.0,0.0,0.0,0.0,0.0,20928.5,2915.6,12,0.0,0.0,0.0,0.0,0.0,0.0,40.69,587.0,1276.97,1902.43,2388.61,2692.23,2788.81,2670.91,2347.73,1845.53,1209.87,520.86,19.39,0.0,0.0,0.0,0.0,0.0,20291.0,2788.8,12,0.0,0.0,0.0,0.0,0.0,0.0,64.39,584.11,1228.16,1815.93,2275.16,2563.67,2657.59,2549.48,2247.97,1778.14,1183.71,540.33,46.27,0.0,0.0,0.0,0.0,0.0,19534.9,2657.6,12,0.0,0.0,0.0,0.0,0.0,0.0,42.17,514.4,1145.57,1733.49,2201.07,2503.98,2616.74,2530.27,2251.49,1803.64,1228.17,595.81,76.8,0.0,0.0,0.0,0.0,0.0,19243.6,2616.7,12,0.0,0.0,0.0,0.0,0.0,0.0,15.45,469.16,1125.71,1742.48,2235.79,2558.78,2684.37,2602.5,2319.65,1859.13,1262.99,603.63,63.94,0.0,0.0,0.0,0.0,0.0,19543.6,2684.4,12,0.0,0.0,0.0,0.0,0.0,0.0,7.17,508.5,1220.97,1871.63,2380.55,2702.8,2812.75,2701.94,2378.82,1869.07,1217.6,504.57,6.38,0.0,0.0,0.0,0.0,0.0,20182.8,2812.8,12,0.0,0.0,0.0,0.0,0.0,0.0,6.27,583.88,1340.0,2001.18,2500.35,2798.18,2872.66,2718.4,2346.6,1785.09,1080.32,323.22,0.0,0.0,0.0,0.0,0.0,0.0,20356.1,2872.7,12,0.0,0.0,0.0,0.0,0.0,0.0,0.8,582.61,1354.9,2008.6,2490.17,2766.12,2817.62,2641.19,2248.85,1667.54,939.51,164.84,0.0,0.0,0.0,0.0,0.0,0.0,19682.7,2817.6,12,0.0,0.0,0.0,0.0,0.0,0.0,0.0,423.87,1204.44,1864.57,2355.18,2645.45,2716.83,2564.72,2198.92,1642.71,931.11,150.08,0.0,0.0,0.0,0.0,0.0,0.0,18697.9,2716.8,12
Suriname,4.0,-56.0,-4,0.0,0.0,0.0,0.0,0.0,0.0,1.14,428.6,1112.34,1726.03,2190.49,2465.02,2528.04,2374.74,2016.86,1483.43,826.29,171.8,0.0,0.0,0.0,0.0,0.0,0.0,17324.8,2528.0,12,0.0,0.0,0.0,0.0,0.0,0.0,20.45,611.8,1349.81,1998.16,2487.0,2775.95,2842.9,2682.88,2307.92,1747.36,1050.93,317.48,0.0,0.0,0.0,0.0,0.0,0.0,20192.6,2842.9,12,0.0,0.0,0.0,0.0,0.0,0.0,50.64,629.27,1293.74,1874.17,2311.66,2570.77,2631.86,2490.39,2156.91,1657.11,1033.89,366.15,0.0,0.0,0.0,0.0,0.0,0.0,19066.6,2631.9,12,0.0,0.0,0.0,0.0,0.0,0.0,107.58,814.27,1551.64,2172.09,2618.98,2857.74,2870.79,2657.17,2232.59,1629.61,901.47,171.48,0.0,0.0,0.0,0.0,0.0,0.0,20585.4,2870.8,12,0.0,0.0,0.0,0.0,0.0,0.0,1.14,428.6,1112.34,1726.03,2190.49,2465.02,2528.04,2374.74,2016.86,1483.43,826.29,171.8,0.0,0.0,0.0,0.0,0.0,0.0,17324.8,2528.0,12,0.0,0.0,0.0,0.0,0.0,0.0,0.0,331.83,1025.27,1674.7,2182.02,2499.89,2602.49,2481.82,2147.25,1626.1,967.97,280.04,0.0,0.0,0.0,0.0,0.0,0.0,17819.4,2602.5,12,0.0,0.0,0.0,0.0,0.0,0.0,0.14,417.98,1146.98,1815.22,2333.5,2655.58,2755.89,2626.72,2277.97,1737.59,1055.09,331.4,0.0,0.0,0.0,0.0,0.0,0.0,19154.0,2755.9,12,0.0,0.0,0.0,0.0,0.0,0.0,20.45,611.8,1349.81,1998.16,2487.0,2775.95,2842.9,2682.88,2307.92,1747.36,1050.93,317.48,0.0,0.0,0.0,0.0,0.0,0.0,20192.6,2842.9,12,0.0,0.0,0.0,0.0,0.0,0.0,49.87,619.02,1295.3,1887.27,2327.32,2576.96,2616.22,2442.07,2068.28,1526.2,869.97,216.44,0.0,0.0,0.0,0.0,0.0,0.0,18494.9,2616.2,12,0.0,0.0,0.0,0.0,0.0,0.0,56.31,602.6,1244.2,1806.65,2225.95,2465.4,2505.81,2344.01,1992.83,1481.65,861.02,236.04,0.0,0.0,0.0,0.0,0.0,0.0,17822.5,2505.8,12,0.0,0.0,0.0,0.0,0.0,0.0,50.64,629.27,1293.74,1874.17,2311.66,2570.77,2631.86,2490.39,2156.91,1657.11,1033.89,366.15,0.0,0.0,0.0,0.0,0.0,0.0,19066.6,2631.9,12,0.0,0.0,0.0,0.0,0.0,0.0,34.34,626.05,1322.69,1932.86,2395.2,2672.67,2744.45,2605.22,2265.22,1750.3,1103.48,402.34,0.0,0.0,0.0,0.0,0.0,0.0,19854.8,2744.4,12,0.0,0.0,0.0,0.0,0.0,0.0,57.54,715.71,1447.11,2076.89,2545.01,2814.8,2866.21,2695.5,2315.16,1753.99,1059.26,321.73,0.0,0.0,0.0,0.0,0.0,0.0,20668.9,2866.2,12,0.0,0.0,0.0,0.0,0.0,0.0,107.58,814.27,1551.64,2172.09,2618.98,2857.74,2870.79,2657.17,2232.59,1629.61,901.47,171.48,0.0,0.0,0.0,0.0,0.0,0.0,20585.4,2870.8,12,0.0,0.0,0.0,0.0,0.0,0.0,113.43,803.21,1518.8,2114.8,2536.11,2749.97,2740.56,2508.58,2071.3,1462.98,741.49,74.61,0.0,0.0,0.0,0.0,0.0,0.0,19435.8,2750.0,11,0.0,0.0,0.0,0.0,0.0,0.0,45.93,657.23,1354.18,1945.55,2372.04,2599.66,2611.36,2406.32,1999.84,1424.01,734.15,87.53,0.0,0.0,0.0,0.0,0.0,0.0,18237.8,2611.4,12
Sweden,62.0,18.0,1,0.0,0.0,0.0,0.0,0.0,0.0,0.0,0.0,0.0,0.0,332.41,800.06,931.74,695.21,179.27,0.0,0.0,0.0,0.0,0.0,0.0,0.0,0.0,0.0,2938.7,931.7,12,0.0,0.0,0.0,0.0,0.0,0.0,77.12,656.82,1350.63,1979.43,2464.51,2759.91,2840.5,2699.7,2349.24,1819.7,1164.09,476.38,19.89,0.0,0.0,0.0,0.0,0.0,20657.9,2840.5,12,0.0,0.0,0.0,17.12,79.28,141.67,279.46,823.0,1390.66,1902.87,2301.41,2545.98,2613.35,2497.28,2208.53,1774.86,1241.2,671.06,181.73,125.47,60.91,6.47,0.0,0.0,20862.3,2613.3,12,0.0,0.0,0.0,0.0,0.0,0.0,1.28,363.62,1035.97,1646.25,2098.04,2348.12,2375.79,2178.73,1772.73,1194.17,518.6,20.66,0.0,0.0,0.0,0.0,0.0,0.0,15554.0,2375.8,12,0.0,0.0,0.0,0.0,0.0,0.0,0.0,0.0,0.0,0.0,332.41,800.06,931.74,695.21,179.27,0.0,0.0,0.0,0.0,0.0,0.0,0.0,0.0,0.0,2938.7,931.7,12,0.0,0.0,0.0,0.0,0.0,0.0,0.0,0.0,0.0,488.09,1260.39,1717.48,1872.2,1734.44,1296.12,541.78,0.0,0.0,0.0,0.0,0.0,0.0,0.0,0.0,8910.5,1872.2,12,0.0,0.0,0.0,0.0,0.0,0.0,0.0,67.76,841.52,1599.83,2170.7,2526.31,2648.07,2529.32,2176.84,1609.59,856.43,78.71,0.0,0.0,0.0,0.0,0.0,0.0,17105.1,2648.1,12,0.0,0.0,0.0,0.0,0.0,0.0,77.12,656.82,1350.63,1979.43,2464.51,2759.91,2840.5,2699.7,2349.24,1819.7,1164.09,476.38,19.89,0.0,0.0,0.0,0.0,0.0,20657.9,2840.5,12,0.0,0.0,0.0,0.0,8.78,70.57,258.3,860.05,1489.49,2048.32,2472.99,2722.13,2773.22,2621.77,2281.34,1783.73,1180.59,549.84,101.26,39.96,0.0,0.0,0.0,0.0,21262.3,2773.2,12,0.0,0.0,0.0,13.77,74.39,134.92,320.29,886.78,1467.21,1982.52,2375.74,2608.07,2657.92,2520.76,2209.18,1752.86,1198.88,613.73,164.02,108.28,44.8,1.38,0.0,0.0,21135.5,2657.9,12,0.0,0.0,0.0,17.12,79.28,141.67,279.46,823.0,1390.66,1902.87,2301.41,2545.98,2613.35,2497.28,2208.53,1774.86,1241.2,671.06,181.73,125.47,60.91,6.47,0.0,0.0,20862.3,2613.3,12,0.0,0.0,0.0,0.0,20.81,94.36,213.16,745.25,1328.01,1863.18,2284.12,2546.28,2624.09,2510.17,2215.25,1768.33,1217.82,635.49,146.73,79.0,9.13,0.0,0.0,0.0,20301.2,2624.1,12,0.0,0.0,0.0,0.0,0.0,6.24,136.22,634.09,1237.04,1796.3,2230.59,2491.28,2552.4,2408.07,2072.09,1578.99,988.7,403.67,47.76,0.0,0.0,0.0,0.0,0.0,18583.4,2552.4,12,0.0,0.0,0.0,0.0,0.0,0.0,1.28,363.62,1035.97,1646.25,2098.04,2348.12,2375.79,2178.73,1772.73,1194.17,518.6,20.66,0.0,0.0,0.0,0.0,0.0,0.0,15554.0,2375.8,12,0.0,0.0,0.0,0.0,0.0,0.0,0.0,0.0,432.48,1259.28,1807.43,2080.95,2086.82,1824.87,1287.87,467.28,0.0,0.0,0.0,0.0,0.0,0.0,0.0,0.0,11247.0,2086.8,12,0.0,0.0,0.0,0.0,0.0,0.0,0.0,0.0,0.0,200.45,949.98,1373.16,1415.93,1084.66,372.95,0.0,0.0,0.0,0.0,0.0,0.0,0.0,0.0,0.0,5397.1,1415.9,12
Switzerland,47.0,8.2,1,0.0,0.0,0.0,0.0,0.0,0.0,0.0,0.0,0.0,686.89,1534.15,2058.29,2316.85,2319.19,2065.39,1546.51,706.69,0.0,0.0,0.0,0.0,0.0,0.0,0.0,13234.0,2319.2,13,0.0,0.0,0.0,0.0,0.0,0.0,0.0,242.39,945.62,1663.21,2269.79,2705.37,2933.84,2937.39,2715.77,2286.36,1684.79,970.18,263.57,0.0,0.0,0.0,0.0,0.0,21618.3,2937.4,13,0.0,0.0,0.0,0.0,0.0,10.28,132.28,407.48,959.86,1526.95,2019.07,2378.56,2569.17,2572.93,2389.5,2036.08,1548.19,982.49,427.09,136.53,13.03,0.0,0.0,0.0,20109.5,2572.9,13,0.0,0.0,0.0,0.0,0.0,0.0,0.0,93.34,723.62,1411.84,1981.39,2370.73,2546.84,2495.78,2221.46,1745.84,1112.02,408.48,0.74,0.0,0.0,0.0,0.0,0.0,17112.1,2546.8,12,0.0,0.0,0.0,0.0,0.0,0.0,0.0,0.0,0.0,686.89,1534.15,2058.29,2316.85,2319.19,2065.39,1546.51,706.69,0.0,0.0,0.0,0.0,0.0,0.0,0.0,13234.0,2319.2,13,0.0,0.0,0.0,0.0,0.0,0.0,0.0,0.0,21.04,858.99,1631.59,2161.05,2451.22,2495.79,2293.43,1849.74,1167.71,255.07,0.0,0.0,0.0,0.0,0.0,0.0,15185.6,2495.8,13,0.0,0.0,0.0,0.0,0.0,0.0,0.0,0.0,539.18,1355.16,2031.68,2521.49,2793.97,2831.74,2632.41,2208.84,1587.98,810.08,45.08,0.0,0.0,0.0,0.0,0.0,19357.6,2831.7,13,0.0,0.0,0.0,0.0,0.0,0.0,0.0,242.39,945.62,1663.21,2269.79,2705.37,2933.84,2937.39,2715.77,2286.36,1684.79,970.18,263.57,0.0,0.0,0.0,0.0,0.0,21618.3,2937.4,13,0.0,0.0,0.0,0.0,0.0,0.0,65.16,421.69,1074.73,1719.15,2260.48,2642.7,2831.59,2811.22,2583.32,2167.36,1601.37,946.69,310.17,45.47,0.0,0.0,0.0,0.0,21481.1,2831.6,12,0.0,0.0,0.0,0.0,0.0,14.02,127.68,457.35,1047.54,1633.91,2131.33,2485.47,2662.52,2646.58,2439.09,2058.85,1542.75,949.09,370.15,111.24,3.9,0.0,0.0,0.0,20681.5,2662.5,12,0.0,0.0,0.0,0.0,0.0,10.28,132.28,407.48,959.86,1526.95,2019.07,2378.56,2569.17,2572.93,2389.5,2036.08,1548.19,982.49,427.09,136.53,13.03,0.0,0.0,0.0,20109.5,2572.9,13,0.0,0.0,0.0,0.0,0.0,0.0,75.73,339.21,894.12,1483.21,2000.49,2382.01,2588.42,2600.08,2415.88,2053.16,1548.74,963.19,396.02,91.18,0.0,0.0,0.0,0.0,19831.4,2600.1,13,0.0,0.0,0.0,0.0,0.0,0.0,3.06,258.72,848.41,1481.71,2028.88,2422.31,2622.84,2612.18,2391.21,1980.08,1420.14,782.82,209.38,0.36,0.0,0.0,0.0,0.0,19062.1,2622.8,12,0.0,0.0,0.0,0.0,0.0,0.0,0.0,93.34,723.62,1411.84,1981.39,2370.73,2546.84,2495.78,2221.46,1745.84,1112.02,408.48,0.74,0.0,0.0,0.0,0.0,0.0,17112.1,2546.8,12,0.0,0.0,0.0,0.0,0.0,0.0,0.0,0.0,422.64,1226.67,1844.13,2242.37,2406.02,2327.72,2010.95,1468.53,720.11,14.37,0.0,0.0,0.0,0.0,0.0,0.0,14683.5,2406.0,12,0.0,0.0,0.0,0.0,0.0,0.0,0.0,0.0,41.36,971.93,1705.82,2156.37,2351.48,2293.74,1982.8,1409.44,520.9,0.0,0.0,0.0,0.0,0.0,0.0,0.0,13433.8,2351.5,12
Syria,35.0,38.5,3,0.0,0.0,0.0,0.0,0.0,0.0,0.0,0.0,190.41,1084.81,1770.28,2231.79,2464.84,2462.07,2223.59,1756.88,1066.2,171.56,0.0,0.0,0.0,0.0,0.0,0.0,15422.4,2464.8,12,0.0,0.0,0.0,0.0,0.0,0.0,0.0,171.16,799.38,1482.34,2069.39,2492.55,2712.97,2712.07,2489.98,2065.52,1477.86,795.41,169.63,0.0,0.0,0.0,0.0,0.0,19438.3,2713.0,12,0.0,0.0,0.0,0.0,0.0,0.0,75.15,378.28,941.78,1524.16,2026.86,2391.51,2582.45,2582.37,2391.27,2026.45,1523.56,941.0,377.45,74.58,0.0,0.0,0.0,0.0,19836.9,2582.5,12,0.0,0.0,0.0,0.0,0.0,0.0,0.0,197.97,930.51,1644.52,2221.95,2612.36,2786.0,2730.1,2448.71,1962.65,1310.44,560.34,5.26,0.0,0.0,0.0,0.0,0.0,19410.8,2786.0,12,0.0,0.0,0.0,0.0,0.0,0.0,0.0,0.0,190.41,1084.81,1770.28,2231.79,2464.84,2462.07,2223.59,1756.88,1066.2,171.56,0.0,0.0,0.0,0.0,0.0,0.0,15422.4,2464.8,12,0.0,0.0,0.0,0.0,0.0,0.0,0.0,0.0,269.97,1129.07,1825.04,2319.48,2592.48,2630.43,2431.34,2005.48,1371.85,552.9,0.0,0.0,0.0,0.0,0.0,0.0,17128.0,2630.4,13,0.0,0.0,0.0,0.0,0.0,0.0,0.0,1.55,583.1,1366.07,2026.03,2505.6,2770.85,2803.55,2601.49,2178.58,1564.5,807.71,69.72,0.0,0.0,0.0,0.0,0.0,19278.8,2803.6,13,0.0,0.0,0.0,0.0,0.0,0.0,0.0,171.16,799.38,1482.34,2069.39,2492.55,2712.97,2712.07,2489.98,2065.52,1477.86,795.41,169.63,0.0,0.0,0.0,0.0,0.0,19438.3,2713.0,12,0.0,0.0,0.0,0.0,0.0,0.0,25.52,369.42,977.99,1600.92,2129.4,2502.85,2685.54,2661.24,2432.13,2018.87,1462.3,830.83,253.13,2.62,0.0,0.0,0.0,0.0,19952.8,2685.5,12,0.0,0.0,0.0,0.0,0.0,0.0,85.18,431.76,1030.05,1627.8,2132.58,2489.63,2665.71,2645.49,2430.72,2040.34,1511.49,904.55,324.72,51.86,0.0,0.0,0.0,0.0,20371.9,2665.7,12,0.0,0.0,0.0,0.0,0.0,0.0,75.15,378.28,941.78,1524.16,2026.86,2391.51,2582.45,2582.37,2391.27,2026.45,1523.56,941.0,377.45,74.58,0.0,0.0,0.0,0.0,19836.9,2582.5,12,0.0,0.0,0.0,0.0,0.0,0.0,20.51,308.95,873.66,1476.35,2002.57,2388.04,2594.19,2602.07,2410.94,2038.22,1520.76,920.33,345.83,31.22,0.0,0.0,0.0,0.0,19533.6,2602.1,13,0.0,0.0,0.0,0.0,0.0,0.0,0.0,261.91,895.8,1556.19,2117.33,2516.45,2717.01,2701.97,2472.54,2048.22,1468.42,800.94,189.49,0.0,0.0,0.0,0.0,0.0,19746.3,2717.0,12,0.0,0.0,0.0,0.0,0.0,0.0,0.0,197.97,930.51,1644.52,2221.95,2612.36,2786.0,2730.1,2448.71,1962.65,1310.44,560.34,5.26,0.0,0.0,0.0,0.0,0.0,19410.8,2786.0,12,0.0,0.0,0.0,0.0,0.0,0.0,0.0,26.3,787.18,1549.52,2135.06,2515.3,2669.6,2589.04,2278.3,1754.58,1043.8,207.77,0.0,0.0,0.0,0.0,0.0,0.0,17556.5,2669.6,12,0.0,0.0,0.0,0.0,0.0,0.0,0.0,0.0,451.97,1296.26,1921.44,2327.41,2504.39,2445.63,2153.51,1637.63,902.98,49.9,0.0,0.0,0.0,0.0,0.0,0.0,15691.1,2504.4,12
Taiwan,24.0,121.0,8,0.0,0.0,0.0,0.0,0.0,0.0,0.0,135.23,999.6,1720.6,2257.0,2589.02,2699.68,2582.86,2245.02,1703.34,977.52,115.92,0.0,0.0,0.0,0.0,0.0,0.0,18025.8,2699.7,12,0.0,0.0,0.0,0.0,0.0,0.0,9.19,550.96,1295.86,1970.95,2497.16,2829.76,2942.96,2828.26,2494.35,1967.18,1291.73,546.75,8.92,0.0,0.0,0.0,0.0,0.0,21234.0,2943.0,12,0.0,0.0,0.0,0.0,0.0,0.0,108.98,606.7,1219.57,1788.38,2238.41,2525.16,2623.35,2524.73,2237.57,1787.15,1218.03,605.08,107.89,0.0,0.0,0.0,0.0,0.0,19591.0,2623.3,12,0.0,0.0,0.0,0.0,0.0,0.0,11.65,616.87,1377.19,2032.26,2521.11,2805.83,2865.53,2695.89,2309.18,1734.22,1018.66,261.91,0.0,0.0,0.0,0.0,0.0,0.0,20250.3,2865.5,12,0.0,0.0,0.0,0.0,0.0,0.0,0.0,135.23,999.6,1720.6,2257.0,2589.02,2699.68,2582.86,2245.02,1703.34,977.52,115.92,0.0,0.0,0.0,0.0,0.0,0.0,18025.8,2699.7,12,0.0,0.0,0.0,0.0,0.0,0.0,0.0,137.77,986.12,1732.5,2308.43,2683.82,2836.48,2757.01,2450.31,1934.86,1239.12,399.75,0.0,0.0,0.0,0.0,0.0,0.0,19466.2,2836.5,12,0.0,0.0,0.0,0.0,0.0,0.0,0.0,315.25,1119.99,1848.3,2420.29,2794.12,2943.74,2858.83,2545.24,2024.79,1334.81,536.1,0.0,0.0,0.0,0.0,0.0,0.0,20741.5,2943.7,12,0.0,0.0,0.0,0.0,0.0,0.0,9.19,550.96,1295.86,1970.95,2497.16,2829.76,2942.96,2828.26,2494.35,1967.18,1291.73,546.75,8.92,0.0,0.0,0.0,0.0,0.0,21234.0,2943.0,12,0.0,0.0,0.0,0.0,0.0,0.0,101.92,674.47,1350.62,1961.79,2433.36,2722.12,2804.16,2672.93,2339.04,1830.67,1196.4,521.44,38.94,0.0,0.0,0.0,0.0,0.0,20647.9,2804.2,12,0.0,0.0,0.0,0.0,0.0,0.0,139.66,668.95,1291.49,1859.31,2300.67,2572.87,2652.25,2532.22,2222.84,1751.48,1165.43,545.36,82.03,0.0,0.0,0.0,0.0,0.0,19784.6,2652.3,12,0.0,0.0,0.0,0.0,0.0,0.0,108.98,606.7,1219.57,1788.38,2238.41,2525.16,2623.35,2524.73,2237.57,1787.15,1218.03,605.08,107.89,0.0,0.0,0.0,0.0,0.0,19591.0,2623.3,12,0.0,0.0,0.0,0.0,0.0,0.0,68.65,563.37,1207.84,1809.09,2286.93,2594.68,2705.72,2610.85,2317.85,1851.86,1257.68,611.78,89.34,0.0,0.0,0.0,0.0,0.0,19975.7,2705.7,12,0.0,0.0,0.0,0.0,0.0,0.0,34.35,574.26,1275.21,1912.08,2406.7,2714.17,2809.34,2684.7,2350.03,1832.86,1181.18,481.87,9.31,0.0,0.0,0.0,0.0,0.0,20266.1,2809.3,12,0.0,0.0,0.0,0.0,0.0,0.0,11.65,616.87,1377.19,2032.26,2521.11,2805.83,2865.53,2695.89,2309.18,1734.22,1018.66,261.91,0.0,0.0,0.0,0.0,0.0,0.0,20250.3,2865.5,12,0.0,0.0,0.0,0.0,0.0,0.0,0.0,578.32,1377.47,2034.83,2510.45,2774.98,2811.61,2618.01,2206.52,1602.8,843.24,56.7,0.0,0.0,0.0,0.0,0.0,0.0,19414.9,2811.6,12,0.0,0.0,0.0,0.0,0.0,0.0,0.0,349.97,1189.7,1866.13,2356.05,2637.2,2694.28,2524.02,2136.03,1550.12,787.69,13.79,0.0,0.0,0.0,0.0,0.0,0.0,18105.0,2694.3,12
Tajikistan,39.0,71.0,5,0.0,0.0,0.0,0.0,0.0,0.0,0.0,0.0,575.03,1532.24,2169.38,2583.88,2773.63,2732.05,2460.76,1967.56,1241.04,131.53,0.0,0.0,0.0,0.0,0.0,0.0,18167.1,2773.6,12,0.0,0.0,0.0,0.0,0.0,0.0,0.0,440.89,1234.17,1964.93,2556.0,2961.16,3150.84,3111.5,2845.96,2373.34,1728.72,965.48,191.99,0.0,0.0,0.0,0.0,0.0,23525.0,3150.8,12,0.0,0.0,0.0,0.0,0.0,1.03,94.17,493.57,1131.13,1739.76,2242.47,2590.92,2755.22,2721.91,2493.66,2089.37,1544.68,915.53,295.77,62.28,0.0,0.0,0.0,0.0,21171.5,2755.2,12,0.0,0.0,0.0,0.0,0.0,0.0,0.0,478.85,1290.65,2000.89,2554.23,2911.4,3047.6,2953.42,2635.35,2115.35,1430.06,628.3,0.0,0.0,0.0,0.0,0.0,0.0,22046.1,3047.6,12,0.0,0.0,0.0,0.0,0.0,0.0,0.0,0.0,575.03,1532.24,2169.38,2583.88,2773.63,2732.05,2460.76,1967.56,1241.04,131.53,0.0,0.0,0.0,0.0,0.0,0.0,18167.1,2773.6,12,0.0,0.0,0.0,0.0,0.0,0.0,0.0,0.0,709.72,1589.69,2244.85,2696.49,2927.41,2925.57,2691.08,2236.14,1578.09,695.18,0.0,0.0,0.0,0.0,0.0,0.0,20294.2,2927.4,12,0.0,0.0,0.0,0.0,0.0,0.0,0.0,127.97,1002.53,1790.98,2427.52,2873.84,3101.13,3094.42,2854.16,2396.19,1750.13,954.99,92.1,0.0,0.0,0.0,0.0,0.0,22466.0,3101.1,12,0.0,0.0,0.0,0.0,0.0,0.0,0.0,440.89,1234.17,1964.93,2556.0,2961.16,3150.84,3111.5,2845.96,2373.34,1728.72,965.48,191.99,0.0,0.0,0.0,0.0,0.0,23525.0,3150.8,12,0.0,0.0,0.0,0.0,0.0,0.0,34.9,558.89,1287.32,1954.66,2489.41,2847.56,3001.76,2940.57,2668.56,2206.25,1590.18,876.72,175.29,3.07,0.0,0.0,0.0,0.0,22635.2,3001.8,12,0.0,0.0,0.0,0.0,0.0,2.31,88.19,557.64,1216.49,1831.51,2330.47,2667.57,2814.76,2760.29,2508.5,2079.9,1511.72,861.81,229.93,42.44,0.0,0.0,0.0,0.0,21503.5,2814.8,12,0.0,0.0,0.0,0.0,0.0,1.03,94.17,493.57,1131.13,1739.76,2242.47,2590.92,2755.22,2721.91,2493.66,2089.37,1544.68,915.53,295.77,62.28,0.0,0.0,0.0,0.0,21171.5,2755.2,12,0.0,0.0,0.0,0.0,0.0,0.0,64.36,443.05,1098.05,1734.29,2263.69,2634.04,2813.35,2786.92,2556.84,2142.07,1579.22,927.1,291.13,32.24,0.0,0.0,0.0,0.0,21366.4,2813.3,12,0.0,0.0,0.0,0.0,0.0,0.0,11.81,442.79,1160.95,1842.54,2397.0,2773.85,2942.7,2890.49,2621.16,2155.77,1533.33,817.86,153.28,0.0,0.0,0.0,0.0,0.0,21743.5,2942.7,12,0.0,0.0,0.0,0.0,0.0,0.0,0.0,478.85,1290.65,2000.89,2554.23,2911.4,3047.6,2953.42,2635.35,2115.35,1430.06,628.3,0.0,0.0,0.0,0.0,0.0,0.0,22046.1,3047.6,12,0.0,0.0,0.0,0.0,0.0,0.0,0.0,288.99,1244.94,1978.96,2526.19,2866.21,2980.45,2862.2,2518.4,1967.7,1229.99,266.65,0.0,0.0,0.0,0.0,0.0,0.0,20730.7,2980.5,12,0.0,0.0,0.0,0.0,0.0,0.0,0.0,0.0,908.38,1736.55,2313.91,2674.55,2809.58,2713.39,2390.06,1849.09,1072.31,0.0,0.0,0.0,0.0,0.0,0.0,0.0,18467.8,2809.6,12
Tanzania,-6.0,35.0,2,0.0,0.0,0.0,0.0,0.0,0.0,98.63,731.3,1429.78,2036.17,2488.07,2748.08,2796.11,2628.51,2258.04,1714.15,1046.06,347.6,0.0,0.0,0.0,0.0,0.0,0.0,20322.5,2796.1,12,0.0,0.0,0.0,0.0,0.0,0.0,40.36,721.74,1481.86,2132.47,2614.77,2892.21,2944.69,2768.46,2376.19,1796.81,1077.08,306.95,0.0,0.0,0.0,0.0,0.0,0.0,21153.6,2944.7,12,0.0,0.0,0.0,0.0,0.0,0.0,9.38,599.64,1292.24,1879.87,2314.12,2563.97,2612.02,2454.93,2103.59,1582.68,931.05,225.74,0.0,0.0,0.0,0.0,0.0,0.0,18569.2,2612.0,12,0.0,0.0,0.0,0.0,0.0,0.0,182.88,923.73,1659.5,2271.34,2706.11,2930.77,2928.9,2700.65,2262.72,1648.48,911.53,173.49,0.0,0.0,0.0,0.0,0.0,0.0,21300.1,2930.8,11,0.0,0.0,0.0,0.0,0.0,0.0,98.63,731.3,1429.78,2036.17,2488.07,2748.08,2796.11,2628.51,2258.04,1714.15,1046.06,347.6,0.0,0.0,0.0,0.0,0.0,0.0,20322.5,2796.1,12,0.0,0.0,0.0,0.0,0.0,0.0,28.22,626.19,1362.08,2014.92,2514.84,2820.51,2908.53,2772.3,2421.98,1884.6,1205.97,467.91,0.59,0.0,0.0,0.0,0.0,0.0,21028.6,2908.5,12,0.0,0.0,0.0,0.0,0.0,0.0,19.1,640.52,1405.47,2078.15,2590.23,2900.8,2986.6,2841.38,2475.73,1917.26,1212.14,443.18,0.0,0.0,0.0,0.0,0.0,0.0,21510.5,2986.6,12,0.0,0.0,0.0,0.0,0.0,0.0,40.36,721.74,1481.86,2132.47,2614.77,2892.21,2944.69,2768.46,2376.19,1796.81,1077.08,306.95,0.0,0.0,0.0,0.0,0.0,0.0,21153.6,2944.7,12,0.0,0.0,0.0,0.0,0.0,0.0,57.29,742.44,1465.57,2072.76,2513.23,2754.79,2780.34,2588.1,2191.68,1619.75,917.65,184.49,0.0,0.0,0.0,0.0,0.0,0.0,19888.1,2780.3,12,0.0,0.0,0.0,0.0,0.0,0.0,30.87,660.98,1350.68,1930.01,2351.0,2583.3,2610.63,2431.11,2057.3,1515.85,848.88,153.71,0.0,0.0,0.0,0.0,0.0,0.0,18524.3,2610.6,12,0.0,0.0,0.0,0.0,0.0,0.0,9.38,599.64,1292.24,1879.87,2314.12,2563.97,2612.02,2454.93,2103.59,1582.68,931.05,225.74,0.0,0.0,0.0,0.0,0.0,0.0,18569.2,2612.0,12,0.0,0.0,0.0,0.0,0.0,0.0,12.03,640.43,1362.71,1977.87,2435.57,2702.97,2761.36,2606.67,2249.64,1715.38,1043.48,304.43,0.0,0.0,0.0,0.0,0.0,0.0,19812.5,2761.4,12,0.0,0.0,0.0,0.0,0.0,0.0,64.08,768.76,1511.76,2139.7,2599.45,2857.07,2894.17,2708.12,2312.11,1734.9,1022.06,262.58,0.0,0.0,0.0,0.0,0.0,0.0,20874.8,2894.2,12,0.0,0.0,0.0,0.0,0.0,0.0,182.88,923.73,1659.5,2271.34,2706.11,2930.77,2928.9,2700.65,2262.72,1648.48,911.53,173.49,0.0,0.0,0.0,0.0,0.0,0.0,21300.1,2930.8,11,0.0,0.0,0.0,0.0,0.0,0.0,266.85,992.45,1700.05,2283.36,2690.25,2888.95,2864.62,2619.1,2170.89,1555.67,831.83,139.02,0.0,0.0,0.0,0.0,0.0,0.0,21003.0,2889.0,11,0.0,0.0,0.0,0.0,0.0,0.0,216.96,898.49,1585.92,2162.36,2573.06,2784.9,2781.69,2563.69,2147.63,1567.16,877.93,200.79,0.0,0.0,0.0,0.0,0.0,0.0,20360.6,2784.9,11
Thailand,15.0,101.0,7,0.0,0.0,0.0,0.0,0.0,0.0,0.0,38.84,735.49,1459.12,2037.57,2430.59,2612.87,2572.62,2312.44,1849.1,1212.64,455.29,0.0,0.0,0.0,0.0,0.0,0.0,17716.6,2612.9,12,0.0,0.0,0.0,0.0,0.0,0.0,0.0,245.59,947.87,1645.87,2221.47,2618.93,2805.6,2766.95,2505.98,2043.32,1418.49,699.64,71.5,0.0,0.0,0.0,0.0,0.0,19991.2,2805.6,12,0.0,0.0,0.0,0.0,0.0,0.0,1.15,309.77,889.49,1476.18,1968.4,2311.5,2473.6,2440.66,2215.48,1817.85,1286.31,686.52,152.84,0.0,0.0,0.0,0.0,0.0,18029.7,2473.6,12,0.0,0.0,0.0,0.0,0.0,0.0,0.0,314.12,1037.45,1719.55,2260.76,2612.51,2747.07,2654.25,2341.03,1831.8,1170.51,440.32,0.26,0.0,0.0,0.0,0.0,0.0,19129.6,2747.1,12,0.0,0.0,0.0,0.0,0.0,0.0,0.0,38.84,735.49,1459.12,2037.57,2430.59,2612.87,2572.62,2312.44,1849.1,1212.64,455.29,0.0,0.0,0.0,0.0,0.0,0.0,17716.6,2612.9,12,0.0,0.0,0.0,0.0,0.0,0.0,0.0,24.41,712.87,1467.7,2087.62,2525.24,2750.71,2748.81,2519.67,2078.71,1456.03,699.59,20.12,0.0,0.0,0.0,0.0,0.0,19091.5,2750.7,12,0.0,0.0,0.0,0.0,0.0,0.0,0.0,92.07,810.12,1557.08,2177.29,2616.0,2840.17,2833.57,2596.68,2146.66,1517.61,766.22,66.31,0.0,0.0,0.0,0.0,0.0,20019.8,2840.2,12,0.0,0.0,0.0,0.0,0.0,0.0,0.0,245.59,947.87,1645.87,2221.47,2618.93,2805.6,2766.95,2505.98,2043.32,1418.49,699.64,71.5,0.0,0.0,0.0,0.0,0.0,19991.2,2805.6,12,0.0,0.0,0.0,0.0,0.0,0.0,0.54,357.81,1009.58,1645.36,2165.24,2516.27,2667.9,2607.73,2340.67,1889.29,1295.77,633.25,78.19,0.0,0.0,0.0,0.0,0.0,19207.6,2667.9,12,0.0,0.0,0.0,0.0,0.0,0.0,5.33,365.4,964.98,1555.65,2042.41,2373.2,2517.94,2464.28,2216.79,1797.18,1246.36,634.37,111.94,0.0,0.0,0.0,0.0,0.0,18295.8,2517.9,12,0.0,0.0,0.0,0.0,0.0,0.0,1.15,309.77,889.49,1476.18,1968.4,2311.5,2473.6,2440.66,2215.48,1817.85,1286.31,686.52,152.84,0.0,0.0,0.0,0.0,0.0,18029.7,2473.6,12,0.0,0.0,0.0,0.0,0.0,0.0,0.0,265.57,869.57,1488.18,2009.31,2375.39,2552.92,2526.8,2299.16,1889.56,1336.63,706.81,142.61,0.0,0.0,0.0,0.0,0.0,18462.5,2552.9,12,0.0,0.0,0.0,0.0,0.0,0.0,0.0,275.79,940.84,1601.37,2144.87,2515.88,2682.46,2631.12,2365.93,1908.74,1301.2,616.72,52.75,0.0,0.0,0.0,0.0,0.0,19037.7,2682.5,12,0.0,0.0,0.0,0.0,0.0,0.0,0.0,314.12,1037.45,1719.55,2260.76,2612.51,2747.07,2654.25,2341.03,1831.8,1170.51,440.32,0.26,0.0,0.0,0.0,0.0,0.0,19129.6,2747.1,12,0.0,0.0,0.0,0.0,0.0,0.0,0.0,295.71,1047.67,1731.22,2259.48,2591.45,2703.44,2587.62,2252.11,1720.86,1035.18,283.72,0.0,0.0,0.0,0.0,0.0,0.0,18508.4,2703.4,12,0.0,0.0,0.0,0.0,0.0,0.0,0.0,158.09,899.69,1590.88,2128.09,2473.31,2603.67,2510.6,2200.24,1693.11,1024.22,270.48,0.0,0.0,0.0,0.0,0.0,0.0,17552.4,2603.7,12
Timor-Leste,-8.9,125.6,8,0.0,0.0,0.0,0.0,0.0,0.0,133.2,753.61,1434.16,2026.73,2466.74,2716.05,2754.67,2579.59,2204.62,1661.04,1001.68,328.53,0.0,0.0,0.0,0.0,0.0,0.0,20060.6,2754.7,12,0.0,0.0,0.0,0.0,0.0,0.0,38.68,699.1,1449.98,2092.51,2566.4,2834.96,2878.46,2693.77,2294.32,1710.2,990.77,240.54,0.0,0.0,0.0,0.0,0.0,0.0,20489.7,2878.5,12,0.0,0.0,0.0,0.0,0.0,0.0,2.3,537.59,1229.47,1814.09,2242.84,2485.45,2525.21,2359.4,1999.38,1470.19,811.71,126.64,0.0,0.0,0.0,0.0,0.0,0.0,17604.3,2525.2,12,0.0,0.0,0.0,0.0,0.0,0.0,194.66,924.41,1651.21,2254.54,2680.53,2896.16,2885.46,2649.24,2205.07,1587.65,853.77,140.49,0.0,0.0,0.0,0.0,0.0,0.0,20923.2,2896.2,11,0.0,0.0,0.0,0.0,0.0,0.0,133.2,753.61,1434.16,2026.73,2466.74,2716.05,2754.67,2579.59,2204.62,1661.04,1001.68,328.53,0.0,0.0,0.0,0.0,0.0,0.0,20060.6,2754.7,12,0.0,0.0,0.0,0.0,0.0,0.0,45.74,630.07,1343.18,1980.32,2467.46,2761.93,2840.19,2696.17,2341.02,1803.59,1133.39,422.09,0.59,0.0,0.0,0.0,0.0,0.0,20465.7,2840.2,12,0.0,0.0,0.0,0.0,0.0,0.0,26.84,630.3,1377.41,2037.29,2538.34,2838.64,2914.99,2761.63,2390.12,1829.61,1129.62,384.03,0.0,0.0,0.0,0.0,0.0,0.0,20858.8,2915.0,12,0.0,0.0,0.0,0.0,0.0,0.0,38.68,699.1,1449.98,2092.51,2566.4,2834.96,2878.46,2693.77,2294.32,1710.2,990.77,240.54,0.0,0.0,0.0,0.0,0.0,0.0,20489.7,2878.5,12,0.0,0.0,0.0,0.0,0.0,0.0,45.99,719.83,1442.23,2045.24,2479.36,2713.09,2729.99,2528.89,2123.95,1544.34,836.46,119.57,0.0,0.0,0.0,0.0,0.0,0.0,19328.9,2730.0,12,0.0,0.0,0.0,0.0,0.0,0.0,17.47,627.73,1317.87,1894.86,2310.53,2535.57,2554.5,2366.01,1983.1,1432.59,757.01,81.76,0.0,0.0,0.0,0.0,0.0,0.0,17879.0,2554.5,12,0.0,0.0,0.0,0.0,0.0,0.0,2.3,537.59,1229.47,1814.09,2242.84,2485.45,2525.21,2359.4,1999.38,1470.19,811.71,126.64,0.0,0.0,0.0,0.0,0.0,0.0,17604.3,2525.2,12,0.0,0.0,0.0,0.0,0.0,0.0,5.04,594.58,1315.65,1926.71,2378.22,2637.99,2687.98,2524.72,2159.47,1617.82,940.15,210.41,0.0,0.0,0.0,0.0,0.0,0.0,18998.8,2688.0,12,0.0,0.0,0.0,0.0,0.0,0.0,59.98,753.64,1489.92,2111.66,2563.96,2813.26,2841.69,2647.22,2243.72,1660.74,945.49,200.28,0.0,0.0,0.0,0.0,0.0,0.0,20331.6,2841.7,12,0.0,0.0,0.0,0.0,0.0,0.0,194.66,924.41,1651.21,2254.54,2680.53,2896.16,2885.46,2649.24,2205.07,1587.65,853.77,140.49,0.0,0.0,0.0,0.0,0.0,0.0,20923.2,2896.2,11,0.0,0.0,0.0,0.0,0.0,0.0,295.83,1008.29,1704.39,2277.49,2674.58,2863.77,2830.61,2577.65,2124.47,1508.53,792.22,126.42,0.0,0.0,0.0,0.0,0.0,0.0,20784.3,2863.8,11,0.0,0.0,0.0,0.0,0.0,0.0,255.86,924.12,1597.99,2162.81,2562.85,2764.7,2752.52,2527.25,2106.73,1526.51,846.02,193.87,0.0,0.0,0.0,0.0,0.0,0.0,20221.2,2764.7,11
Togo,8.0,1.0,0,0.0,0.0,0.0,0.0,0.0,0.0,0.0,217.69,880.25,1518.39,2018.95,2335.02,2441.48,2330.25,2009.78,1505.54,865.11,205.06,0.0,0.0,0.0,0.0,0.0,0.0,16327.5,2441.5,12,0.0,0.0,0.0,0.0,0.0,0.0,0.18,385.04,1082.84,1737.45,2252.87,2579.79,2690.93,2577.49,2248.49,1731.46,1076.03,379.07,0.13,0.0,0.0,0.0,0.0,0.0,18741.8,2690.9,12,0.0,0.0,0.0,0.0,0.0,0.0,7.74,406.81,1011.94,1582.32,2034.33,2322.36,2421.13,2322.37,2034.32,1582.26,1011.78,406.52,7.66,0.0,0.0,0.0,0.0,0.0,17151.6,2421.1,12,0.0,0.0,0.0,0.0,0.0,0.0,7.73,508.24,1216.54,1849.04,2326.04,2604.89,2663.17,2496.33,2117.49,1558.25,874.68,196.05,0.0,0.0,0.0,0.0,0.0,0.0,18418.4,2663.2,12,0.0,0.0,0.0,0.0,0.0,0.0,0.0,217.69,880.25,1518.39,2018.95,2335.02,2441.48,2330.25,2009.78,1505.54,865.11,205.06,0.0,0.0,0.0,0.0,0.0,0.0,16327.5,2441.5,12,0.0,0.0,0.0,0.0,0.0,0.0,0.0,166.78,836.82,1511.16,2055.19,2415.6,2563.14,2486.49,2191.46,1701.36,1060.22,359.71,0.01,0.0,0.0,0.0,0.0,0.0,17347.9,2563.1,12,0.0,0.0,0.0,0.0,0.0,0.0,0.0,221.49,905.47,1584.64,2132.86,2494.83,2640.11,2557.16,2252.51,1751.22,1100.35,394.24,0.26,0.0,0.0,0.0,0.0,0.0,18035.1,2640.1,12,0.0,0.0,0.0,0.0,0.0,0.0,0.18,385.04,1082.84,1737.45,2252.87,2579.79,2690.93,2577.49,2248.49,1731.46,1076.03,379.07,0.13,0.0,0.0,0.0,0.0,0.0,18741.8,2690.9,12,0.0,0.0,0.0,0.0,0.0,0.0,12.7,476.61,1133.93,1737.67,2205.45,2492.22,2573.6,2442.98,2111.11,1606.82,981.3,333.93,0.09,0.0,0.0,0.0,0.0,0.0,18108.4,2573.6,12,0.0,0.0,0.0,0.0,0.0,0.0,15.08,431.39,1031.34,1591.55,2029.58,2300.32,2379.45,2260.2,1952.87,1485.61,908.9,319.01,0.71,0.0,0.0,0.0,0.0,0.0,16706.0,2379.4,12,0.0,0.0,0.0,0.0,0.0,0.0,7.74,406.81,1011.94,1582.32,2034.33,2322.36,2421.13,2322.37,2034.32,1582.26,1011.78,406.52,7.66,0.0,0.0,0.0,0.0,0.0,17151.6,2421.1,12,0.0,0.0,0.0,0.0,0.0,0.0,3.86,437.09,1097.3,1711.08,2196.28,2507.82,2620.05,2524.1,2227.49,1754.46,1148.24,486.3,11.6,0.0,0.0,0.0,0.0,0.0,18725.7,2620.0,12,0.0,0.0,0.0,0.0,0.0,0.0,3.66,466.56,1162.1,1798.48,2292.71,2599.7,2694.46,2569.59,2234.83,1717.63,1066.45,374.55,0.05,0.0,0.0,0.0,0.0,0.0,18980.7,2694.5,12,0.0,0.0,0.0,0.0,0.0,0.0,7.73,508.24,1216.54,1849.04,2326.04,2604.89,2663.17,2496.33,2117.49,1558.25,874.68,196.05,0.0,0.0,0.0,0.0,0.0,0.0,18418.4,2663.2,12,0.0,0.0,0.0,0.0,0.0,0.0,6.57,501.92,1203.35,1819.71,2275.43,2531.07,2566.59,2379.28,1983.67,1412.51,725.31,91.27,0.0,0.0,0.0,0.0,0.0,0.0,17496.7,2566.6,12,0.0,0.0,0.0,0.0,0.0,0.0,0.09,365.38,1042.05,1653.84,2114.45,2382.88,2438.02,2275.7,1908.4,1366.28,705.6,91.22,0.0,0.0,0.0,0.0,0.0,0.0,16343.9,2438.0,12
Trinidad and Tobago,10.5,-61.3,-4,0.0,0.0,0.0,0.0,0.0,0.0,0.0,217.63,973.24,1664.04,2205.74,2559.76,2702.06,2623.03,2328.0,1836.92,1183.89,427.87,0.0,0.0,0.0,0.0,0.0,0.0,18722.2,2702.1,12,0.0,0.0,0.0,0.0,0.0,0.0,0.0,357.38,1081.3,1765.5,2313.23,2674.71,2821.03,2741.02,2440.78,1943.94,1293.36,564.85,14.04,0.0,0.0,0.0,0.0,0.0,20011.1,2821.0,12,0.0,0.0,0.0,0.0,0.0,0.0,6.08,414.76,1046.8,1645.67,2127.94,2447.65,2578.05,2508.75,2245.23,1809.06,1239.57,604.11,70.85,0.0,0.0,0.0,0.0,0.0,18744.5,2578.1,12,0.0,0.0,0.0,0.0,0.0,0.0,0.84,499.18,1247.34,1915.13,2427.45,2742.33,2836.0,2701.55,2348.91,1804.89,1115.35,368.31,0.0,0.0,0.0,0.0,0.0,0.0,20007.3,2836.0,12,0.0,0.0,0.0,0.0,0.0,0.0,0.0,217.63,973.24,1664.04,2205.74,2559.76,2702.06,2623.03,2328.0,1836.92,1183.89,427.87,0.0,0.0,0.0,0.0,0.0,0.0,18722.2,2702.1,12,0.0,0.0,0.0,0.0,0.0,0.0,0.0,157.49,916.08,1642.8,2228.13,2627.11,2811.6,2768.77,2501.59,2028.61,1383.76,622.24,5.86,0.0,0.0,0.0,0.0,0.0,19694.0,2811.6,12,0.0,0.0,0.0,0.0,0.0,0.0,0.0,230.22,990.89,1719.51,2309.02,2710.12,2892.84,2843.96,2566.98,2082.14,1426.77,663.35,21.04,0.0,0.0,0.0,0.0,0.0,20456.8,2892.8,12,0.0,0.0,0.0,0.0,0.0,0.0,0.0,357.38,1081.3,1765.5,2313.23,2674.71,2821.03,2741.02,2440.78,1943.94,1293.36,564.85,14.04,0.0,0.0,0.0,0.0,0.0,20011.1,2821.0,12,0.0,0.0,0.0,0.0,0.0,0.0,6.13,465.89,1146.27,1777.26,2275.55,2595.13,2709.76,2610.49,2305.12,1818.66,1195.51,514.57,15.92,0.0,0.0,0.0,0.0,0.0,19436.3,2709.8,12,0.0,0.0,0.0,0.0,0.0,0.0,16.83,476.52,1119.35,1716.47,2189.54,2494.48,2606.03,2515.36,2229.68,1772.5,1185.68,542.05,38.38,0.0,0.0,0.0,0.0,0.0,18902.9,2606.0,12,0.0,0.0,0.0,0.0,0.0,0.0,6.08,414.76,1046.8,1645.67,2127.94,2447.65,2578.05,2508.75,2245.23,1809.06,1239.57,604.11,70.85,0.0,0.0,0.0,0.0,0.0,18744.5,2578.1,12,0.0,0.0,0.0,0.0,0.0,0.0,0.57,385.6,1048.5,1679.38,2189.28,2530.27,2674.29,2610.01,2342.41,1892.94,1301.0,633.98,67.15,0.0,0.0,0.0,0.0,0.0,19355.4,2674.3,12,0.0,0.0,0.0,0.0,0.0,0.0,0.24,422.55,1134.04,1794.82,2318.41,2658.1,2786.81,2694.71,2388.77,1893.07,1250.52,536.94,10.58,0.0,0.0,0.0,0.0,0.0,19889.6,2786.8,12,0.0,0.0,0.0,0.0,0.0,0.0,0.84,499.18,1247.34,1915.13,2427.45,2742.33,2836.0,2701.55,2348.91,1804.89,1115.35,368.31,0.0,0.0,0.0,0.0,0.0,0.0,20007.3,2836.0,12,0.0,0.0,0.0,0.0,0.0,0.0,0.31,521.76,1280.94,1938.97,2432.72,2725.41,2796.28,2640.36,2268.64,1707.8,1001.68,243.67,0.0,0.0,0.0,0.0,0.0,0.0,19558.5,2796.3,12,0.0,0.0,0.0,0.0,0.0,0.0,0.0,396.22,1153.14,1813.4,2314.17,2620.15,2710.48,2579.06,2234.81,1701.28,1016.74,259.71,0.0,0.0,0.0,0.0,0.0,0.0,18799.2,2710.5,12
Tunisia,34.0,9.0,1,0.0,0.0,0.0,0.0,0.0,0.0,0.0,0.0,125.69,896.24,1558.66,2010.95,2236.39,2225.87,1979.84,1508.18,828.63,77.39,0.0,0.0,0.0,0.0,0.0,0.0,13447.8,2236.4,12,0.0,0.0,0.0,0.0,0.0,0.0,0.0,193.2,838.0,1524.35,2109.35,2527.51,2741.22,2732.72,2502.75,2070.59,1475.65,786.54,157.99,0.0,0.0,0.0,0.0,0.0,19659.9,2741.2,12,0.0,0.0,0.0,0.0,0.0,0.0,73.45,387.49,945.51,1521.71,2017.84,2375.66,2559.77,2553.3,2356.82,1988.38,1484.66,905.82,354.23,60.45,0.0,0.0,0.0,0.0,19585.1,2559.8,12,0.0,0.0,0.0,0.0,0.0,0.0,0.0,174.5,866.88,1562.19,2127.14,2507.34,2672.13,2608.87,2322.33,1834.81,1188.29,463.44,1.31,0.0,0.0,0.0,0.0,0.0,18329.3,2672.1,12,0.0,0.0,0.0,0.0,0.0,0.0,0.0,0.0,125.69,896.24,1558.66,2010.95,2236.39,2225.87,1979.84,1508.18,828.63,77.39,0.0,0.0,0.0,0.0,0.0,0.0,13447.8,2236.4,12,0.0,0.0,0.0,0.0,0.0,0.0,0.0,0.0,170.91,916.62,1585.33,2067.15,2330.88,2360.83,2155.25,1726.39,1100.91,346.93,0.0,0.0,0.0,0.0,0.0,0.0,14761.2,2360.8,13,0.0,0.0,0.0,0.0,0.0,0.0,0.0,1.52,510.04,1260.02,1904.17,2372.48,2628.26,2652.88,2444.61,2018.6,1407.59,670.87,33.3,0.0,0.0,0.0,0.0,0.0,17904.3,2652.9,13,0.0,0.0,0.0,0.0,0.0,0.0,0.0,193.2,838.0,1524.35,2109.35,2527.51,2741.22,2732.72,2502.75,2070.59,1475.65,786.54,157.99,0.0,0.0,0.0,0.0,0.0,19659.9,2741.2,12,0.0,0.0,0.0,0.0,0.0,0.0,26.63,381.69,991.99,1612.52,2136.32,2503.68,2679.52,2648.24,2412.61,1993.97,1433.94,802.44,232.46,0.75,0.0,0.0,0.0,0.0,19856.8,2679.5,12,0.0,0.0,0.0,0.0,0.0,0.0,84.91,435.96,1013.81,1596.14,2088.76,2435.77,2603.6,2577.11,2358.68,1968.32,1445.01,852.5,302.09,36.17,0.0,0.0,0.0,0.0,19798.8,2603.6,12,0.0,0.0,0.0,0.0,0.0,0.0,73.45,387.49,945.51,1521.71,2017.84,2375.66,2559.77,2553.3,2356.82,1988.38,1484.66,905.82,354.23,60.45,0.0,0.0,0.0,0.0,19585.1,2559.8,12,0.0,0.0,0.0,0.0,0.0,0.0,23.46,327.84,911.47,1523.12,2051.68,2435.22,2636.58,2637.74,2438.56,2056.78,1529.25,917.54,332.13,24.06,0.0,0.0,0.0,0.0,19845.4,2637.7,13,0.0,0.0,0.0,0.0,0.0,0.0,0.02,273.51,909.35,1566.77,2122.72,2515.32,2708.65,2686.27,2449.99,2019.99,1436.55,769.18,167.89,0.0,0.0,0.0,0.0,0.0,19626.2,2708.7,12,0.0,0.0,0.0,0.0,0.0,0.0,0.0,174.5,866.88,1562.19,2127.14,2507.34,2672.13,2608.87,2322.33,1834.81,1188.29,463.44,1.31,0.0,0.0,0.0,0.0,0.0,18329.3,2672.1,12,0.0,0.0,0.0,0.0,0.0,0.0,0.0,20.88,688.02,1424.02,1997.61,2368.71,2514.68,2426.58,2109.77,1583.46,881.43,124.6,0.0,0.0,0.0,0.0,0.0,0.0,16139.7,2514.7,12,0.0,0.0,0.0,0.0,0.0,0.0,0.0,0.0,377.87,1170.91,1782.81,2180.58,2349.84,2283.32,1983.95,1463.56,739.84,21.4,0.0,0.0,0.0,0.0,0.0,0.0,14354.1,2349.8,12
Turkey,39.0,35.0,2,0.0,0.0,0.0,0.0,0.0,0.0,0.0,0.0,1081.42,1843.16,2351.75,2633.37,2684.93,2504.56,2098.12,1454.97,495.18,0.0,0.0,0.0,0.0,0.0,0.0,0.0,17147.4,2684.9,12,0.0,0.0,0.0,0.0,0.0,0.0,97.76,709.65,1420.85,2048.79,2520.29,2793.12,2845.0,2671.84,2287.62,1725.06,1040.46,344.12,0.3,0.0,0.0,0.0,0.0,0.0,20504.9,2845.0,12,0.0,0.0,0.0,0.0,0.0,57.03,283.35,800.11,1371.54,1887.02,2280.33,2510.2,2554.63,2409.51,2088.4,1623.24,1067.42,506.82,135.96,0.74,0.0,0.0,0.0,0.0,19576.3,2554.6,12,0.0,0.0,0.0,0.0,0.0,0.0,68.51,749.61,1486.81,2103.13,2541.32,2767.66,2765.54,2535.08,2093.1,1473.47,733.79,58.71,0.0,0.0,0.0,0.0,0.0,0.0,19376.7,2767.7,11,0.0,0.0,0.0,0.0,0.0,0.0,0.0,0.0,1081.42,1843.16,2351.75,2633.37,2684.93,2504.56,2098.12,1454.97,495.18,0.0,0.0,0.0,0.0,0.0,0.0,0.0,17147.4,2684.9,12,0.0,0.0,0.0,0.0,0.0,0.0,0.0,87.33,1028.47,1789.69,2338.48,2666.55,2760.39,2615.48,2238.75,1644.63,836.37,0.0,0.0,0.0,0.0,0.0,0.0,0.0,18006.1,2760.4,12,0.0,0.0,0.0,0.0,0.0,0.0,0.0,457.35,1282.93,1987.5,2516.69,2835.88,2924.03,2775.35,2399.71,1821.9,1080.3,249.87,0.0,0.0,0.0,0.0,0.0,0.0,20331.5,2924.0,12,0.0,0.0,0.0,0.0,0.0,0.0,97.76,709.65,1420.85,2048.79,2520.29,2793.12,2845.0,2671.84,2287.62,1725.06,1040.46,344.12,0.3,0.0,0.0,0.0,0.0,0.0,20504.9,2845.0,12,0.0,0.0,0.0,0.0,0.0,11.5,271.28,863.9,1502.34,2062.56,2477.81,2707.9,2732.45,2549.38,2174.83,1644.12,1016.54,396.6,46.11,0.0,0.0,0.0,0.0,0.0,20457.3,2732.5,12,0.0,0.0,0.0,0.0,0.0,67.64,323.13,877.56,1468.14,1988.92,2377.18,2594.12,2619.81,2451.96,2105.87,1615.17,1035.31,457.15,111.31,0.0,0.0,0.0,0.0,0.0,20093.3,2619.8,12,0.0,0.0,0.0,0.0,0.0,57.03,283.35,800.11,1371.54,1887.02,2280.33,2510.2,2554.63,2409.51,2088.4,1623.24,1067.42,506.82,135.96,0.74,0.0,0.0,0.0,0.0,19576.3,2554.6,12,0.0,0.0,0.0,0.0,0.0,8.84,219.56,745.12,1346.49,1893.21,2313.02,2561.95,2616.52,2471.72,2140.79,1656.06,1072.66,483.23,92.84,0.0,0.0,0.0,0.0,0.0,19622.0,2616.5,12,0.0,0.0,0.0,0.0,0.0,0.0,158.42,746.08,1412.16,2001.18,2440.93,2689.43,2725.16,2545.04,2164.38,1617.88,965.44,322.5,2.29,0.0,0.0,0.0,0.0,0.0,19790.9,2725.2,12,0.0,0.0,0.0,0.0,0.0,0.0,68.51,749.61,1486.81,2103.13,2541.32,2767.66,2765.54,2535.08,2093.1,1473.47,733.79,58.71,0.0,0.0,0.0,0.0,0.0,0.0,19376.7,2767.7,11,0.0,0.0,0.0,0.0,0.0,0.0,0.0,567.88,1391.37,2030.44,2464.76,2674.54,2648.68,2388.56,1907.6,1226.04,368.49,0.0,0.0,0.0,0.0,0.0,0.0,0.0,17668.4,2674.5,11,0.0,0.0,0.0,0.0,0.0,0.0,0.0,235.39,1223.69,1918.95,2381.16,2613.61,2610.01,2370.48,1901.31,1198.08,202.86,0.0,0.0,0.0,0.0,0.0,0.0,0.0,16655.5,2613.6,11
Turkmenistan,40.0,59.0,4,0.0,0.0,0.0,0.0,0.0,0.0,0.0,0.0,564.69,1488.74,2107.52,2490.17,2638.09,2547.78,2221.6,1661.83,827.63,0.0,0.0,0.0,0.0,0.0,0.0,0.0,16548.1,2638.1,12,0.0,0.0,0.0,0.0,0.0,0.0,6.16,442.32,1154.47,1829.45,2371.08,2727.76,2869.8,2785.95,2482.89,1985.51,1339.08,622.97,53.12,0.0,0.0,0.0,0.0,0.0,20670.6,2869.8,12,0.0,0.0,0.0,0.0,0.0,9.76,159.7,585.48,1155.8,1705.27,2154.6,2454.0,2574.23,2504.16,2250.2,1836.67,1307.43,732.29,229.53,42.58,0.0,0.0,0.0,0.0,19701.7,2574.2,12,0.0,0.0,0.0,0.0,0.0,0.0,0.0,389.12,1121.08,1786.32,2297.1,2609.46,2699.27,2559.77,2201.38,1652.0,960.97,240.62,0.0,0.0,0.0,0.0,0.0,0.0,18517.1,2699.3,12,0.0,0.0,0.0,0.0,0.0,0.0,0.0,0.0,564.69,1488.74,2107.52,2490.17,2638.09,2547.78,2221.6,1661.83,827.63,0.0,0.0,0.0,0.0,0.0,0.0,0.0,16548.1,2638.1,12,0.0,0.0,0.0,0.0,0.0,0.0,0.0,0.0,685.44,1546.98,2181.24,2599.43,2788.04,2738.4,2452.92,1943.78,1220.94,258.26,0.0,0.0,0.0,0.0,0.0,0.0,18415.4,2788.0,12,0.0,0.0,0.0,0.0,0.0,0.0,0.0,135.28,957.46,1720.87,2325.79,2732.67,2914.98,2860.75,2573.58,2072.39,1389.95,575.31,0.0,0.0,0.0,0.0,0.0,0.0,20259.0,2915.0,12,0.0,0.0,0.0,0.0,0.0,0.0,6.16,442.32,1154.47,1829.45,2371.08,2727.76,2869.8,2785.95,2482.89,1985.51,1339.08,622.97,53.12,0.0,0.0,0.0,0.0,0.0,20670.6,2869.8,12,0.0,0.0,0.0,0.0,0.0,0.0,108.26,611.27,1249.32,1849.11,2327.33,2634.43,2742.31,2641.58,2341.1,1868.36,1272.15,634.04,119.07,0.0,0.0,0.0,0.0,0.0,20398.3,2742.3,12,0.0,0.0,0.0,0.0,0.0,14.67,162.52,645.82,1236.7,1793.11,2239.14,2527.41,2630.63,2539.49,2262.24,1825.05,1273.93,682.41,180.11,22.58,0.0,0.0,0.0,0.0,20035.8,2630.6,12,0.0,0.0,0.0,0.0,0.0,9.76,159.7,585.48,1155.8,1705.27,2154.6,2454.0,2574.23,2504.16,2250.2,1836.67,1307.43,732.29,229.53,42.58,0.0,0.0,0.0,0.0,19701.7,2574.2,12,0.0,0.0,0.0,0.0,0.0,0.0,108.19,519.94,1112.33,1691.48,2168.34,2489.33,2623.2,2557.63,2298.55,1870.42,1318.35,716.42,199.28,6.81,0.0,0.0,0.0,0.0,19680.3,2623.2,12,0.0,0.0,0.0,0.0,0.0,0.0,33.34,477.0,1130.58,1756.45,2259.39,2586.59,2708.37,2614.24,2312.19,1829.22,1214.53,555.3,58.83,0.0,0.0,0.0,0.0,0.0,19536.0,2708.4,12,0.0,0.0,0.0,0.0,0.0,0.0,0.0,389.12,1121.08,1786.32,2297.1,2609.46,2699.27,2559.77,2201.38,1652.0,960.97,240.62,0.0,0.0,0.0,0.0,0.0,0.0,18517.1,2699.3,12,0.0,0.0,0.0,0.0,0.0,0.0,0.0,126.0,933.95,1647.19,2167.37,2469.89,2539.05,2371.03,1974.81,1369.96,587.01,0.0,0.0,0.0,0.0,0.0,0.0,0.0,16186.3,2539.0,12,0.0,0.0,0.0,0.0,0.0,0.0,0.0,0.0,683.58,1502.64,2067.81,2398.64,2491.23,2343.07,1957.85,1337.18,453.87,0.0,0.0,0.0,0.0,0.0,0.0,0.0,15235.9,2491.2,12
Uganda,1.0,32.0,2,0.0,0.0,0.0,0.0,0.0,0.0,2.6,539.22,1270.04,1914.65,2408.23,2712.28,2804.49,2678.22,2342.56,1822.24,1158.63,425.0,0.0,0.0,0.0,0.0,0.0,0.0,20078.2,2804.5,12,0.0,0.0,0.0,0.0,0.0,0.0,3.52,568.59,1330.95,2005.4,2522.87,2842.46,2940.49,2809.9,2460.17,1917.33,1225.13,460.58,0.0,0.0,0.0,0.0,0.0,0.0,21087.4,2940.5,12,0.0,0.0,0.0,0.0,0.0,0.0,5.28,510.41,1186.1,1785.86,2246.84,2532.1,2620.32,2505.04,2194.7,1712.58,1098.02,420.61,0.01,0.0,0.0,0.0,0.0,0.0,18817.9,2620.3,12,0.0,0.0,0.0,0.0,0.0,0.0,58.69,742.15,1492.62,2134.29,2607.64,2876.12,2920.04,2736.21,2338.03,1755.46,1037.3,281.08,0.0,0.0,0.0,0.0,0.0,0.0,20979.6,2920.0,12,0.0,0.0,0.0,0.0,0.0,0.0,2.6,539.22,1270.04,1914.65,2408.23,2712.28,2804.49,2678.22,2342.56,1822.24,1158.63,425.0,0.0,0.0,0.0,0.0,0.0,0.0,20078.2,2804.5,12,0.0,0.0,0.0,0.0,0.0,0.0,0.0,444.12,1206.17,1894.88,2435.62,2785.69,2919.38,2827.03,2515.26,2006.78,1340.87,582.58,4.29,0.0,0.0,0.0,0.0,0.0,20962.7,2919.4,12,0.0,0.0,0.0,0.0,0.0,0.0,0.0,466.29,1244.11,1946.64,2497.05,2851.46,2983.66,2884.08,2559.88,2034.9,1350.27,575.01,2.77,0.0,0.0,0.0,0.0,0.0,21396.1,2983.7,12,0.0,0.0,0.0,0.0,0.0,0.0,3.52,568.59,1330.95,2005.4,2522.87,2842.46,2940.49,2809.9,2460.17,1917.33,1225.13,460.58,0.0,0.0,0.0,0.0,0.0,0.0,21087.4,2940.5,12,0.0,0.0,0.0,0.0,0.0,0.0,22.7,622.6,1341.2,1967.6,2439.94,2720.98,2789.9,2641.7,2287.25,1753.26,1083.99,361.55,0.0,0.0,0.0,0.0,0.0,0.0,20032.7,2789.9,12,0.0,0.0,0.0,0.0,0.0,0.0,20.05,577.83,1256.69,1850.84,2300.25,2569.13,2637.41,2500.11,2167.33,1664.3,1033.05,351.59,0.0,0.0,0.0,0.0,0.0,0.0,18928.6,2637.4,12,0.0,0.0,0.0,0.0,0.0,0.0,5.28,510.41,1186.1,1785.86,2246.84,2532.1,2620.32,2505.04,2194.7,1712.58,1098.02,420.61,0.01,0.0,0.0,0.0,0.0,0.0,18817.9,2620.3,12,0.0,0.0,0.0,0.0,0.0,0.0,2.23,514.85,1223.08,1853.0,2339.55,2644.19,2744.37,2632.79,2317.52,1821.91,1185.44,475.84,0.32,0.0,0.0,0.0,0.0,0.0,19755.1,2744.4,12,0.0,0.0,0.0,0.0,0.0,0.0,12.61,611.78,1354.21,2004.06,2497.53,2796.03,2877.55,2736.19,2382.17,1841.82,1158.8,411.31,0.0,0.0,0.0,0.0,0.0,0.0,20684.1,2877.6,12,0.0,0.0,0.0,0.0,0.0,0.0,58.69,742.15,1492.62,2134.29,2607.64,2876.12,2920.04,2736.21,2338.03,1755.46,1037.3,281.08,0.0,0.0,0.0,0.0,0.0,0.0,20979.6,2920.0,12,0.0,0.0,0.0,0.0,0.0,0.0,100.3,805.55,1540.38,2159.6,2608.0,2851.45,2872.21,2668.79,2256.03,1665.0,945.94,207.71,0.0,0.0,0.0,0.0,0.0,0.0,20681.0,2872.2,12,0.0,0.0,0.0,0.0,0.0,0.0,53.13,706.21,1425.92,2040.43,2493.06,2749.07,2789.75,2612.19,2229.29,1669.75,980.27,256.06,0.0,0.0,0.0,0.0,0.0,0.0,20005.1,2789.7,12
Ukraine,49.0,31.5,2,0.0,0.0,0.0,0.0,0.0,0.0,0.0,0.0,133.64,1167.04,1850.94,2234.17,2352.63,2210.89,1803.25,1088.07,71.29,0.0,0.0,0.0,0.0,0.0,0.0,0.0,12911.9,2352.6,12,0.0,0.0,0.0,0.0,0.0,0.0,35.82,581.52,1297.97,1954.22,2466.91,2788.75,2893.22,2772.04,2434.93,1909.96,1246.37,532.14,23.49,0.0,0.0,0.0,0.0,0.0,20937.3,2893.2,12,0.0,0.0,0.0,0.0,0.18,87.29,202.63,712.15,1288.24,1822.56,2246.61,2515.63,2603.8,2502.97,2222.46,1789.26,1249.52,673.76,184.17,78.57,0.0,0.0,0.0,0.0,20179.8,2603.8,12,0.0,0.0,0.0,0.0,0.0,0.0,2.43,500.53,1241.52,1890.01,2372.52,2649.97,2701.61,2523.6,2128.96,1547.91,833.21,130.34,0.0,0.0,0.0,0.0,0.0,0.0,18522.6,2701.6,12,0.0,0.0,0.0,0.0,0.0,0.0,0.0,0.0,133.64,1167.04,1850.94,2234.17,2352.63,2210.89,1803.25,1088.07,71.29,0.0,0.0,0.0,0.0,0.0,0.0,0.0,12911.9,2352.6,12,0.0,0.0,0.0,0.0,0.0,0.0,0.0,0.0,464.16,1394.62,2039.58,2439.4,2594.7,2501.99,2163.67,1582.7,731.99,0.0,0.0,0.0,0.0,0.0,0.0,0.0,15912.8,2594.7,12,0.0,0.0,0.0,0.0,0.0,0.0,0.0,157.07,983.6,1733.44,2312.59,2685.81,2829.89,2735.72,2409.35,1871.41,1155.1,322.61,0.0,0.0,0.0,0.0,0.0,0.0,19196.6,2829.9,12,0.0,0.0,0.0,0.0,0.0,0.0,35.82,581.52,1297.97,1954.22,2466.91,2788.75,2893.22,2772.04,2434.93,1909.96,1246.37,532.14,23.49,0.0,0.0,0.0,0.0,0.0,20937.3,2893.2,12,0.0,0.0,0.0,0.0,0.0,23.32,176.91,775.93,1435.37,2028.19,2484.93,2762.18,2835.88,2699.87,2365.7,1863.04,1241.93,583.26,94.77,2.63,0.0,0.0,0.0,0.0,21373.9,2835.9,12,0.0,0.0,0.0,0.0,0.31,86.68,229.45,784.69,1386.84,1931.84,2354.8,2613.62,2684.61,2561.52,2255.33,1794.55,1226.75,624.84,155.54,57.43,0.0,0.0,0.0,0.0,20748.8,2684.6,12,0.0,0.0,0.0,0.0,0.18,87.29,202.63,712.15,1288.24,1822.56,2246.61,2515.63,2603.8,2502.97,2222.46,1789.26,1249.52,673.76,184.17,78.57,0.0,0.0,0.0,0.0,20179.8,2603.8,12,0.0,0.0,0.0,0.0,0.0,28.41,144.45,656.25,1263.44,1831.86,2285.47,2576.42,2677.18,2578.61,2289.58,1837.31,1269.39,661.57,146.98,28.2,0.0,0.0,0.0,0.0,20275.1,2677.2,12,0.0,0.0,0.0,0.0,0.0,0.0,88.44,611.66,1269.34,1877.16,2351.83,2645.17,2730.79,2601.25,2267.71,1760.53,1133.27,481.2,42.37,0.0,0.0,0.0,0.0,0.0,19860.7,2730.8,12,0.0,0.0,0.0,0.0,0.0,0.0,2.43,500.53,1241.52,1890.01,2372.52,2649.97,2701.61,2523.6,2128.96,1547.91,833.21,130.34,0.0,0.0,0.0,0.0,0.0,0.0,18522.6,2701.6,12,0.0,0.0,0.0,0.0,0.0,0.0,0.0,151.36,1083.37,1811.6,2313.25,2583.73,2613.81,2402.21,1956.57,1284.42,374.7,0.0,0.0,0.0,0.0,0.0,0.0,0.0,16575.0,2613.8,12,0.0,0.0,0.0,0.0,0.0,0.0,0.0,0.0,513.96,1455.82,2039.42,2351.23,2406.8,2207.09,1746.1,977.12,0.0,0.0,0.0,0.0,0.0,0.0,0.0,0.0,13697.5,2406.8,12
United Arab Emirates,24.0,54.0,4,0.0,0.0,0.0,0.0,0.0,0.0,0.0,0.0,408.17,1178.0,1801.36,2232.88,2449.5,2439.11,2202.28,1752.23,1112.98,337.02,0.0,0.0,0.0,0.0,0.0,0.0,15913.5,2449.5,12,0.0,0.0,0.0,0.0,0.0,0.0,0.0,153.6,784.05,1466.38,2049.3,2466.27,2679.47,2671.09,2441.86,2011.07,1418.33,733.38,120.81,0.0,0.0,0.0,0.0,0.0,18995.6,2679.5,12,0.0,0.0,0.0,0.0,0.0,0.0,7.83,299.78,832.28,1397.2,1887.66,2242.46,2425.21,2418.72,2223.56,1858.14,1360.26,793.26,268.83,3.22,0.0,0.0,0.0,0.0,18018.4,2425.2,12,0.0,0.0,0.0,0.0,0.0,0.0,0.0,181.99,863.42,1550.78,2111.16,2488.92,2652.87,2590.22,2305.78,1822.18,1182.3,468.31,2.42,0.0,0.0,0.0,0.0,0.0,18220.3,2652.9,12,0.0,0.0,0.0,0.0,0.0,0.0,0.0,0.0,408.17,1178.0,1801.36,2232.88,2449.5,2439.11,2202.28,1752.23,1112.98,337.02,0.0,0.0,0.0,0.0,0.0,0.0,15913.5,2449.5,12,0.0,0.0,0.0,0.0,0.0,0.0,0.0,0.0,403.35,1177.47,1830.78,2302.06,2560.58,2589.83,2387.93,1967.8,1356.54,601.81,4.01,0.0,0.0,0.0,0.0,0.0,17182.2,2589.8,13,0.0,0.0,0.0,0.0,0.0,0.0,0.0,9.3,580.37,1326.03,1965.03,2430.09,2684.28,2708.78,2501.8,2078.64,1472.23,740.57,67.58,0.0,0.0,0.0,0.0,0.0,18564.7,2708.8,13,0.0,0.0,0.0,0.0,0.0,0.0,0.0,153.6,784.05,1466.38,2049.3,2466.27,2679.47,2671.09,2441.86,2011.07,1418.33,733.38,120.81,0.0,0.0,0.0,0.0,0.0,18995.6,2679.5,12,0.0,0.0,0.0,0.0,0.0,0.0,0.98,301.92,898.09,1514.1,2035.95,2402.34,2577.79,2546.6,2311.58,1894.17,1336.59,711.18,162.36,0.0,0.0,0.0,0.0,0.0,18693.7,2577.8,12,0.0,0.0,0.0,0.0,0.0,0.0,16.54,348.14,904.4,1477.64,1965.81,2310.5,2477.33,2450.91,2233.67,1845.97,1327.93,746.69,224.29,0.24,0.0,0.0,0.0,0.0,18330.1,2477.3,12,0.0,0.0,0.0,0.0,0.0,0.0,7.83,299.78,832.28,1397.2,1887.66,2242.46,2425.21,2418.72,2223.56,1858.14,1360.26,793.26,268.83,3.22,0.0,0.0,0.0,0.0,18018.4,2425.2,12,0.0,0.0,0.0,0.0,0.0,0.0,0.09,232.85,776.19,1367.49,1884.86,2262.22,2460.79,2461.97,2265.61,1890.02,1373.65,782.17,236.73,0.12,0.0,0.0,0.0,0.0,17994.8,2462.0,13,0.0,0.0,0.0,0.0,0.0,0.0,0.0,197.8,798.47,1440.32,1988.01,2376.18,2567.69,2545.7,2312.04,1887.41,1313.56,664.33,106.54,0.0,0.0,0.0,0.0,0.0,18198.0,2567.7,12,0.0,0.0,0.0,0.0,0.0,0.0,0.0,181.99,863.42,1550.78,2111.16,2488.92,2652.87,2590.22,2305.78,1822.18,1182.3,468.31,2.42,0.0,0.0,0.0,0.0,0.0,18220.3,2652.9,12,0.0,0.0,0.0,0.0,0.0,0.0,0.0,98.28,815.8,1527.01,2086.48,2450.5,2594.07,2507.53,2196.68,1682.67,1003.23,249.57,0.0,0.0,0.0,0.0,0.0,0.0,17211.8,2594.1,12,0.0,0.0,0.0,0.0,0.0,0.0,0.0,4.18,607.56,1344.55,1922.84,2304.58,2467.98,2403.5,2114.94,1618.92,944.11,179.2,0.0,0.0,0.0,0.0,0.0,0.0,15912.4,2468.0,12
United Kingdom,54.0,-2.0,0,0.0,0.0,0.0,0.0,0.0,0.0,0.0,0.0,0.0,209.23,978.54,1486.41,1688.9,1598.17,1208.78,510.64,0.0,0.0,0.0,0.0,0.0,0.0,0.0,0.0,7680.6,1688.9,12,0.0,0.0,0.0,0.0,0.0,0.0,8.92,331.99,953.09,1585.35,2110.29,2465.8,2617.17,2550.74,2272.54,1808.85,1209.7,564.58,73.28,0.0,0.0,0.0,0.0,0.0,18552.3,2617.2,12,0.0,0.0,0.0,0.0,2.59,89.99,188.12,584.02,1132.06,1663.22,2103.59,2403.22,2531.57,2476.17,2242.34,1853.3,1350.96,798.76,290.28,131.92,25.72,0.0,0.0,0.0,19867.8,2531.6,12,0.0,0.0,0.0,0.0,0.0,0.0,0.0,157.19,756.0,1381.41,1882.18,2198.32,2300.11,2178.61,1844.28,1328.69,695.54,115.18,0.0,0.0,0.0,0.0,0.0,0.0,14837.5,2300.1,12,0.0,0.0,0.0,0.0,0.0,0.0,0.0,0.0,0.0,209.23,978.54,1486.41,1688.9,1598.17,1208.78,510.64,0.0,0.0,0.0,0.0,0.0,0.0,0.0,0.0,7680.6,1688.9,12,0.0,0.0,0.0,0.0,0.0,0.0,0.0,0.0,3.99,613.56,1347.96,1831.01,2055.3,2019.03,1722.78,1168.83,382.99,0.0,0.0,0.0,0.0,0.0,0.0,0.0,11145.5,2055.3,12,0.0,0.0,0.0,0.0,0.0,0.0,0.0,0.72,428.29,1145.97,1751.53,2169.26,2366.17,2328.17,2058.07,1575.86,923.21,217.81,0.0,0.0,0.0,0.0,0.0,0.0,14965.1,2366.2,12,0.0,0.0,0.0,0.0,0.0,0.0,8.92,331.99,953.09,1585.35,2110.29,2465.8,2617.17,2550.74,2272.54,1808.85,1209.7,564.58,73.28,0.0,0.0,0.0,0.0,0.0,18552.3,2617.2,12,0.0,0.0,0.0,0.0,0.0,16.91,126.92,581.92,1180.68,1756.15,2224.26,2532.37,2649.95,2565.97,2288.37,1844.4,1282.66,680.52,169.36,35.33,0.0,0.0,0.0,0.0,19935.8,2650.0,12,0.0,0.0,0.0,0.0,2.39,90.41,186.1,636.53,1200.17,1736.58,2173.39,2462.27,2574.35,2498.95,2243.26,1832.55,1311.12,745.89,237.32,112.23,11.42,0.0,0.0,0.0,20055.0,2574.4,12,0.0,0.0,0.0,0.0,2.59,89.99,188.12,584.02,1132.06,1663.22,2103.59,2403.22,2531.57,2476.17,2242.34,1853.3,1350.96,798.76,290.28,131.92,25.72,0.0,0.0,0.0,19867.8,2531.6,12,0.0,0.0,0.0,0.0,0.0,23.85,141.2,502.6,1051.51,1599.58,2060.34,2377.9,2518.6,2468.38,2232.16,1833.99,1318.56,756.17,257.44,77.63,0.07,0.0,0.0,0.0,19220.0,2518.6,12,0.0,0.0,0.0,0.0,0.0,0.0,42.15,388.83,957.62,1535.93,2016.8,2339.08,2468.42,2391.96,2117.13,1672.32,1110.66,523.95,88.31,0.0,0.0,0.0,0.0,0.0,17653.1,2468.4,12,0.0,0.0,0.0,0.0,0.0,0.0,0.0,157.19,756.0,1381.41,1882.18,2198.32,2300.11,2178.61,1844.28,1328.69,695.54,115.18,0.0,0.0,0.0,0.0,0.0,0.0,14837.5,2300.1,12,0.0,0.0,0.0,0.0,0.0,0.0,0.0,0.0,266.9,963.85,1518.56,1849.12,1937.12,1778.21,1379.93,767.37,99.23,0.0,0.0,0.0,0.0,0.0,0.0,0.0,10560.3,1937.1,12,0.0,0.0,0.0,0.0,0.0,0.0,0.0,0.0,0.0,390.09,1057.96,1467.3,1594.03,1439.75,1002.46,318.63,0.0,0.0,0.0,0.0,0.0,0.0,0.0,0.0,7270.2,1594.0,12
United States,38.0,-100.0,-7,0.0,0.0,0.0,0.0,0.0,0.0,0.0,5.3,776.72,1545.03,2071.79,2364.81,2418.96,2232.72,1810.64,1153.92,261.4,0.0,0.0,0.0,0.0,0.0,0.0,0.0,14641.3,2419.0,12,0.0,0.0,0.0,0.0,0.0,0.0,96.28,702.12,1409.8,2035.64,2505.78,2777.71,2829.08,2655.82,2271.99,1710.57,1028.4,335.91,0.21,0.0,0.0,0.0,0.0,0.0,20359.3,2829.1,12,0.0,0.0,0.0,0.0,0.0,51.15,278.74,802.2,1379.62,1899.32,2295.37,2526.77,2571.67,2425.97,2103.11,1634.76,1073.92,506.29,130.76,0.26,0.0,0.0,0.0,0.0,19679.9,2571.7,12,0.0,0.0,0.0,0.0,0.0,0.0,50.51,683.44,1406.0,2016.03,2450.97,2675.66,2673.07,2443.35,2003.82,1389.92,664.9,42.03,0.0,0.0,0.0,0.0,0.0,0.0,18499.7,2675.7,11,0.0,0.0,0.0,0.0,0.0,0.0,0.0,5.3,776.72,1545.03,2071.79,2364.81,2418.96,2232.72,1810.64,1153.92,261.4,0.0,0.0,0.0,0.0,0.0,0.0,0.0,14641.3,2419.0,12,0.0,0.0,0.0,0.0,0.0,0.0,0.0,51.15,886.33,1641.1,2191.08,2520.45,2614.85,2469.67,2092.0,1497.58,702.25,1.97,0.0,0.0,0.0,0.0,0.0,0.0,16668.4,2614.8,12,0.0,0.0,0.0,0.0,0.0,0.0,0.0,376.75,1172.06,1868.89,2395.04,2712.82,2800.44,2651.97,2277.57,1703.2,971.78,188.07,0.0,0.0,0.0,0.0,0.0,0.0,19118.6,2800.4,12,0.0,0.0,0.0,0.0,0.0,0.0,96.28,702.12,1409.8,2035.64,2505.78,2777.71,2829.08,2655.82,2271.99,1710.57,1028.4,335.91,0.21,0.0,0.0,0.0,0.0,0.0,20359.3,2829.1,12,0.0,0.0,0.0,0.0,0.0,9.12,268.79,858.87,1496.03,2055.44,2470.13,2699.85,2724.23,2541.19,2166.9,1636.74,1010.21,392.02,42.45,0.0,0.0,0.0,0.0,0.0,20372.0,2724.2,12,0.0,0.0,0.0,0.0,0.0,61.34,319.3,869.84,1458.72,1978.68,2366.59,2583.47,2609.33,2441.85,2096.35,1606.55,1028.19,452.75,107.29,0.0,0.0,0.0,0.0,0.0,19980.3,2609.3,12,0.0,0.0,0.0,0.0,0.0,51.15,278.74,802.2,1379.62,1899.32,2295.37,2526.77,2571.67,2425.97,2103.11,1634.76,1073.92,506.29,130.76,0.26,0.0,0.0,0.0,0.0,19679.9,2571.7,12,0.0,0.0,0.0,0.0,0.0,5.96,215.55,743.67,1348.13,1897.1,2318.31,2567.94,2622.59,2477.27,2145.19,1658.59,1072.48,480.09,87.7,0.0,0.0,0.0,0.0,0.0,19640.6,2622.6,12,0.0,0.0,0.0,0.0,0.0,0.0,146.89,718.59,1376.3,1960.72,2397.8,2644.81,2679.95,2500.15,2120.96,1577.72,931.83,303.05,1.09,0.0,0.0,0.0,0.0,0.0,19359.9,2679.9,12,0.0,0.0,0.0,0.0,0.0,0.0,50.51,683.44,1406.0,2016.03,2450.97,2675.66,2673.07,2443.35,2003.82,1389.92,664.9,42.03,0.0,0.0,0.0,0.0,0.0,0.0,18499.7,2675.7,11,0.0,0.0,0.0,0.0,0.0,0.0,0.0,505.9,1312.59,1948.7,2382.21,2591.73,2565.86,2305.99,1826.0,1148.51,317.7,0.0,0.0,0.0,0.0,0.0,0.0,0.0,16905.2,2591.7,11,0.0,0.0,0.0,0.0,0.0,0.0,0.0,130.44,1016.64,1713.84,2181.21,2416.57,2413.49,2172.05,1698.73,995.14,111.33,0.0,0.0,0.0,0.0,0.0,0.0,0.0,14849.4,2416.6,11
Uruguay,-33.0,-56.0,-4,0.0,0.0,0.0,0.0,0.0,23.09,239.06,861.9,1531.71,2125.82,2577.69,2845.79,2907.41,2757.47,2408.38,1890.45,1254.33,583.14,109.35,0.0,0.0,0.0,0.0,0.0,22115.6,2907.4,12,0.0,0.0,0.0,0.0,0.0,0.0,0.88,548.34,1319.94,1987.51,2487.19,2781.54,2849.53,2686.36,2303.53,1728.59,1006.76,235.82,0.0,0.0,0.0,0.0,0.0,0.0,19936.0,2849.5,12,0.0,0.0,0.0,0.0,0.0,0.0,0.0,32.06,811.35,1503.56,1993.43,2276.12,2342.21,2188.99,1822.48,1252.39,479.23,0.0,0.0,0.0,0.0,0.0,0.0,0.0,14701.8,2342.2,12,0.0,0.0,0.0,0.0,0.0,0.0,163.52,848.6,1570.03,2183.69,2627.82,2865.69,2878.85,2666.33,2244.63,1648.35,935.55,231.28,0.0,0.0,0.0,0.0,0.0,0.0,20864.4,2878.8,12,0.0,0.0,0.0,0.0,0.0,23.09,239.06,861.9,1531.71,2125.82,2577.69,2845.79,2907.41,2757.47,2408.38,1890.45,1254.33,583.14,109.35,0.0,0.0,0.0,0.0,0.0,22115.6,2907.4,12,0.0,0.0,0.0,0.0,0.0,0.0,122.83,715.99,1415.26,2053.12,2552.11,2865.49,2966.69,2847.43,2517.41,2004.63,1357.72,658.01,97.34,0.0,0.0,0.0,0.0,0.0,22174.0,2966.7,12,0.0,0.0,0.0,0.0,0.0,0.0,51.17,636.09,1371.46,2037.55,2554.45,2875.95,2976.01,2846.78,2498.33,1958.99,1277.92,542.47,21.35,0.0,0.0,0.0,0.0,0.0,21648.5,2976.0,12,0.0,0.0,0.0,0.0,0.0,0.0,0.88,548.34,1319.94,1987.51,2487.19,2781.54,2849.53,2686.36,2303.53,1728.59,1006.76,235.82,0.0,0.0,0.0,0.0,0.0,0.0,19936.0,2849.5,12,0.0,0.0,0.0,0.0,0.0,0.0,0.0,321.71,1115.4,1772.19,2245.5,2510.37,2551.71,2367.07,1967.11,1373.52,617.51,1.27,0.0,0.0,0.0,0.0,0.0,0.0,16843.4,2551.7,12,0.0,0.0,0.0,0.0,0.0,0.0,0.0,76.42,847.08,1515.68,1987.7,2250.85,2294.84,2117.7,1726.89,1134.82,361.56,0.0,0.0,0.0,0.0,0.0,0.0,0.0,14313.5,2294.8,12,0.0,0.0,0.0,0.0,0.0,0.0,0.0,32.06,811.35,1503.56,1993.43,2276.12,2342.21,2188.99,1822.48,1252.39,479.23,0.0,0.0,0.0,0.0,0.0,0.0,0.0,14701.8,2342.2,12,0.0,0.0,0.0,0.0,0.0,0.0,0.0,160.33,982.02,1664.61,2162.23,2456.2,2531.9,2385.28,2024.13,1465.51,727.47,8.27,0.0,0.0,0.0,0.0,0.0,0.0,16568.0,2531.9,12,0.0,0.0,0.0,0.0,0.0,0.0,0.0,505.18,1270.49,1921.51,2401.67,2677.45,2730.09,2556.02,2167.11,1590.15,868.16,120.05,0.0,0.0,0.0,0.0,0.0,0.0,18807.9,2730.1,12,0.0,0.0,0.0,0.0,0.0,0.0,163.52,848.6,1570.03,2183.69,2627.82,2865.69,2878.85,2666.33,2244.63,1648.35,935.55,231.28,0.0,0.0,0.0,0.0,0.0,0.0,20864.4,2878.8,12,0.0,0.0,0.0,0.0,0.0,13.35,362.26,1046.98,1733.25,2311.94,2724.13,2934.18,2925.05,2697.5,2270.16,1680.37,989.59,314.41,5.96,0.0,0.0,0.0,0.0,0.0,22009.1,2934.2,11,0.0,0.0,0.0,0.0,0.0,50.43,362.0,1017.78,1682.17,2250.88,2664.48,2886.23,2897.7,2697.98,2303.64,1749.42,1091.79,427.5,67.88,0.0,0.0,0.0,0.0,0.0,22149.9,2897.7,12
Uzbekistan,41.5,63.0,4,0.0,0.0,0.0,0.0,0.0,0.0,0.0,0.0,777.36,1632.14,2195.67,2519.77,2605.08,2449.91,2056.88,1419.37,450.55,0.0,0.0,0.0,0.0,0.0,0.0,0.0,16106.7,2605.1,12,0.0,0.0,0.0,0.0,0.0,0.0,46.96,572.93,1264.48,1897.71,2387.21,2685.48,2766.86,2624.68,2270.84,1736.57,1077.11,397.57,5.49,0.0,0.0,0.0,0.0,0.0,19733.9,2766.9,12,0.0,0.0,0.0,0.0,0.0,48.4,239.08,717.55,1272.44,1787.83,2192.61,2441.8,2510.47,2392.02,2097.87,1658.03,1123.58,575.03,169.25,12.88,0.0,0.0,0.0,0.0,19238.8,2510.5,12,0.0,0.0,0.0,0.0,0.0,0.0,10.07,525.29,1237.28,1860.32,2318.4,2571.67,2600.12,2401.52,1991.27,1403.62,701.21,72.26,0.0,0.0,0.0,0.0,0.0,0.0,17693.0,2600.1,12,0.0,0.0,0.0,0.0,0.0,0.0,0.0,0.0,777.36,1632.14,2195.67,2519.77,2605.08,2449.91,2056.88,1419.37,450.55,0.0,0.0,0.0,0.0,0.0,0.0,0.0,16106.7,2605.1,12,0.0,0.0,0.0,0.0,0.0,0.0,0.0,0.0,813.51,1624.73,2210.55,2572.69,2699.36,2585.12,2234.96,1660.79,863.17,11.45,0.0,0.0,0.0,0.0,0.0,0.0,17276.3,2699.4,12,0.0,0.0,0.0,0.0,0.0,0.0,0.0,237.56,1031.62,1751.02,2304.66,2653.09,2772.75,2655.64,2309.7,1758.43,1041.48,248.67,0.0,0.0,0.0,0.0,0.0,0.0,18764.6,2772.8,12,0.0,0.0,0.0,0.0,0.0,0.0,46.96,572.93,1264.48,1897.71,2387.21,2685.48,2766.86,2624.68,2270.84,1736.57,1077.11,397.57,5.49,0.0,0.0,0.0,0.0,0.0,19733.9,2766.9,12,0.0,0.0,0.0,0.0,0.0,4.63,210.41,750.72,1370.52,1932.36,2361.89,2614.36,2666.13,2512.57,2167.78,1665.54,1063.48,459.91,75.65,0.0,0.0,0.0,0.0,0.0,19855.9,2666.1,12,0.0,0.0,0.0,0.0,0.0,57.26,271.37,782.5,1354.92,1875.31,2275.35,2512.25,2563.03,2422.96,2105.33,1642.13,1086.97,525.34,145.07,3.25,0.0,0.0,0.0,0.0,19623.0,2563.0,12,0.0,0.0,0.0,0.0,0.0,48.4,239.08,717.55,1272.44,1787.83,2192.61,2441.8,2510.47,2392.02,2097.87,1658.03,1123.58,575.03,169.25,12.88,0.0,0.0,0.0,0.0,19238.8,2510.5,12,0.0,0.0,0.0,0.0,0.0,4.17,174.46,648.33,1226.5,1770.35,2200.78,2469.31,2549.1,2432.52,2130.68,1674.11,1116.04,543.74,124.77,0.07,0.0,0.0,0.0,0.0,19064.9,2549.1,12,0.0,0.0,0.0,0.0,0.0,0.0,97.69,605.8,1243.54,1830.78,2283.77,2554.73,2618.41,2469.09,2120.15,1605.18,983.58,365.51,12.41,0.0,0.0,0.0,0.0,0.0,18790.6,2618.4,12,0.0,0.0,0.0,0.0,0.0,0.0,10.07,525.29,1237.28,1860.32,2318.4,2571.67,2600.12,2401.52,1991.27,1403.62,701.21,72.26,0.0,0.0,0.0,0.0,0.0,0.0,17693.0,2600.1,12,0.0,0.0,0.0,0.0,0.0,0.0,0.0,256.24,1055.69,1721.56,2187.23,2429.33,2435.06,2204.05,1748.44,1090.78,290.61,0.0,0.0,0.0,0.0,0.0,0.0,0.0,15419.0,2435.1,12,0.0,0.0,0.0,0.0,0.0,0.0,0.0,11.36,836.47,1599.41,2109.72,2380.76,2409.4,2194.98,1740.85,1040.2,118.86,0.0,0.0,0.0,0.0,0.0,0.0,0.0,14442.0,2409.4,12
Venezuela,8.0,-66.0,-4,0.0,0.0,0.0,0.0,0.0,0.0,0.0,49.89,702.62,1410.15,1995.77,2408.2,2617.09,2607.63,2380.48,1951.75,1353.17,639.01,23.53,0.0,0.0,0.0,0.0,0.0,18139.3,2617.1,12,0.0,0.0,0.0,0.0,0.0,0.0,0.0,151.48,833.95,1544.19,2140.79,2564.34,2779.96,2771.0,2538.15,2099.5,1491.53,776.51,112.24,0.0,0.0,0.0,0.0,0.0,19803.6,2780.0,12,0.0,0.0,0.0,0.0,0.0,0.0,0.0,194.71,788.48,1405.38,1928.28,2301.63,2492.81,2486.27,2282.5,1898.14,1366.98,746.68,162.97,0.0,0.0,0.0,0.0,0.0,18054.8,2492.8,12,0.0,0.0,0.0,0.0,0.0,0.0,0.0,250.88,968.85,1664.5,2227.11,2605.26,2769.03,2706.05,2421.04,1935.94,1291.42,560.05,10.02,0.0,0.0,0.0,0.0,0.0,19410.2,2769.0,12,0.0,0.0,0.0,0.0,0.0,0.0,0.0,49.89,702.62,1410.15,1995.77,2408.2,2617.09,2607.63,2380.48,1951.75,1353.17,639.01,23.53,0.0,0.0,0.0,0.0,0.0,18139.3,2617.1,12,0.0,0.0,0.0,0.0,0.0,0.0,0.0,21.46,655.27,1398.19,2027.66,2485.86,2738.38,2767.07,2569.89,2160.88,1570.22,847.75,125.48,0.0,0.0,0.0,0.0,0.0,19368.1,2767.1,13,0.0,0.0,0.0,0.0,0.0,0.0,0.0,52.39,718.32,1464.97,2100.1,2562.03,2814.38,2838.37,2632.24,2211.23,1607.92,876.96,152.67,0.0,0.0,0.0,0.0,0.0,20031.6,2838.4,13,0.0,0.0,0.0,0.0,0.0,0.0,0.0,151.48,833.95,1544.19,2140.79,2564.34,2779.96,2771.0,2538.15,2099.5,1491.53,776.51,112.24,0.0,0.0,0.0,0.0,0.0,19803.6,2780.0,12,0.0,0.0,0.0,0.0,0.0,0.0,0.0,243.78,901.96,1560.65,2106.93,2486.35,2667.04,2634.71,2391.92,1958.17,1371.22,695.86,93.88,0.0,0.0,0.0,0.0,0.0,19112.5,2667.0,12,0.0,0.0,0.0,0.0,0.0,0.0,0.0,246.01,860.26,1479.02,1995.05,2355.33,2528.85,2501.58,2275.72,1869.76,1319.79,687.61,116.73,0.0,0.0,0.0,0.0,0.0,18235.7,2528.8,12,0.0,0.0,0.0,0.0,0.0,0.0,0.0,194.71,788.48,1405.38,1928.28,2301.63,2492.81,2486.27,2282.5,1898.14,1366.98,746.68,162.97,0.0,0.0,0.0,0.0,0.0,18054.8,2492.8,12,0.0,0.0,0.0,0.0,0.0,0.0,0.0,166.3,784.17,1433.52,1985.58,2382.3,2589.58,2590.8,2385.83,1991.04,1440.29,791.19,171.1,0.0,0.0,0.0,0.0,0.0,18711.7,2590.8,13,0.0,0.0,0.0,0.0,0.0,0.0,0.0,189.04,858.08,1541.04,2110.75,2510.27,2706.3,2683.5,2443.57,2005.43,1406.39,710.76,86.76,0.0,0.0,0.0,0.0,0.0,19251.9,2706.3,12,0.0,0.0,0.0,0.0,0.0,0.0,0.0,250.88,968.85,1664.5,2227.11,2605.26,2769.03,2706.05,2421.04,1935.94,1291.42,560.05,10.02,0.0,0.0,0.0,0.0,0.0,19410.2,2769.0,12,0.0,0.0,0.0,0.0,0.0,0.0,0.0,269.07,1001.64,1689.39,2234.28,2590.49,2731.31,2646.51,2342.28,1841.17,1183.49,444.28,0.04,0.0,0.0,0.0,0.0,0.0,18973.9,2731.3,12,0.0,0.0,0.0,0.0,0.0,0.0,0.0,162.23,864.5,1548.04,2096.12,2462.69,2620.75,2559.04,2281.96,1809.54,1178.37,456.25,0.17,0.0,0.0,0.0,0.0,0.0,18039.7,2620.8,12
Vietnam,14.0,108.0,7,0.0,0.0,0.0,0.0,0.0,0.0,0.0,347.62,1111.07,1771.05,2265.59,2561.94,2640.78,2496.94,2139.82,1592.71,892.82,142.04,0.0,0.0,0.0,0.0,0.0,0.0,17962.4,2640.8,12,0.0,0.0,0.0,0.0,0.0,0.0,14.27,556.28,1280.98,1931.08,2428.96,2731.04,2813.31,2669.49,2310.71,1766.03,1085.76,367.15,0.0,0.0,0.0,0.0,0.0,0.0,19955.1,2813.3,12,0.0,0.0,0.0,0.0,0.0,0.0,75.1,566.84,1172.6,1726.9,2156.46,2418.79,2490.79,2366.38,2056.1,1587.87,1010.51,411.6,14.41,0.0,0.0,0.0,0.0,0.0,18054.4,2490.8,12,0.0,0.0,0.0,0.0,0.0,0.0,40.28,662.19,1389.99,2015.61,2473.69,2726.75,2755.48,2557.72,2148.42,1560.17,848.75,151.4,0.0,0.0,0.0,0.0,0.0,0.0,19330.5,2755.5,12,0.0,0.0,0.0,0.0,0.0,0.0,0.0,347.62,1111.07,1771.05,2265.59,2561.94,2640.78,2496.94,2139.82,1592.71,892.82,142.04,0.0,0.0,0.0,0.0,0.0,0.0,17962.4,2640.8,12,0.0,0.0,0.0,0.0,0.0,0.0,0.0,308.16,1090.26,1787.92,2326.36,2667.29,2787.45,2678.68,2348.34,1818.93,1127.95,345.89,0.0,0.0,0.0,0.0,0.0,0.0,19287.2,2787.4,12,0.0,0.0,0.0,0.0,0.0,0.0,0.0,400.74,1170.78,1866.56,2406.78,2748.18,2865.59,2750.53,2411.32,1872.95,1178.55,408.78,0.0,0.0,0.0,0.0,0.0,0.0,20080.8,2865.6,12,0.0,0.0,0.0,0.0,0.0,0.0,14.27,556.28,1280.98,1931.08,2428.96,2731.04,2813.31,2669.49,2310.71,1766.03,1085.76,367.15,0.0,0.0,0.0,0.0,0.0,0.0,19955.1,2813.3,12,0.0,0.0,0.0,0.0,0.0,0.0,84.69,651.85,1317.53,1909.49,2356.6,2617.73,2671.09,2512.43,2154.73,1629.03,988.82,336.34,0.1,0.0,0.0,0.0,0.0,0.0,19230.4,2671.1,12,0.0,0.0,0.0,0.0,0.0,0.0,108.4,637.34,1254.74,1808.38,2229.11,2476.58,2529.4,2383.18,2050.29,1560.61,965.79,360.7,3.63,0.0,0.0,0.0,0.0,0.0,18368.2,2529.4,12,0.0,0.0,0.0,0.0,0.0,0.0,75.1,566.84,1172.6,1726.9,2156.46,2418.79,2490.79,2366.38,2056.1,1587.87,1010.51,411.6,14.41,0.0,0.0,0.0,0.0,0.0,18054.4,2490.8,12,0.0,0.0,0.0,0.0,0.0,0.0,42.26,533.95,1170.61,1756.01,2211.94,2493.89,2577.44,2455.64,2138.59,1654.09,1051.19,419.2,8.18,0.0,0.0,0.0,0.0,0.0,18513.0,2577.4,12,0.0,0.0,0.0,0.0,0.0,0.0,35.43,585.02,1276.04,1894.11,2364.02,2643.26,2708.95,2555.87,2196.19,1660.14,1000.27,320.26,0.0,0.0,0.0,0.0,0.0,0.0,19239.6,2708.9,12,0.0,0.0,0.0,0.0,0.0,0.0,40.28,662.19,1389.99,2015.61,2473.69,2726.75,2755.48,2557.72,2148.42,1560.17,848.75,151.4,0.0,0.0,0.0,0.0,0.0,0.0,19330.5,2755.5,12,0.0,0.0,0.0,0.0,0.0,0.0,24.16,669.57,1409.51,2026.97,2467.41,2698.6,2704.29,2484.08,2053.48,1443.86,707.94,39.22,0.0,0.0,0.0,0.0,0.0,0.0,18729.1,2704.3,12,0.0,0.0,0.0,0.0,0.0,0.0,0.32,525.39,1270.91,1894.94,2345.43,2591.95,2618.16,2422.32,2017.43,1430.63,706.05,31.97,0.0,0.0,0.0,0.0,0.0,0.0,17855.5,2618.2,12
Yemen,15.5,48.0,3,0.0,0.0,0.0,0.0,0.0,0.0,0.0,316.19,1084.7,1749.0,2245.95,2543.63,2623.02,2479.01,2120.84,1571.33,866.73,117.01,0.0,0.0,0.0,0.0,0.0,0.0,17717.4,2623.0,12,0.0,0.0,0.0,0.0,0.0,0.0,13.73,539.9,1255.85,1901.73,2397.37,2698.29,2780.15,2636.58,2278.9,1736.63,1061.34,353.76,0.0,0.0,0.0,0.0,0.0,0.0,19654.2,2780.1,12,0.0,0.0,0.0,0.0,0.0,0.0,79.03,557.3,1150.55,1697.27,2122.5,2382.7,2454.24,2330.92,2023.48,1560.45,991.89,406.83,17.63,0.0,0.0,0.0,0.0,0.0,17774.8,2454.2,12,0.0,0.0,0.0,0.0,0.0,0.0,38.68,657.95,1385.87,2011.62,2469.72,2722.68,2751.21,2553.16,2143.5,1554.83,843.07,147.02,0.0,0.0,0.0,0.0,0.0,0.0,19279.3,2751.2,12,0.0,0.0,0.0,0.0,0.0,0.0,0.0,316.19,1084.7,1749.0,2245.95,2543.63,2623.02,2479.01,2120.84,1571.33,866.73,117.01,0.0,0.0,0.0,0.0,0.0,0.0,17717.4,2623.0,12,0.0,0.0,0.0,0.0,0.0,0.0,0.0,238.42,995.44,1689.83,2227.8,2568.79,2689.07,2580.39,2250.18,1721.38,1033.55,273.85,0.0,0.0,0.0,0.0,0.0,0.0,18268.7,2689.1,12,0.0,0.0,0.0,0.0,0.0,0.0,0.0,355.77,1109.54,1800.48,2338.69,2679.17,2796.23,2681.3,2342.79,1806.27,1116.6,362.94,0.0,0.0,0.0,0.0,0.0,0.0,19389.8,2796.2,12,0.0,0.0,0.0,0.0,0.0,0.0,13.73,539.9,1255.85,1901.73,2397.37,2698.29,2780.15,2636.58,2278.9,1736.63,1061.34,353.76,0.0,0.0,0.0,0.0,0.0,0.0,19654.2,2780.1,12,0.0,0.0,0.0,0.0,0.0,0.0,89.56,649.2,1308.13,1896.18,2341.09,2601.11,2654.21,2496.1,2139.91,1617.08,982.0,337.96,0.27,0.0,0.0,0.0,0.0,0.0,19112.8,2654.2,12,0.0,0.0,0.0,0.0,0.0,0.0,115.4,635.94,1245.28,1794.02,2211.97,2458.12,2510.75,2365.41,2034.62,1548.74,960.25,364.61,5.97,0.0,0.0,0.0,0.0,0.0,18251.1,2510.7,12,0.0,0.0,0.0,0.0,0.0,0.0,79.03,557.3,1150.55,1697.27,2122.5,2382.7,2454.24,2330.92,2023.48,1560.45,991.89,406.83,17.63,0.0,0.0,0.0,0.0,0.0,17774.8,2454.2,12,0.0,0.0,0.0,0.0,0.0,0.0,41.92,511.62,1131.26,1706.92,2157.37,2436.55,2519.31,2398.56,2084.62,1606.16,1014.05,400.81,8.74,0.0,0.0,0.0,0.0,0.0,18017.9,2519.3,12,0.0,0.0,0.0,0.0,0.0,0.0,32.36,555.86,1232.83,1843.77,2309.86,2587.17,2652.28,2499.88,2142.41,1610.96,960.18,299.13,0.0,0.0,0.0,0.0,0.0,0.0,18726.7,2652.3,12,0.0,0.0,0.0,0.0,0.0,0.0,38.68,657.95,1385.87,2011.62,2469.72,2722.68,2751.21,2553.16,2143.5,1554.83,843.07,147.02,0.0,0.0,0.0,0.0,0.0,0.0,19279.3,2751.2,12,0.0,0.0,0.0,0.0,0.0,0.0,21.02,675.9,1422.86,2043.34,2485.21,2717.01,2722.69,2501.88,2069.87,1457.3,714.62,35.01,0.0,0.0,0.0,0.0,0.0,0.0,18866.7,2722.7,12,0.0,0.0,0.0,0.0,0.0,0.0,0.0,531.9,1290.24,1919.26,2372.1,2619.75,2646.28,2449.98,2043.52,1452.93,718.49,26.37,0.0,0.0,0.0,0.0,0.0,0.0,18070.8,2646.3,12
Zambia,-14.0,28.0,2,0.0,0.0,0.0,0.0,0.0,0.0,9.69,417.19,1060.23,1685.35,2196.11,2539.22,2683.94,2618.06,2347.05,1894.49,1304.16,651.25,102.49,0.0,0.0,0.0,0.0,0.0,19509.2,2683.9,12,0.0,0.0,0.0,0.0,0.0,0.0,0.0,221.06,923.73,1613.47,2170.85,2543.22,2700.66,2631.1,2339.82,1849.62,1202.88,479.41,2.03,0.0,0.0,0.0,0.0,0.0,18677.9,2700.7,12,0.0,0.0,0.0,0.0,0.0,0.0,0.0,168.73,919.98,1586.41,2107.22,2451.12,2596.44,2533.85,2267.36,1813.95,1201.45,467.7,0.0,0.0,0.0,0.0,0.0,0.0,18114.2,2596.4,12,0.0,0.0,0.0,0.0,0.0,0.0,1.34,442.27,1152.63,1807.93,2319.45,2640.0,2743.37,2621.49,2283.96,1758.58,1094.76,387.82,0.1,0.0,0.0,0.0,0.0,0.0,19253.7,2743.4,12,0.0,0.0,0.0,0.0,0.0,0.0,9.69,417.19,1060.23,1685.35,2196.11,2539.22,2683.94,2618.06,2347.05,1894.49,1304.16,651.25,102.49,0.0,0.0,0.0,0.0,0.0,19509.2,2683.9,12,0.0,0.0,0.0,0.0,0.0,0.0,0.0,298.31,962.36,1631.91,2191.6,2582.48,2770.04,2738.81,2491.26,2048.03,1449.51,764.78,146.86,0.0,0.0,0.0,0.0,0.0,20076.0,2770.0,12,0.0,0.0,0.0,0.0,0.0,0.0,0.0,250.48,948.12,1647.89,2227.76,2629.55,2819.35,2782.08,2520.62,2055.95,1428.71,709.32,81.16,0.0,0.0,0.0,0.0,0.0,20101.0,2819.4,12,0.0,0.0,0.0,0.0,0.0,0.0,0.0,221.06,923.73,1613.47,2170.85,2543.22,2700.66,2631.1,2339.82,1849.62,1202.88,479.41,2.03,0.0,0.0,0.0,0.0,0.0,18677.9,2700.7,12,0.0,0.0,0.0,0.0,0.0,0.0,0.0,278.77,1029.45,1707.1,2235.16,2575.12,2703.47,2611.44,2305.34,1806.28,1150.04,399.88,0.0,0.0,0.0,0.0,0.0,0.0,18802.0,2703.5,12,0.0,0.0,0.0,0.0,0.0,0.0,0.0,260.1,1019.84,1679.24,2188.48,2516.37,2642.02,2557.31,2267.74,1791.87,1159.11,410.3,0.0,0.0,0.0,0.0,0.0,0.0,18492.4,2642.0,12,0.0,0.0,0.0,0.0,0.0,0.0,0.0,168.73,919.98,1586.41,2107.22,2451.12,2596.44,2533.85,2267.36,1813.95,1201.45,467.7,0.0,0.0,0.0,0.0,0.0,0.0,18114.2,2596.4,12,0.0,0.0,0.0,0.0,0.0,0.0,0.0,179.46,930.9,1617.14,2160.11,2523.02,2681.71,2625.58,2358.36,1897.84,1274.74,535.5,0.0,0.0,0.0,0.0,0.0,0.0,18784.3,2681.7,12,0.0,0.0,0.0,0.0,0.0,0.0,0.0,277.76,1009.11,1692.34,2233.66,2588.1,2729.22,2646.76,2346.7,1851.19,1199.69,463.93,0.13,0.0,0.0,0.0,0.0,0.0,19038.6,2729.2,12,0.0,0.0,0.0,0.0,0.0,0.0,1.34,442.27,1152.63,1807.93,2319.45,2640.0,2743.37,2621.49,2283.96,1758.58,1094.76,387.82,0.1,0.0,0.0,0.0,0.0,0.0,19253.7,2743.4,12,0.0,0.0,0.0,0.0,0.0,0.0,39.13,559.65,1235.96,1854.24,2331.96,2622.67,2701.27,2561.31,2214.48,1691.51,1046.48,380.91,1.27,0.0,0.0,0.0,0.0,0.0,19240.9,2701.3,12,0.0,0.0,0.0,0.0,0.0,0.0,52.42,563.43,1222.63,1832.22,2310.52,2610.67,2706.65,2590.51,2271.93,1778.8,1160.36,503.67,29.78,0.0,0.0,0.0,0.0,0.0,19633.6,2706.7,12
Zimbabwe,-20.0,30.0,2,0.0,0.0,0.0,0.0,0.0,0.0,64.67,528.28,1152.08,1748.68,2229.09,2541.5,2656.57,2564.1,2272.25,1808.13,1220.71,593.34,95.75,0.0,0.0,0.0,0.0,0.0,19475.1,2656.6,12,0.0,0.0,0.0,0.0,0.0,0.0,0.0,297.46,1020.25,1701.42,2239.32,2585.84,2713.82,2613.58,2292.66,1775.98,1108.42,379.2,0.0,0.0,0.0,0.0,0.0,0.0,18728.0,2713.8,12,0.0,0.0,0.0,0.0,0.0,0.0,0.0,64.89,740.05,1399.12,1906.29,2229.32,2348.75,2257.26,1960.46,1476.26,834.72,132.24,0.0,0.0,0.0,0.0,0.0,0.0,15349.4,2348.7,12,0.0,0.0,0.0,0.0,0.0,0.0,15.57,526.02,1227.33,1862.21,2348.04,2639.66,2712.88,2561.87,2198.85,1654.84,984.62,299.54,0.0,0.0,0.0,0.0,0.0,0.0,19031.4,2712.9,12,0.0,0.0,0.0,0.0,0.0,0.0,64.67,528.28,1152.08,1748.68,2229.09,2541.5,2656.57,2564.1,2272.25,1808.13,1220.71,593.34,95.75,0.0,0.0,0.0,0.0,0.0,19475.1,2656.6,12,0.0,0.0,0.0,0.0,0.0,0.0,7.96,405.34,1059.29,1703.94,2235.19,2595.87,2752.97,2692.99,2420.96,1960.81,1357.67,688.97,121.53,0.0,0.0,0.0,0.0,0.0,20003.5,2753.0,12,0.0,0.0,0.0,0.0,0.0,0.0,0.01,344.84,1042.79,1723.57,2278.38,2651.42,2810.68,2743.22,2454.41,1968.24,1329.52,617.53,47.01,0.0,0.0,0.0,0.0,0.0,20011.6,2810.7,12,0.0,0.0,0.0,0.0,0.0,0.0,0.0,297.46,1020.25,1701.42,2239.32,2585.84,2713.82,2613.58,2292.66,1775.98,1108.42,379.2,0.0,0.0,0.0,0.0,0.0,0.0,18728.0,2713.8,12,0.0,0.0,0.0,0.0,0.0,0.0,0.0,234.3,959.33,1620.8,2127.73,2441.86,2541.4,2419.56,2084.67,1560.0,885.93,169.99,0.0,0.0,0.0,0.0,0.0,0.0,17045.6,2541.4,12,0.0,0.0,0.0,0.0,0.0,0.0,0.0,132.26,841.9,1492.76,1986.69,2292.48,2391.41,2277.38,1957.44,1451.16,790.85,93.53,0.0,0.0,0.0,0.0,0.0,0.0,15707.9,2391.4,12,0.0,0.0,0.0,0.0,0.0,0.0,0.0,64.89,740.05,1399.12,1906.29,2229.32,2348.75,2257.26,1960.46,1476.26,834.72,132.24,0.0,0.0,0.0,0.0,0.0,0.0,15349.4,2348.7,12,0.0,0.0,0.0,0.0,0.0,0.0,0.0,117.25,826.31,1500.19,2025.36,2364.75,2496.07,2410.7,2114.24,1626.12,979.73,250.73,0.0,0.0,0.0,0.0,0.0,0.0,16711.5,2496.1,12,0.0,0.0,0.0,0.0,0.0,0.0,0.0,303.22,1026.57,1693.3,2212.15,2539.71,2651.44,2539.18,2211.14,1691.96,1025.18,302.47,0.0,0.0,0.0,0.0,0.0,0.0,18196.3,2651.4,12,0.0,0.0,0.0,0.0,0.0,0.0,15.57,526.02,1227.33,1862.21,2348.04,2639.66,2712.88,2561.87,2198.85,1654.84,984.62,299.54,0.0,0.0,0.0,0.0,0.0,0.0,19031.4,2712.9,12,0.0,0.0,0.0,0.0,0.0,0.0,112.61,676.46,1340.03,1935.48,2386.05,2647.43,2696.53,2529.23,2160.01,1623.15,978.11,336.67,0.78,0.0,0.0,0.0,0.0,0.0,19422.5,2696.5,12,0.0,0.0,0.0,0.0,0.0,0.0,128.57,652.83,1281.22,1857.33,2302.65,2570.94,2637.39,2496.17,2159.91,1660.73,1054.46,438.82,28.26,0.0,0.0,0.0,0.0,0.0,19269.3,2637.4,12
